season,week,fbg_id,player_name,position,team,stable_player_id,actual_score,actual_record,actual_score_imputed,top_projected,match_method,override_reason,error_type,severity,resolution_notes
2023,1,AlleJo01,Josh Allen,QB,BUF,00-0034857,9.04,1,False,True,weekly_stats_name_position_team,,crosswalk_fields_disagree,Warning,crosswalk_fields_disagree
2023,1,MahoPa00,Patrick Mahomes II,QB,KC,00-0033873,19.54,1,False,True,weekly_stats_name_position_team,,crosswalk_fields_disagree,Warning,crosswalk_fields_disagree
2023,1,McCaCh00,Christian McCaffrey,RB,SF,00-0033280,25.9,1,False,True,weekly_stats_name_position_team,,crosswalk_fields_disagree,Warning,crosswalk_fields_disagree
2023,1,DiggSt00,Stefon Diggs,WR,WAS,00-0031588,26.2,1,False,True,master_name_position,,crosswalk_fields_disagree,Warning,crosswalk_fields_disagree
2023,1,FielJu00,Justin Fields,QB,KC,00-0036945,14.54,1,False,True,master_name_position,,crosswalk_fields_disagree,Warning,crosswalk_fields_disagree
2023,1,MayfBa00,Baker Mayfield,QB,TB,00-0034855,16.02,1,False,True,weekly_stats_name_position_team,,crosswalk_fields_disagree,Warning,crosswalk_fields_disagree
2023,1,EtieTr00,Travis Etienne Jr.,RB,NO,00-0036973,21.4,1,False,True,master_name_position,,crosswalk_fields_disagree,Warning,crosswalk_fields_disagree
2023,1,StevRh00,Rhamondre Stevenson,RB,NE,00-0036875,14.9,1,False,True,weekly_stats_name_position_team,,crosswalk_fields_disagree,Warning,crosswalk_fields_disagree
2023,1,JoneMa04,Mac Jones,QB,SF,00-0036972,24.14,1,False,True,master_name_position,,crosswalk_fields_disagree,Warning,crosswalk_fields_disagree
2023,1,AlleKe00,Keenan Allen,WR,IND,00-0030279,14.2,1,False,True,master_name_position,,crosswalk_fields_disagree,Warning,crosswalk_fields_disagree
2023,1,OlavCh00,Chris Olave,WR,NO,00-0037239,19.2,1,False,True,weekly_stats_name_position_team,,crosswalk_fields_disagree,Warning,crosswalk_fields_disagree
2023,1,GainKe00,Kenny Gainwell,RB,TB,00-0036919,11.4,1,False,True,master_name_position,,crosswalk_fields_disagree,Warning,crosswalk_fields_disagree
2023,1,SamuDe00,Deebo Samuel Sr.,WR,SF,00-0035719,11.3,1,False,True,weekly_stats_name_position_team,,crosswalk_fields_disagree,Warning,crosswalk_fields_disagree
2023,1,GodwCh00,Chris Godwin Jr.,WR,TB,00-0033921,10.1,1,False,True,weekly_stats_name_position_team,,crosswalk_fields_disagree,Warning,crosswalk_fields_disagree
2023,1,BrowAJ00,A.J. Brown,WR,NE,00-0035676,14.9,1,False,True,master_name_position,,crosswalk_fields_disagree,Warning,crosswalk_fields_disagree
2023,1,SmitDe04,DeVonta Smith,WR,PHI,00-0036912,17.7,1,False,True,weekly_stats_name_position_team,,crosswalk_fields_disagree,Warning,crosswalk_fields_disagree
2023,1,WilsZa00,Zach Wilson,QB,NO,00-0037013,8.2,1,False,True,master_name_position,,crosswalk_fields_disagree,Warning,crosswalk_fields_disagree
2023,1,DobbJo00,Joshua Dobbs,QB,DET,00-0033949,0.98,1,False,True,master_name_position,,crosswalk_fields_disagree,Warning,crosswalk_fields_disagree
2023,1,WalkKe01,Ken Walker III,RB,KC,00-0038134,10.7,1,False,True,manual_override,FBG uses Ken Walker and a stale KC team in the historical export,master_name_conflict,Warning,manual_override_applied;master_name_conflict
2023,1,HarrNa00,Najee Harris,RB,NYG,00-0036893,5.3,1,False,True,master_name_position,,crosswalk_fields_disagree,Warning,crosswalk_fields_disagree
2023,1,AtweTu00,Tutu Atwell,WR,LA,00-0036849,17.9,1,False,False,weekly_stats_name_position_team,,crosswalk_fields_disagree,Info,crosswalk_fields_disagree
2023,1,BrowMa05,Hollywood Brown,WR,PHI,00-0035662,8.7,1,False,True,manual_override,FBG uses Hollywood Brown and a stale PHI team in the historical export,master_name_conflict,Warning,manual_override_applied;master_name_conflict
2023,1,MoorSk00,Skyy Moore,WR,GB,00-0038090,0.4,1,False,True,master_name_position,,crosswalk_fields_disagree,Warning,crosswalk_fields_disagree
2023,1,OkonCh00,Chig Okonkwo,TE,WAS,00-0037809,0.0,1,False,True,master_name_position,,crosswalk_fields_disagree,Warning,crosswalk_fields_disagree
2023,1,KirkCh00,Christian Kirk,WR,SF,00-0034775,1.9,1,False,True,master_name_position,,crosswalk_fields_disagree,Warning,crosswalk_fields_disagree
2023,1,GrayNo00,Noah Gray,TE,KC,00-0036637,6.1,1,False,True,weekly_stats_name_position_team,,crosswalk_fields_disagree,Warning,crosswalk_fields_disagree
2023,1,BoutKa00,Kayshon Boutte,WR,HOU,00-0038608,0.0,1,False,False,master_name_position,,crosswalk_fields_disagree,Info,crosswalk_fields_disagree
2023,1,SlayDa00,Darius Slayton,WR,NYG,00-0035535,4.5,1,False,False,weekly_stats_name_position_team,,crosswalk_fields_disagree,Info,crosswalk_fields_disagree
2023,1,GibbJa00,Jahmyr Gibbs,RB,DET,00-0039139,8.0,1,False,True,weekly_stats_name_position_team,,crosswalk_fields_disagree,Warning,crosswalk_fields_disagree
2023,1,MusgLu00,Luke Musgrave,TE,GB,00-0039144,8.0,1,False,True,weekly_stats_name_position_team,,crosswalk_fields_disagree,Warning,crosswalk_fields_disagree
2023,1,MillKe00,Kendre Miller,RB,NO,00-0038551,0.0,0,True,False,weekly_roster_name_position_team,,no_actual_weekly_record;actual_score_created_from_missing_record,Info,
2023,1,HenrHu00,Hunter Henry,TE,NE,00-0033090,16.6,1,False,True,weekly_stats_name_position_team,,crosswalk_fields_disagree,Warning,crosswalk_fields_disagree
2023,1,WallDa00,Darren Waller,TE,CAR,00-0031610,6.6,1,False,True,master_name_position,,crosswalk_fields_disagree,Warning,crosswalk_fields_disagree
2023,1,DoubRo00,Romeo Doubs,WR,NE,00-0037816,18.6,1,False,False,master_name_position,,crosswalk_fields_disagree,Info,crosswalk_fields_disagree
2023,1,OttoCa00,Cade Otton,TE,TB,00-0038129,3.9,1,False,True,weekly_stats_name_position_team,,crosswalk_fields_disagree,Warning,crosswalk_fields_disagree
2023,1,PalmJo01,Joshua Palmer,WR,BUF,00-0036988,1.4,1,False,False,master_name_position,,master_name_conflict,Info,master_name_conflict
2023,1,SmitJa02,Jaxon Smith-Njigba,WR,SEA,00-0038543,4.3,1,False,True,weekly_stats_name_position_team,,crosswalk_fields_disagree,Warning,crosswalk_fields_disagree
2023,1,FantNo00,Noah Fant,TE,NO,00-0035644,0.0,0,True,True,master_name_position,,crosswalk_fields_disagree;no_actual_weekly_record;actual_score_created_from_missing_record,Warning,crosswalk_fields_disagree
2023,1,DougDe00,DeMario Douglas,WR,NE,00-0038621,8.0,1,False,False,weekly_stats_name_position_team,,crosswalk_fields_disagree,Info,crosswalk_fields_disagree
2023,1,PalmTr00,Trey Palmer,WR,NO,00-0039052,8.8,1,False,False,master_name_position,,crosswalk_fields_disagree,Info,crosswalk_fields_disagree
2023,1,HollMa00,Mack Hollins,WR,NE,00-0033555,6.1,1,False,False,master_name_position,,crosswalk_fields_disagree,Info,crosswalk_fields_disagree
2023,1,TuckSe00,Sean Tucker,RB,TB,00-0038951,4.4,1,False,True,weekly_stats_name_position_team,,crosswalk_fields_disagree,Warning,crosswalk_fields_disagree
2023,1,JohnQu01,Quentin Johnston,WR,LAC,00-0038544,2.9,1,False,False,weekly_stats_name_position_team,,crosswalk_fields_disagree,Info,crosswalk_fields_disagree
2023,1,RiceRa01,Rashee Rice,WR,KC,00-0039067,11.6,1,False,False,weekly_stats_name_position_team,,crosswalk_fields_disagree,Info,crosswalk_fields_disagree
2023,1,ParkCo00,Colby Parkinson,TE,LA,00-0036244,1.8,1,False,False,master_name_position,,crosswalk_fields_disagree,Info,crosswalk_fields_disagree
2023,1,JuszKy00,Kyle Juszczyk,RB,SF,00-0029892,0.0,0,True,False,weekly_roster_name_position_team,,no_actual_weekly_record;actual_score_created_from_missing_record,Info,gsis_id_not_in_master
2023,1,IngoAl00,Alec Ingold,RB,LAC,00-0035125,0.0,0,True,False,manual_override,Top-player gate override because the historical FBG row uses a stale LAC team while the weekly roster identifies Alec Ingold as RB 00-0035125 for MIA,no_actual_weekly_record;actual_score_created_from_missing_record,Info,manual_override_applied;gsis_id_not_in_master
2023,1,JohnBr03,Brandon Johnson,WR,PIT,,,0,False,False,unmatched,,no_unique_gsis_id;no_actual_weekly_record;actual_score_created_from_missing_record,Info,
2023,1,WashDa02,Darnell Washington,TE,PIT,00-0038558,0.0,0,True,False,weekly_roster_name_position_team,,no_actual_weekly_record;actual_score_created_from_missing_record,Info,
2023,1,MoreFo00,Foster Moreau,TE,HOU,00-0034981,0.0,0,True,False,master_name_position,,no_actual_weekly_record;actual_score_created_from_missing_record,Info,
2023,1,DallDe00,DeeJay Dallas,RB,MIN,00-0036425,2.8,1,False,False,master_name_position,,crosswalk_fields_disagree;master_team_context_differs,Info,crosswalk_fields_disagree;master_team_context_differs
2023,1,KiefKo00,Ko Kieft,TE,TB,00-0037311,0.0,1,False,False,weekly_stats_name_position_team,,crosswalk_fields_disagree,Info,crosswalk_fields_disagree
2023,1,BoboJa00,Jake Bobo,WR,SEA,00-0038752,0.0,0,True,False,weekly_roster_name_position_team,,no_actual_weekly_record;actual_score_created_from_missing_record,Info,
2023,1,HeywCo00,Connor Heyward,TE,LV,00-0037304,0.0,0,True,False,manual_override,Top-player gate override because the historical FBG row uses a stale LV team while the weekly roster identifies Connor Heyward as TE 00-0037304 for PIT,no_actual_weekly_record;actual_score_created_from_missing_record,Info,manual_override_applied;gsis_id_not_in_master
2023,1,ThomDe04,Deven Thompkins,WR,LV,00-0037487,3.0,1,False,False,master_name_position,,crosswalk_fields_disagree,Info,crosswalk_fields_disagree
2023,1,PrenAd00,Adam Prentice,RB,DEN,00-0036727,0.0,0,True,False,pfr_crosswalk_verified,,no_actual_weekly_record;actual_score_created_from_missing_record,Info,gsis_id_not_in_master
2023,1,MillSc01,Scotty Miller,WR,CHI,00-0035298,0.0,1,False,False,pfr_crosswalk_verified,,master_name_conflict,Info,master_name_conflict
2023,1,McLaJa00,Jaleel McLaughlin,RB,CLE,00-0038794,0.3,1,False,False,master_name_position,,crosswalk_fields_disagree,Info,crosswalk_fields_disagree
2023,1,FarrLu00,Luke Farrell,TE,SF,00-0036887,0.0,0,True,False,master_name_position,,no_actual_weekly_record;actual_score_created_from_missing_record,Info,
2023,1,ZaccOl00,Olamide Zaccheaus,WR,ATL,00-0035208,0.0,0,True,False,master_name_position,,no_actual_weekly_record;actual_score_created_from_missing_record,Info,
2023,1,OgleAn00,Drew Ogletree,TE,IND,00-0037292,3.0,1,False,False,pfr_crosswalk_verified,,master_name_conflict,Info,master_name_conflict
2023,1,TillCe00,Cedric Tillman,WR,NO,00-0038979,0.0,0,True,False,manual_override,Top-player gate override because the historical FBG row uses a stale NO team and the master has duplicate Cedric Tillman rows while weekly CLE records identify GSIS 00-0038979,no_actual_weekly_record;actual_score_created_from_missing_record,Info,manual_override_applied
2023,1,StraBr00,Brenton Strange,TE,JAX,00-0038935,0.0,0,True,False,weekly_roster_name_position_team,,no_actual_weekly_record;actual_score_created_from_missing_record,Info,
2023,1,WrigBr00,Brock Wright,TE,DET,00-0036754,3.7,1,False,False,weekly_stats_name_position_team,,crosswalk_fields_disagree,Info,crosswalk_fields_disagree
2023,1,SampDr00,Drew Sample,TE,CIN,00-0035631,0.0,0,True,False,weekly_roster_name_position_team,,no_actual_weekly_record;actual_score_created_from_missing_record,Info,
2023,1,BurtMi00,Michael Burton,RB,CLE,00-0031595,0.0,0,True,False,pfr_crosswalk_verified,,no_actual_weekly_record;actual_score_created_from_missing_record,Info,gsis_id_not_in_master
2023,1,RicaPa00,Patrick Ricard,RB,NYG,00-0033376,0.0,0,True,False,master_name_position,,no_actual_weekly_record;actual_score_created_from_missing_record,Info,
2023,1,BeckAn00,Andrew Beck,RB,NYJ,00-0034959,0.0,0,True,False,manual_override,FBG position and team differ from the weekly roster record,no_actual_weekly_record;actual_score_created_from_missing_record,Info,manual_override_applied;gsis_id_not_in_master
2023,1,LuepHu01,Hunter Luepke,RB,DAL,00-0038738,0.0,0,True,False,weekly_roster_name_position_team,,no_actual_weekly_record;actual_score_created_from_missing_record,Info,
2023,1,SchoLu00,Luke Schoonmaker,TE,DAL,00-0038547,0.0,0,True,False,weekly_roster_name_position_team,,no_actual_weekly_record;actual_score_created_from_missing_record,Info,
2023,1,ShakKh00,Khalil Shakir,WR,BUF,00-0037261,0.0,0,True,False,weekly_roster_name_position_team,,no_actual_weekly_record;actual_score_created_from_missing_record,Info,
2023,1,OlszGu00,Gunner Olszewski,WR,NYG,00-0035645,0.0,0,True,False,master_name_position,,no_actual_weekly_record;actual_score_created_from_missing_record,Info,
2023,1,MoorCh00,Chris Moore,WR,BAL,00-0032398,0.0,1,False,False,master_name_position,,crosswalk_fields_disagree,Info,crosswalk_fields_disagree
2023,1,ReynCr00,Craig Reynolds,RB,WAS,00-0035567,0.0,0,True,False,master_name_position,,crosswalk_fields_disagree;no_actual_weekly_record;actual_score_created_from_missing_record,Info,crosswalk_fields_disagree
2023,1,ChesJu00,Julius Chestnut,RB,TEN,00-0037594,0.0,0,True,False,weekly_roster_name_position_team,,no_actual_weekly_record;actual_score_created_from_missing_record,Info,
2023,1,StroPi00,Pierre Strong Jr,RB,GB,00-0038098,0.0,1,False,False,master_name_position,,crosswalk_fields_disagree,Info,crosswalk_fields_disagree
2023,1,SherTr00,Trent Sherfield,WR,BUF,00-0034487,0.0,0,True,False,weekly_roster_name_position_team,,no_actual_weekly_record;actual_score_created_from_missing_record,Info,
2023,1,BrooCh01,Chris Brooks,RB,GB,00-0038685,0.0,0,True,False,master_name_position,,no_actual_weekly_record;actual_score_created_from_missing_record,Info,
2023,1,RobiDe01,Demarcus Robinson,WR,SF,00-0032775,0.0,0,True,False,master_name_position,,no_actual_weekly_record;actual_score_created_from_missing_record,Info,
2023,1,GillRe00,Reggie Gilliam,RB,NE,00-0036187,0.0,0,True,False,master_name_position,,crosswalk_fields_disagree;no_actual_weekly_record;actual_score_created_from_missing_record,Info,crosswalk_fields_disagree
2023,1,DemeEm00,Emari Demercado,RB,DAL,00-0038705,0.0,0,True,False,master_name_position,,crosswalk_fields_disagree;no_actual_weekly_record;actual_score_created_from_missing_record,Info,crosswalk_fields_disagree
2023,1,RuckJe00,Jeremy Ruckert,TE,NYJ,00-0037805,0.0,0,True,False,weekly_roster_name_position_team,,no_actual_weekly_record;actual_score_created_from_missing_record,Info,
2023,1,BrowPh00,Pharaoh Brown,TE,IND,00-0033439,0.0,0,True,False,master_name_position,,crosswalk_fields_disagree;no_actual_weekly_record;actual_score_created_from_missing_record,Info,crosswalk_fields_disagree
2023,1,AdkiNa00,Nate Adkins,TE,DEN,00-0038783,0.0,0,True,False,weekly_roster_name_position_team,,no_actual_weekly_record;actual_score_created_from_missing_record,Info,
2023,1,AlleDa01,Davis Allen,TE,LA,00-0039074,0.0,0,True,False,weekly_roster_name_position_team,,crosswalk_fields_disagree;no_actual_weekly_record;actual_score_created_from_missing_record,Info,crosswalk_fields_disagree
2023,1,MundJo00,Johnny Mundt,TE,PHI,00-0033246,0.0,0,True,False,master_name_position,,no_actual_weekly_record;actual_score_created_from_missing_record,Info,
2023,1,MasoJo00,Jordan Mason,RB,MIN,00-0037525,0.0,0,True,False,master_name_position,,no_actual_weekly_record;actual_score_created_from_missing_record,Info,
2023,1,KrafTu00,Tucker Kraft,TE,GB,00-0038996,0.0,0,True,False,weekly_roster_name_position_team,,crosswalk_fields_disagree;no_actual_weekly_record;actual_score_created_from_missing_record,Info,crosswalk_fields_disagree
2023,1,WhylJo00,Josh Whyle,TE,GB,00-0038589,0.0,0,True,False,master_name_position,,no_actual_weekly_record;actual_score_created_from_missing_record,Info,
2023,1,McClRa00,Ray-Ray McCloud III,WR,CHI,00-0034407,0.0,1,False,False,master_name_position,,crosswalk_fields_disagree,Info,crosswalk_fields_disagree
2023,1,HodgKh00,KhaDarel Hodge,WR,SF,00-0034854,0.0,0,True,False,master_name_position,,crosswalk_fields_disagree;no_actual_weekly_record;actual_score_created_from_missing_record,Info,crosswalk_fields_disagree
2023,1,CalcGr00,Grant Calcaterra,TE,PHI,00-0037086,0.0,0,True,False,weekly_roster_name_position_team,,no_actual_weekly_record;actual_score_created_from_missing_record,Info,
2023,1,SmarSt00,Stone Smartt,TE,NO,00-0037475,0.0,0,True,False,master_name_position,,crosswalk_fields_disagree;no_actual_weekly_record;actual_score_created_from_missing_record,Info,crosswalk_fields_disagree
2023,1,MorrQu00,Quintin Morris,TE,JAX,00-0036590,0.0,0,True,False,master_name_position,,no_actual_weekly_record;actual_score_created_from_missing_record,Info,
2023,1,HiggEl00,Elijah Higgins,TE,ARI,00-0039041,0.0,0,True,False,weekly_roster_name_position_team,,no_actual_weekly_record;actual_score_created_from_missing_record,Info,
2023,1,TuckTr00,Tre Tucker,WR,LV,00-0038563,0.0,0,True,False,weekly_roster_name_position_team,,no_actual_weekly_record;actual_score_created_from_missing_record,Info,
2023,1,KelcTr00,Travis Kelce,TE,KC,00-0030506,0.0,0,True,False,weekly_roster_name_position_team,,crosswalk_fields_disagree;no_actual_weekly_record;actual_score_created_from_missing_record,Info,crosswalk_fields_disagree
2023,1,AlleKy00,Kyle Allen,QB,BUF,00-0034577,0.0,0,True,True,weekly_roster_name_position_team,,no_actual_weekly_record;actual_score_created_from_missing_record,Warning,
2023,1,DaltAn00,Andy Dalton,QB,PHI,00-0027973,0.0,0,True,False,master_name_position,,no_actual_weekly_record;actual_score_created_from_missing_record,Info,
2023,1,BageTy00,Tyson Bagent,QB,CHI,00-0038416,0.0,0,True,True,weekly_roster_name_position_team,,no_actual_weekly_record;actual_score_created_from_missing_record,Warning,
2023,1,MurrKy00,Kyler Murray,QB,MIN,00-0035228,0.0,0,True,False,master_name_position,,no_actual_weekly_record;actual_score_created_from_missing_record,Info,
2023,1,RushCo00,Cooper Rush,QB,ATL,00-0033662,0.0,1,False,False,master_name_position,,crosswalk_fields_disagree,Info,crosswalk_fields_disagree
2023,1,LancTr00,Trey Lance,QB,LAC,00-0037012,0.0,0,True,False,master_name_position,,no_actual_weekly_record;actual_score_created_from_missing_record,Info,
2023,1,StidJa00,Jarrett Stidham,QB,DEN,00-0035264,0.0,0,True,False,weekly_roster_name_position_team,,no_actual_weekly_record;actual_score_created_from_missing_record,Info,
2023,1,HookHe00,Hendon Hooker,QB,TEN,00-0038550,0.0,0,True,False,master_name_position,,no_actual_weekly_record;actual_score_created_from_missing_record,Info,
2023,1,MillDa00,Davis Mills,QB,HOU,00-0036898,0.0,0,True,False,weekly_roster_name_position_team,,no_actual_weekly_record;actual_score_created_from_missing_record,Info,
2023,1,KeenCa00,Case Keenum,QB,CHI,00-0028986,0.0,0,True,False,master_name_position,,no_actual_weekly_record;actual_score_created_from_missing_record,Info,
2023,1,ThomSk00,Skylar Thompson,QB,BAL,00-0037327,0.0,0,True,False,master_name_position,,no_actual_weekly_record;actual_score_created_from_missing_record,Info,
2023,1,MullNi00,Nick Mullens,QB,JAX,00-0033319,0.0,0,True,False,master_name_position,,no_actual_weekly_record;actual_score_created_from_missing_record,Info,
2023,1,WinsJa00,Jameis Winston,QB,NYG,00-0031503,0.0,0,True,False,master_name_position,,no_actual_weekly_record;actual_score_created_from_missing_record,Info,
2023,1,ZappBa00,Bailey Zappe,QB,NYJ,00-0038108,0.0,0,True,False,master_name_position,,no_actual_weekly_record;actual_score_created_from_missing_record,Info,
2023,1,TaylTy00,Tyrod Taylor,QB,GB,00-0028118,0.24,1,False,False,master_name_position,,crosswalk_fields_disagree,Info,crosswalk_fields_disagree
2023,1,DeviTo00,Tommy DeVito,QB,NE,00-0038476,0.0,0,True,False,master_name_position,,no_actual_weekly_record;actual_score_created_from_missing_record,Info,
2023,1,WillMa05,Malik Willis,QB,MIA,00-0038128,0.0,0,True,False,master_name_position,,no_actual_weekly_record;actual_score_created_from_missing_record,Info,
2023,1,MariMa01,Marcus Mariota,QB,WAS,00-0032268,0.0,0,True,False,master_name_position,,no_actual_weekly_record;actual_score_created_from_missing_record,Info,
2023,1,TrubMi00,Mitchell Trubisky,QB,TEN,00-0033869,0.0,0,True,False,master_name_position,,no_actual_weekly_record;actual_score_created_from_missing_record,Info,
2023,1,RudoMa00,Mason Rudolph,QB,PIT,00-0034771,0.0,0,True,False,weekly_roster_name_position_team,,no_actual_weekly_record;actual_score_created_from_missing_record,Info,
2023,1,OConAi01,Aidan O'Connell,QB,LV,00-0038579,0.0,0,True,False,weekly_roster_name_position_team,,no_actual_weekly_record;actual_score_created_from_missing_record,Info,
2023,1,BennSt00,Stetson Bennett IV,QB,LA,00-0039107,0.0,0,True,False,weekly_roster_name_position_team,,no_actual_weekly_record;actual_score_created_from_missing_record,Info,
2023,1,HuntTy00,Tyler Huntley,QB,BAL,00-0035993,0.0,0,True,False,weekly_roster_name_position_team,,no_actual_weekly_record;actual_score_created_from_missing_record,Info,
2023,1,SticEa00,Easton Stick,QB,TB,00-0035282,0.0,0,True,False,master_name_position,,crosswalk_fields_disagree;no_actual_weekly_record;actual_score_created_from_missing_record,Info,crosswalk_fields_disagree
2023,1,LockDr00,Drew Lock,QB,SEA,00-0035704,0.0,0,True,False,weekly_roster_name_position_team,,no_actual_weekly_record;actual_score_created_from_missing_record,Info,
2023,1,BrisJa00,Jacoby Brissett,QB,ARI,00-0033119,0.0,0,True,False,master_name_position,,no_actual_weekly_record;actual_score_created_from_missing_record,Info,
2023,1,HullEv00,Evan Hull,RB,ARI,00-0038397,1.7,1,False,True,master_name_position,,crosswalk_fields_disagree,Warning,crosswalk_fields_disagree
2023,1,NwanKe00,Kene Nwangwu,RB,NYJ,00-0036842,0.0,0,True,False,master_name_position,,no_actual_weekly_record;actual_score_created_from_missing_record,Info,
2023,1,AbanIs00,Israel Abanikanda,RB,DAL,00-0038389,0.0,0,True,False,master_name_position,,no_actual_weekly_record;actual_score_created_from_missing_record,Info,
2023,1,MitcKe01,Keaton Mitchell,RB,LAC,00-0038454,0.0,0,True,False,master_name_position,,no_actual_weekly_record;actual_score_created_from_missing_record,Info,
2023,1,BrowCh06,Chase Brown,RB,CIN,00-0038597,0.0,0,True,False,weekly_roster_name_position_team,,no_actual_weekly_record;actual_score_created_from_missing_record,Info,
2023,1,TaylJo02,Jonathan Taylor,RB,IND,00-0036223,0.0,0,True,False,weekly_roster_name_position_team,,no_actual_weekly_record;actual_score_created_from_missing_record,Info,
2023,1,DaviMa02,Malik Davis,RB,DAL,00-0037563,0.0,0,True,False,weekly_roster_name_position_team,,no_actual_weekly_record;actual_score_created_from_missing_record,Info,
2023,1,BadiTy00,Tyler Badie,RB,DEN,00-0037085,0.0,0,True,False,weekly_roster_name_position_team,,no_actual_weekly_record;actual_score_created_from_missing_record,Info,
2023,1,JeffJe00,Jermar Jefferson,RB,MIN,00-0036670,0.0,0,True,False,master_name_position,,crosswalk_fields_disagree;no_actual_weekly_record;actual_score_created_from_missing_record,Info,crosswalk_fields_disagree
2023,1,NichLe01,Lew Nichols,RB,PIT,00-0038409,0.0,0,True,False,master_name_position,,no_actual_weekly_record;actual_score_created_from_missing_record,Info,
2023,1,WilsEm00,Emanuel Wilson,RB,SEA,00-0038797,0.0,0,True,False,master_name_position,,no_actual_weekly_record;actual_score_created_from_missing_record,Info,
2023,1,OgunDa00,Dare Ogunbowale,RB,LV,00-0033854,0.0,0,True,False,master_name_position,,crosswalk_fields_disagree;no_actual_weekly_record;actual_score_created_from_missing_record,Info,crosswalk_fields_disagree
2023,1,AchaDe00,De'Von Achane,RB,MIA,00-0039040,0.0,0,True,False,weekly_roster_name_position_team,,no_actual_weekly_record;actual_score_created_from_missing_record,Info,
2023,1,KamaAl00,Alvin Kamara,RB,NO,00-0033906,0.0,0,True,False,weekly_roster_name_position_team,,crosswalk_fields_disagree;no_actual_weekly_record;actual_score_created_from_missing_record,Info,crosswalk_fields_disagree
2023,1,KnigZo00,Bam Knight,RB,ARI,00-0037157,0.0,0,True,False,master_name_position,,no_actual_weekly_record;actual_score_created_from_missing_record,Info,
2023,1,HaskHa00,Hassan Haskins,RB,NE,00-0037617,0.0,0,True,False,master_name_position,,crosswalk_fields_disagree;no_actual_weekly_record;actual_score_created_from_missing_record,Info,crosswalk_fields_disagree
2023,1,WardJo00,Jonathan Ward,RB,BAL,00-0035924,0.0,0,True,False,master_name_position,,no_actual_weekly_record;actual_score_created_from_missing_record,Info,
2023,1,SermTr00,Trey Sermon,RB,ATL,00-0036984,0.0,0,True,False,master_name_position,,crosswalk_fields_disagree;no_actual_weekly_record;actual_score_created_from_missing_record,Info,crosswalk_fields_disagree
2023,1,BrowBr02,Brittain Brown,RB,CHI,00-0037329,0.0,0,True,False,master_name_position,,crosswalk_fields_disagree;no_actual_weekly_record;actual_score_created_from_missing_record,Info,crosswalk_fields_disagree
2023,1,JordBr00,Brevin Jordan,TE,HOU,00-0036556,0.0,0,True,False,weekly_roster_name_position_team,,no_actual_weekly_record;actual_score_created_from_missing_record,Info,
2023,1,TongJa00,Jake Tonges,TE,SF,00-0037112,0.0,0,True,False,master_name_position,,no_actual_weekly_record;actual_score_created_from_missing_record,Info,
2023,1,HudsTa00,Tanner Hudson,TE,CIN,00-0034613,0.0,0,True,False,weekly_roster_name_position_team,,no_actual_weekly_record;actual_score_created_from_missing_record,Info,
2023,1,WoodJe02,Jelani Woods,TE,NYJ,00-0037755,0.0,0,True,False,master_name_position,,no_actual_weekly_record;actual_score_created_from_missing_record,Info,
2023,1,MallWi00,Will Mallory,TE,IND,00-0038394,0.0,0,True,False,weekly_roster_name_position_team,,no_actual_weekly_record;actual_score_created_from_missing_record,Info,
2023,1,SaubEr00,Eric Saubert,TE,SEA,00-0033576,0.0,0,True,False,master_name_position,,no_actual_weekly_record;actual_score_created_from_missing_record,Info,
2023,1,HillJu01,Julian Hill,TE,NE,00-0038720,0.0,0,True,False,master_name_position,,crosswalk_fields_disagree;no_actual_weekly_record;actual_score_created_from_missing_record,Info,crosswalk_fields_disagree
2023,1,OkwuAl00,Albert Okwuegbunam Jr.,TE,LV,00-0036423,0.0,0,True,False,master_name_position,,no_actual_weekly_record;actual_score_created_from_missing_record,Info,
2023,1,LongHu00,Hunter Long,TE,ARI,00-0037004,0.0,0,True,False,master_name_position,,crosswalk_fields_disagree;no_actual_weekly_record;actual_score_created_from_missing_record,Info,crosswalk_fields_disagree
2023,1,AndrMa00,Mark Andrews,TE,BAL,00-0034753,0.0,0,True,False,weekly_roster_name_position_team,,no_actual_weekly_record;actual_score_created_from_missing_record,Info,
2023,1,LatuCa00,Cameron Latu,TE,NE,00-0038564,0.0,0,True,False,master_name_position,,no_actual_weekly_record;actual_score_created_from_missing_record,Info,
2023,1,DurhPa00,Payne Durham,TE,TB,00-0039050,0.0,0,True,False,weekly_roster_name_position_team,,crosswalk_fields_disagree;no_actual_weekly_record;actual_score_created_from_missing_record,Info,crosswalk_fields_disagree
2023,1,JoneCh00,Charlie Jones,WR,NYG,,,0,False,False,unmatched,,no_unique_gsis_id;no_actual_weekly_record;actual_score_created_from_missing_record,Info,
2023,1,YounDa02,Dareke Young,WR,LV,00-0037093,0.0,0,True,False,master_name_position,,no_actual_weekly_record;actual_score_created_from_missing_record,Info,
2023,1,IosiAn00,Andrei Iosivas,WR,CIN,00-0038619,0.0,0,True,False,weekly_roster_name_position_team,,no_actual_weekly_record;actual_score_created_from_missing_record,Info,
2023,1,ReagJa00,Jalen Reagor,WR,MIA,00-0036387,0.0,0,True,False,master_name_position,,no_actual_weekly_record;actual_score_created_from_missing_record,Info,
2023,1,DaviDe01,Derius Davis,WR,LAC,00-0038573,1.5,1,False,False,weekly_stats_name_position_team,,crosswalk_fields_disagree,Info,crosswalk_fields_disagree
2023,1,ShorJu00,Justin Shorter,WR,LV,00-0038590,0.0,0,True,False,pfr_crosswalk_verified,,master_position_conflict;no_actual_weekly_record;actual_score_created_from_missing_record,Info,master_position_conflict
2023,1,JoneVe00,Velus Jones Jr,RB,SEA,00-0037745,0.0,0,True,False,manual_override,Top-player gate override because the historical FBG row labels Velus Jones Jr as RB with stale teams while the weekly records identify GSIS 00-0037745 and the master position is WR,crosswalk_fields_disagree;master_position_conflict;no_actual_weekly_record;actual_score_created_from_missing_record,Info,crosswalk_fields_disagree;manual_override_applied;master_position_conflict
2023,1,DuliAs00,Ashton Dulin,WR,IND,00-0035021,0.0,0,True,False,weekly_roster_name_position_team,,no_actual_weekly_record;actual_score_created_from_missing_record,Info,
2023,1,FehoSi00,Simi Fehoko,WR,ARI,00-0036646,0.0,0,True,False,master_name_position,,no_actual_weekly_record;actual_score_created_from_missing_record,Info,
2023,1,BrooJa02,Jalen Brooks,WR,ARI,00-0038640,0.0,0,True,False,master_name_position,,no_actual_weekly_record;actual_score_created_from_missing_record,Info,
2023,1,JeudJe00,Jerry Jeudy,WR,CLE,00-0036407,0.0,0,True,False,master_name_position,,no_actual_weekly_record;actual_score_created_from_missing_record,Info,
2023,1,PatrTi00,Tim Patrick,WR,NYJ,00-0033375,0.0,0,True,False,master_name_position,,no_actual_weekly_record;actual_score_created_from_missing_record,Info,
2023,1,WillJa09,Jameson Williams,WR,DET,00-0037240,0.0,0,True,False,weekly_roster_name_position_team,,crosswalk_fields_disagree;no_actual_weekly_record;actual_score_created_from_missing_record,Info,crosswalk_fields_disagree
2023,1,KennTo01,Tom Kennedy,WR,DET,00-0035544,0.0,0,True,False,master_name_position,,no_actual_weekly_record;actual_score_created_from_missing_record,Info,
2023,1,WatsCh00,Christian Watson,WR,GB,00-0038124,0.0,0,True,False,weekly_roster_name_position_team,,crosswalk_fields_disagree;no_actual_weekly_record;actual_score_created_from_missing_record,Info,crosswalk_fields_disagree
2023,1,MetcJo00,John Metchie III,WR,CAR,00-0037614,0.0,0,True,False,master_name_position,,no_actual_weekly_record;actual_score_created_from_missing_record,Info,
2023,1,WashPa01,Parker Washington,WR,JAX,00-0038606,0.0,0,True,False,weekly_roster_name_position_team,,no_actual_weekly_record;actual_score_created_from_missing_record,Info,
2023,1,ThorTy00,Tyquan Thornton,WR,KC,00-0038104,0.0,0,True,False,master_name_position,,crosswalk_fields_disagree;no_actual_weekly_record;actual_score_created_from_missing_record,Info,crosswalk_fields_disagree
2023,1,RobiWa00,Wan'Dale Robinson,WR,TEN,00-0038117,0.0,0,True,False,master_name_position,,no_actual_weekly_record;actual_score_created_from_missing_record,Info,
2023,1,KuppCo00,Cooper Kupp,WR,SEA,00-0033908,0.0,0,True,False,master_name_position,,no_actual_weekly_record;actual_score_created_from_missing_record,Info,
2023,1,McKeTa00,Tanner McKee,QB,PHI,00-0038400,0.0,0,True,False,weekly_roster_name_position_team,,no_actual_weekly_record;actual_score_created_from_missing_record,Info,
2023,1,HaenJa00,Jake Haener,QB,NYG,00-0038998,0.0,0,True,False,master_name_position,,crosswalk_fields_disagree;no_actual_weekly_record;actual_score_created_from_missing_record,Info,crosswalk_fields_disagree
2023,1,EhliSa00,Sam Ehlinger,QB,DEN,00-0036879,0.0,0,True,False,master_name_position,,no_actual_weekly_record;actual_score_created_from_missing_record,Info,
2023,1,WentCa00,Carson Wentz,QB,MIN,00-0032950,0.0,0,True,False,master_name_position,,no_actual_weekly_record;actual_score_created_from_missing_record,Info,
2023,1,JohnJo05,Josh Johnson,QB,CIN,00-0026300,0.0,0,True,False,master_name_position,,no_actual_weekly_record;actual_score_created_from_missing_record,Info,
2023,1,BrooCh02,Christopher Brooks,RB,MIA,00-0038685,0.0,0,True,False,weekly_roster_name_position_team,,master_name_conflict;master_team_context_differs;no_actual_weekly_record;actual_score_created_from_missing_record,Info,master_name_conflict;master_team_context_differs
2023,1,WillBr04,Brayden Willis,TE,SF,00-0038643,0.0,0,True,False,weekly_roster_name_position_team,,crosswalk_fields_disagree;no_actual_weekly_record;actual_score_created_from_missing_record,Info,crosswalk_fields_disagree
2023,1,MuseNi00,Nick Muse,TE,ATL,00-0037317,0.0,0,True,False,master_name_position,,crosswalk_fields_disagree;no_actual_weekly_record;actual_score_created_from_missing_record,Info,crosswalk_fields_disagree
2023,1,SimsBe00,Ben Sims,TE,MIA,00-0038809,0.0,0,True,False,master_name_position,,no_actual_weekly_record;actual_score_created_from_missing_record,Info,
2023,1,JoneTi00,Tim Jones,WR,JAX,00-0036497,0.0,0,True,False,weekly_roster_name_position_team,,no_actual_weekly_record;actual_score_created_from_missing_record,Info,
2023,1,TinsMi00,Mitch Tinsley,WR,HOU,00-0038839,0.0,0,True,False,master_name_position,,crosswalk_fields_disagree;master_name_conflict;no_actual_weekly_record;actual_score_created_from_missing_record,Info,crosswalk_fields_disagree;master_name_conflict
2023,1,CharIr00,Irv Charles,WR,SEA,,,0,False,False,unmatched,,no_unique_gsis_id;crosswalk_fields_disagree;no_actual_weekly_record;actual_score_created_from_missing_record,Info,crosswalk_fields_disagree
2023,1,WallTy00,Tylan Wallace,WR,CLE,00-0036630,0.0,0,True,False,master_name_position,,no_actual_weekly_record;actual_score_created_from_missing_record,Info,
2023,2,AlleJo01,Josh Allen,QB,BUF,00-0034857,23.66,1,False,True,weekly_stats_name_position_team,,crosswalk_fields_disagree,Warning,crosswalk_fields_disagree
2023,2,MahoPa00,Patrick Mahomes II,QB,KC,00-0033873,21.2,1,False,True,weekly_stats_name_position_team,,crosswalk_fields_disagree,Warning,crosswalk_fields_disagree
2023,2,McCaCh00,Christian McCaffrey,RB,SF,00-0033280,22.5,1,False,True,weekly_stats_name_position_team,,crosswalk_fields_disagree,Warning,crosswalk_fields_disagree
2023,2,DiggSt00,Stefon Diggs,WR,WAS,00-0031588,13.6,1,False,True,master_name_position,,crosswalk_fields_disagree,Warning,crosswalk_fields_disagree
2023,2,KelcTr00,Travis Kelce,TE,KC,00-0030506,12.6,1,False,True,weekly_stats_name_position_team,,crosswalk_fields_disagree,Warning,crosswalk_fields_disagree
2023,2,FielJu00,Justin Fields,QB,KC,00-0036945,14.74,1,False,True,master_name_position,,crosswalk_fields_disagree,Warning,crosswalk_fields_disagree
2023,2,BrowAJ00,A.J. Brown,WR,NE,00-0035676,6.9,1,False,True,master_name_position,,crosswalk_fields_disagree,Warning,crosswalk_fields_disagree
2023,2,MayfBa00,Baker Mayfield,QB,TB,00-0034855,18.38,1,False,True,weekly_stats_name_position_team,,crosswalk_fields_disagree,Warning,crosswalk_fields_disagree
2023,2,AlleKe00,Keenan Allen,WR,IND,00-0030279,31.1,1,False,True,master_name_position,,crosswalk_fields_disagree,Warning,crosswalk_fields_disagree
2023,2,OlavCh00,Chris Olave,WR,NO,00-0037239,14.6,1,False,True,weekly_stats_name_position_team,,crosswalk_fields_disagree,Warning,crosswalk_fields_disagree
2023,2,JoneMa04,Mac Jones,QB,SF,00-0036972,13.74,1,False,True,master_name_position,,crosswalk_fields_disagree,Warning,crosswalk_fields_disagree
2023,2,StevRh00,Rhamondre Stevenson,RB,NE,00-0036875,15.0,1,False,True,weekly_stats_name_position_team,,crosswalk_fields_disagree,Warning,crosswalk_fields_disagree
2023,2,GodwCh00,Chris Godwin Jr.,WR,TB,00-0033921,10.8,1,False,True,weekly_stats_name_position_team,,crosswalk_fields_disagree,Warning,crosswalk_fields_disagree
2023,2,EtieTr00,Travis Etienne Jr.,RB,NO,00-0036973,6.2,1,False,True,master_name_position,,crosswalk_fields_disagree,Warning,crosswalk_fields_disagree
2023,2,SmitDe04,DeVonta Smith,WR,PHI,00-0036912,23.1,1,False,True,weekly_stats_name_position_team,,crosswalk_fields_disagree,Warning,crosswalk_fields_disagree
2023,2,SamuDe00,Deebo Samuel Sr.,WR,SF,00-0035719,22.1,1,False,True,weekly_stats_name_position_team,,crosswalk_fields_disagree,Warning,crosswalk_fields_disagree
2023,2,WilsZa00,Zach Wilson,QB,NO,00-0037013,8.4,1,False,True,master_name_position,,crosswalk_fields_disagree,Warning,crosswalk_fields_disagree
2023,2,DobbJo00,Joshua Dobbs,QB,DET,00-0033949,25.22,1,False,True,master_name_position,,crosswalk_fields_disagree,Warning,crosswalk_fields_disagree
2023,2,WalkKe01,Ken Walker III,RB,KC,00-0038134,18.4,1,False,True,manual_override,FBG uses Ken Walker and a stale KC team in the historical export,master_name_conflict,Warning,manual_override_applied;master_name_conflict
2023,2,AtweTu00,Tutu Atwell,WR,LA,00-0036849,15.2,1,False,True,weekly_stats_name_position_team,,crosswalk_fields_disagree,Warning,crosswalk_fields_disagree
2023,2,HarrNa00,Najee Harris,RB,NYG,00-0036893,5.3,1,False,True,master_name_position,,crosswalk_fields_disagree,Warning,crosswalk_fields_disagree
2023,2,GibbJa00,Jahmyr Gibbs,RB,DET,00-0039139,12.6,1,False,True,weekly_stats_name_position_team,,crosswalk_fields_disagree,Warning,crosswalk_fields_disagree
2023,2,BrowMa05,Hollywood Brown,WR,PHI,00-0035662,17.4,1,False,True,manual_override,FBG uses Hollywood Brown and a stale PHI team in the historical export,master_name_conflict,Warning,manual_override_applied;master_name_conflict
2023,2,WallDa00,Darren Waller,TE,CAR,00-0031610,13.6,1,False,True,master_name_position,,crosswalk_fields_disagree,Warning,crosswalk_fields_disagree
2023,2,DoubRo00,Romeo Doubs,WR,NE,00-0037816,5.0,1,False,True,master_name_position,,crosswalk_fields_disagree,Warning,crosswalk_fields_disagree
2023,2,OkonCh00,Chig Okonkwo,TE,WAS,00-0037809,7.5,1,False,True,master_name_position,,crosswalk_fields_disagree,Warning,crosswalk_fields_disagree
2023,2,KirkCh00,Christian Kirk,WR,SF,00-0034775,21.96,1,False,True,master_name_position,,crosswalk_fields_disagree,Warning,crosswalk_fields_disagree
2023,2,MoonDa00,Darnell Mooney,WR,NYG,00-0036309,0.0,0,True,True,master_name_position,,no_actual_weekly_record;actual_score_created_from_missing_record,Warning,
2023,2,HenrHu00,Hunter Henry,TE,NE,00-0033090,17.2,1,False,True,weekly_stats_name_position_team,,crosswalk_fields_disagree,Warning,crosswalk_fields_disagree
2023,2,MusgLu00,Luke Musgrave,TE,GB,00-0039144,4.5,1,False,True,weekly_stats_name_position_team,,crosswalk_fields_disagree,Warning,crosswalk_fields_disagree
2023,2,SlayDa00,Darius Slayton,WR,NYG,00-0035535,9.2,1,False,False,weekly_stats_name_position_team,,crosswalk_fields_disagree,Info,crosswalk_fields_disagree
2023,2,PalmJo01,Joshua Palmer,WR,BUF,00-0036988,4.3,1,False,False,master_name_position,,master_name_conflict,Info,master_name_conflict
2023,2,MoorCh00,Chris Moore,WR,BAL,00-0032398,5.9,1,False,False,master_name_position,,crosswalk_fields_disagree,Info,crosswalk_fields_disagree
2023,2,SmitJa02,Jaxon Smith-Njigba,WR,SEA,00-0038543,8.4,1,False,False,weekly_stats_name_position_team,,crosswalk_fields_disagree,Info,crosswalk_fields_disagree
2023,2,MoorSk00,Skyy Moore,WR,GB,00-0038090,16.0,1,False,False,master_name_position,,crosswalk_fields_disagree,Info,crosswalk_fields_disagree
2023,2,FantNo00,Noah Fant,TE,NO,00-0035644,9.6,1,False,True,master_name_position,,crosswalk_fields_disagree,Warning,crosswalk_fields_disagree
2023,2,OttoCa00,Cade Otton,TE,TB,00-0038129,10.1,1,False,True,weekly_stats_name_position_team,,crosswalk_fields_disagree,Warning,crosswalk_fields_disagree
2023,2,TuckSe00,Sean Tucker,RB,TB,00-0038951,0.7,1,False,True,weekly_stats_name_position_team,,crosswalk_fields_disagree,Warning,crosswalk_fields_disagree
2023,2,RiceRa01,Rashee Rice,WR,KC,00-0039067,4.0,1,False,False,weekly_stats_name_position_team,,crosswalk_fields_disagree,Info,crosswalk_fields_disagree
2023,2,PalmTr00,Trey Palmer,WR,NO,00-0039052,3.0,1,False,False,master_name_position,,crosswalk_fields_disagree,Info,crosswalk_fields_disagree
2023,2,JohnQu01,Quentin Johnston,WR,LAC,00-0038544,1.7,1,False,False,weekly_stats_name_position_team,,crosswalk_fields_disagree,Info,crosswalk_fields_disagree
2023,2,DougDe00,DeMario Douglas,WR,NE,00-0038621,1.9,1,False,False,weekly_stats_name_position_team,,crosswalk_fields_disagree,Info,crosswalk_fields_disagree
2023,2,BigsTa00,Tank Bigsby,RB,PHI,00-0038555,0.0,0,True,True,master_name_position,,no_actual_weekly_record;actual_score_created_from_missing_record,Warning,
2023,2,HollMa00,Mack Hollins,WR,NE,00-0033555,9.0,1,False,False,master_name_position,,crosswalk_fields_disagree,Info,crosswalk_fields_disagree
2023,2,GrayNo00,Noah Gray,TE,KC,00-0036637,6.8,1,False,False,weekly_stats_name_position_team,,crosswalk_fields_disagree,Info,crosswalk_fields_disagree
2023,2,ParkCo00,Colby Parkinson,TE,LA,00-0036244,6.1,1,False,False,master_name_position,,crosswalk_fields_disagree,Info,crosswalk_fields_disagree
2023,2,JuszKy00,Kyle Juszczyk,RB,SF,00-0029892,0.0,0,True,False,weekly_roster_name_position_team,,no_actual_weekly_record;actual_score_created_from_missing_record,Info,gsis_id_not_in_master
2023,2,IngoAl00,Alec Ingold,RB,LAC,00-0035125,0.0,0,True,True,manual_override,Top-player gate override because the historical FBG row uses a stale LAC team while the weekly roster identifies Alec Ingold as RB 00-0035125 for MIA,no_actual_weekly_record;actual_score_created_from_missing_record,Warning,manual_override_applied;gsis_id_not_in_master
2023,2,WashDa02,Darnell Washington,TE,PIT,00-0038558,0.0,0,True,False,weekly_roster_name_position_team,,no_actual_weekly_record;actual_score_created_from_missing_record,Info,
2023,2,DallDe00,DeeJay Dallas,RB,MIN,00-0036425,0.3,1,False,False,master_name_position,,crosswalk_fields_disagree;master_team_context_differs,Info,crosswalk_fields_disagree;master_team_context_differs
2023,2,KiefKo00,Ko Kieft,TE,TB,00-0037311,0.0,0,True,False,weekly_roster_name_position_team,,crosswalk_fields_disagree;no_actual_weekly_record;actual_score_created_from_missing_record,Info,crosswalk_fields_disagree
2023,2,HeywCo00,Connor Heyward,TE,LV,00-0037304,0.0,0,True,False,manual_override,Top-player gate override because the historical FBG row uses a stale LV team while the weekly roster identifies Connor Heyward as TE 00-0037304 for PIT,no_actual_weekly_record;actual_score_created_from_missing_record,Info,manual_override_applied;gsis_id_not_in_master
2023,2,ThomDe04,Deven Thompkins,WR,LV,00-0037487,1.1,1,False,False,master_name_position,,crosswalk_fields_disagree,Info,crosswalk_fields_disagree
2023,2,JohnBr03,Brandon Johnson,WR,PIT,,,0,False,False,unmatched,,no_unique_gsis_id;no_actual_weekly_record;actual_score_created_from_missing_record,Info,
2023,2,MillSc01,Scotty Miller,WR,CHI,00-0035298,0.0,0,True,False,pfr_crosswalk_verified,,master_name_conflict;no_actual_weekly_record;actual_score_created_from_missing_record,Info,master_name_conflict
2023,2,ZaccOl00,Olamide Zaccheaus,WR,ATL,00-0035208,0.0,0,True,False,master_name_position,,no_actual_weekly_record;actual_score_created_from_missing_record,Info,
2023,2,FarrLu00,Luke Farrell,TE,SF,00-0036887,0.0,0,True,False,master_name_position,,no_actual_weekly_record;actual_score_created_from_missing_record,Info,
2023,2,RodrCh01,Chris Rodriguez Jr.,RB,JAX,00-0038611,0.0,0,True,False,master_name_position,,no_actual_weekly_record;actual_score_created_from_missing_record,Info,
2023,2,RobiDe01,Demarcus Robinson,WR,SF,00-0032775,0.0,0,True,False,master_name_position,,no_actual_weekly_record;actual_score_created_from_missing_record,Info,
2023,2,PrenAd00,Adam Prentice,RB,DEN,00-0036727,0.0,0,True,False,pfr_crosswalk_verified,,no_actual_weekly_record;actual_score_created_from_missing_record,Info,gsis_id_not_in_master
2023,2,McLaJa00,Jaleel McLaughlin,RB,CLE,00-0038794,6.5,1,False,False,master_name_position,,crosswalk_fields_disagree,Info,crosswalk_fields_disagree
2023,2,StraBr00,Brenton Strange,TE,JAX,00-0038935,0.0,0,True,False,weekly_roster_name_position_team,,no_actual_weekly_record;actual_score_created_from_missing_record,Info,
2023,2,WrigBr00,Brock Wright,TE,DET,00-0036754,0.0,0,True,False,weekly_roster_name_position_team,,crosswalk_fields_disagree;no_actual_weekly_record;actual_score_created_from_missing_record,Info,crosswalk_fields_disagree
2023,2,SampDr00,Drew Sample,TE,CIN,00-0035631,0.0,0,True,False,weekly_roster_name_position_team,,no_actual_weekly_record;actual_score_created_from_missing_record,Info,
2023,2,ManhCh00,Chris Manhertz,TE,NYG,00-0031484,0.0,0,True,False,master_name_position,,no_actual_weekly_record;actual_score_created_from_missing_record,Info,
2023,2,BeckAn00,Andrew Beck,RB,NYJ,00-0034959,0.0,0,True,False,manual_override,FBG position and team differ from the weekly roster record,no_actual_weekly_record;actual_score_created_from_missing_record,Info,manual_override_applied;gsis_id_not_in_master
2023,2,RicaPa00,Patrick Ricard,RB,NYG,00-0033376,0.0,0,True,False,master_name_position,,no_actual_weekly_record;actual_score_created_from_missing_record,Info,
2023,2,TillCe00,Cedric Tillman,WR,NO,00-0038979,0.0,0,True,False,manual_override,Top-player gate override because the historical FBG row uses a stale NO team and the master has duplicate Cedric Tillman rows while weekly CLE records identify GSIS 00-0038979,no_actual_weekly_record;actual_score_created_from_missing_record,Info,manual_override_applied
2023,2,BurtMi00,Michael Burton,RB,CLE,00-0031595,0.0,0,True,False,pfr_crosswalk_verified,,no_actual_weekly_record;actual_score_created_from_missing_record,Info,gsis_id_not_in_master
2023,2,BrooJa02,Jalen Brooks,WR,ARI,00-0038640,0.0,0,True,False,master_name_position,,no_actual_weekly_record;actual_score_created_from_missing_record,Info,
2023,2,ReynCr00,Craig Reynolds,RB,WAS,00-0035567,1.5,1,False,False,master_name_position,,crosswalk_fields_disagree,Info,crosswalk_fields_disagree
2023,2,SherTr00,Trent Sherfield,WR,BUF,00-0034487,0.0,0,True,False,weekly_roster_name_position_team,,no_actual_weekly_record;actual_score_created_from_missing_record,Info,
2023,2,StroPi00,Pierre Strong Jr,RB,GB,00-0038098,6.1,1,False,False,master_name_position,,crosswalk_fields_disagree,Info,crosswalk_fields_disagree
2023,2,BrooCh01,Chris Brooks,RB,GB,00-0038685,0.0,0,True,False,master_name_position,,no_actual_weekly_record;actual_score_created_from_missing_record,Info,
2023,2,QuitTe00,Teagan Quitoriano,TE,ARI,00-0037277,0.0,0,True,False,master_name_position,,no_actual_weekly_record;actual_score_created_from_missing_record,Info,
2023,2,HomeTr00,Travis Homer,RB,PIT,00-0035594,0.0,0,True,False,master_name_position,,no_actual_weekly_record;actual_score_created_from_missing_record,Info,
2023,2,GillRe00,Reggie Gilliam,RB,NE,00-0036187,1.3,1,False,False,master_name_position,,crosswalk_fields_disagree,Info,crosswalk_fields_disagree
2023,2,DemeEm00,Emari Demercado,RB,DAL,00-0038705,2.5,1,False,False,master_name_position,,crosswalk_fields_disagree,Info,crosswalk_fields_disagree
2023,2,RuckJe00,Jeremy Ruckert,TE,NYJ,00-0037805,0.0,0,True,False,weekly_roster_name_position_team,,no_actual_weekly_record;actual_score_created_from_missing_record,Info,
2023,2,NailJa00,Jalen Nailor,WR,LV,00-0037291,0.0,0,True,False,master_name_position,,no_actual_weekly_record;actual_score_created_from_missing_record,Info,
2023,2,BrowPh00,Pharaoh Brown,TE,IND,00-0033439,0.0,0,True,False,master_name_position,,crosswalk_fields_disagree;no_actual_weekly_record;actual_score_created_from_missing_record,Info,crosswalk_fields_disagree
2023,2,AlleDa01,Davis Allen,TE,LA,00-0039074,0.0,0,True,False,weekly_roster_name_position_team,,crosswalk_fields_disagree;no_actual_weekly_record;actual_score_created_from_missing_record,Info,crosswalk_fields_disagree
2023,2,MundJo00,Johnny Mundt,TE,PHI,00-0033246,0.0,0,True,False,master_name_position,,no_actual_weekly_record;actual_score_created_from_missing_record,Info,
2023,2,JoneVe00,Velus Jones Jr,RB,SEA,00-0037745,-0.3,1,False,False,manual_override,Top-player gate override because the historical FBG row labels Velus Jones Jr as RB with stale teams while the weekly records identify GSIS 00-0037745 and the master position is WR,crosswalk_fields_disagree;master_position_conflict,Info,crosswalk_fields_disagree;manual_override_applied;master_position_conflict
2023,2,KrafTu00,Tucker Kraft,TE,GB,00-0038996,0.0,0,True,False,weekly_roster_name_position_team,,crosswalk_fields_disagree;no_actual_weekly_record;actual_score_created_from_missing_record,Info,crosswalk_fields_disagree
2023,2,AdkiNa00,Nate Adkins,TE,DEN,00-0038783,0.0,0,True,False,weekly_roster_name_position_team,,no_actual_weekly_record;actual_score_created_from_missing_record,Info,
2023,2,McClRa00,Ray-Ray McCloud III,WR,CHI,00-0034407,0.0,1,False,False,master_name_position,,crosswalk_fields_disagree,Info,crosswalk_fields_disagree
2023,2,CalcGr00,Grant Calcaterra,TE,PHI,00-0037086,0.0,0,True,False,weekly_roster_name_position_team,,no_actual_weekly_record;actual_score_created_from_missing_record,Info,
2023,2,ThomIa00,Ian Thomas,TE,LV,00-0034365,0.0,0,True,False,master_name_position,,no_actual_weekly_record;actual_score_created_from_missing_record,Info,
2023,2,HodgKh00,KhaDarel Hodge,WR,SF,00-0034854,0.0,0,True,False,master_name_position,,crosswalk_fields_disagree;no_actual_weekly_record;actual_score_created_from_missing_record,Info,crosswalk_fields_disagree
2023,2,SmarSt00,Stone Smartt,TE,NO,00-0037475,3.4,1,False,False,master_name_position,,crosswalk_fields_disagree,Info,crosswalk_fields_disagree
2023,2,MorrQu00,Quintin Morris,TE,JAX,00-0036590,0.0,0,True,False,master_name_position,,no_actual_weekly_record;actual_score_created_from_missing_record,Info,
2023,2,ReagJa00,Jalen Reagor,WR,MIA,00-0036387,0.0,0,True,False,master_name_position,,no_actual_weekly_record;actual_score_created_from_missing_record,Info,
2023,2,DaviDe01,Derius Davis,WR,LAC,00-0038573,1.0,1,False,False,weekly_stats_name_position_team,,crosswalk_fields_disagree,Info,crosswalk_fields_disagree
2023,2,IosiAn00,Andrei Iosivas,WR,CIN,00-0038619,0.0,0,True,False,weekly_roster_name_position_team,,no_actual_weekly_record;actual_score_created_from_missing_record,Info,
2023,2,JoneCh00,Charlie Jones,WR,NYG,,,0,False,False,unmatched,,no_unique_gsis_id;no_actual_weekly_record;actual_score_created_from_missing_record,Info,
2023,2,OgunDa00,Dare Ogunbowale,RB,LV,00-0033854,0.4,1,False,False,master_name_position,,crosswalk_fields_disagree,Info,crosswalk_fields_disagree
2023,2,SimsBe00,Ben Sims,TE,MIA,00-0038809,0.0,0,True,False,master_name_position,,no_actual_weekly_record;actual_score_created_from_missing_record,Info,
2023,2,TinsMi00,Mitch Tinsley,WR,HOU,00-0038839,0.0,0,True,False,master_name_position,,crosswalk_fields_disagree;master_name_conflict;no_actual_weekly_record;actual_score_created_from_missing_record,Info,crosswalk_fields_disagree;master_name_conflict
2023,2,WallTy00,Tylan Wallace,WR,CLE,00-0036630,0.0,0,True,False,master_name_position,,no_actual_weekly_record;actual_score_created_from_missing_record,Info,
2023,2,WillBr04,Brayden Willis,TE,SF,00-0038643,0.0,0,True,False,weekly_roster_name_position_team,,crosswalk_fields_disagree;no_actual_weekly_record;actual_score_created_from_missing_record,Info,crosswalk_fields_disagree
2023,2,AbanIs00,Israel Abanikanda,RB,DAL,00-0038389,0.0,0,True,False,master_name_position,,no_actual_weekly_record;actual_score_created_from_missing_record,Info,
2023,2,LongHu00,Hunter Long,TE,ARI,00-0037004,0.0,0,True,False,master_name_position,,crosswalk_fields_disagree;no_actual_weekly_record;actual_score_created_from_missing_record,Info,crosswalk_fields_disagree
2023,2,HiggEl00,Elijah Higgins,TE,ARI,00-0039041,0.0,0,True,False,weekly_roster_name_position_team,,no_actual_weekly_record;actual_score_created_from_missing_record,Info,
2023,2,HillJu01,Julian Hill,TE,NE,00-0038720,0.0,0,True,False,master_name_position,,crosswalk_fields_disagree;no_actual_weekly_record;actual_score_created_from_missing_record,Info,crosswalk_fields_disagree
2023,2,BoutKa00,Kayshon Boutte,WR,HOU,00-0038608,0.0,0,True,False,master_name_position,,crosswalk_fields_disagree;no_actual_weekly_record;actual_score_created_from_missing_record,Info,crosswalk_fields_disagree
2023,2,RobiWa00,Wan'Dale Robinson,WR,TEN,00-0038117,0.0,0,True,False,master_name_position,,no_actual_weekly_record;actual_score_created_from_missing_record,Info,
2023,2,MillKe00,Kendre Miller,RB,NO,00-0038551,0.0,0,True,False,weekly_roster_name_position_team,,no_actual_weekly_record;actual_score_created_from_missing_record,Info,
2023,2,MitcKe01,Keaton Mitchell,RB,LAC,00-0038454,0.0,0,True,False,master_name_position,,no_actual_weekly_record;actual_score_created_from_missing_record,Info,
2023,2,YounDa02,Dareke Young,WR,LV,00-0037093,0.0,0,True,False,master_name_position,,no_actual_weekly_record;actual_score_created_from_missing_record,Info,
2023,2,OgleAn00,Drew Ogletree,TE,IND,00-0037292,0.0,0,True,False,pfr_crosswalk_verified,,master_name_conflict;no_actual_weekly_record;actual_score_created_from_missing_record,Info,master_name_conflict
2023,3,AlleJo01,Josh Allen,QB,BUF,00-0034857,21.32,1,False,True,weekly_stats_name_position_team,,crosswalk_fields_disagree,Warning,crosswalk_fields_disagree
2023,3,AlleKe00,Keenan Allen,WR,IND,00-0030279,45.46,1,False,True,master_name_position,,crosswalk_fields_disagree,Warning,crosswalk_fields_disagree
2023,3,McCaCh00,Christian McCaffrey,RB,SF,00-0033280,22.9,1,False,True,weekly_stats_name_position_team,,crosswalk_fields_disagree,Warning,crosswalk_fields_disagree
2023,3,MahoPa00,Patrick Mahomes II,QB,KC,00-0033873,25.68,1,False,True,weekly_stats_name_position_team,,crosswalk_fields_disagree,Warning,crosswalk_fields_disagree
2023,3,DiggSt00,Stefon Diggs,WR,WAS,00-0031588,19.1,1,False,True,master_name_position,,crosswalk_fields_disagree,Warning,crosswalk_fields_disagree
2023,3,FielJu00,Justin Fields,QB,KC,00-0036945,10.66,1,False,True,master_name_position,,crosswalk_fields_disagree,Warning,crosswalk_fields_disagree
2023,3,RichAn00,Anthony Richardson Sr.,QB,IND,00-0039164,0.0,0,True,True,weekly_roster_name_position_team,,no_actual_weekly_record;actual_score_created_from_missing_record,Warning,
2023,3,EtieTr00,Travis Etienne Jr.,RB,NO,00-0036973,17.8,1,False,True,master_name_position,,crosswalk_fields_disagree,Warning,crosswalk_fields_disagree
2023,3,OlavCh00,Chris Olave,WR,NO,00-0037239,18.4,1,False,True,weekly_stats_name_position_team,,crosswalk_fields_disagree,Warning,crosswalk_fields_disagree
2023,3,GibbJa00,Jahmyr Gibbs,RB,DET,00-0039139,9.2,1,False,True,weekly_stats_name_position_team,,crosswalk_fields_disagree,Warning,crosswalk_fields_disagree
2023,3,YounBr01,Bryce Young,QB,CAR,00-0039150,0.0,0,True,True,weekly_roster_name_position_team,,no_actual_weekly_record;actual_score_created_from_missing_record,Warning,
2023,3,KelcTr00,Travis Kelce,TE,KC,00-0030506,19.9,1,False,True,weekly_stats_name_position_team,,crosswalk_fields_disagree,Warning,crosswalk_fields_disagree
2023,3,BrowAJ00,A.J. Brown,WR,NE,00-0035676,22.1,1,False,True,master_name_position,,crosswalk_fields_disagree,Warning,crosswalk_fields_disagree
2023,3,MayfBa00,Baker Mayfield,QB,TB,00-0034855,10.04,1,False,True,weekly_stats_name_position_team,,crosswalk_fields_disagree,Warning,crosswalk_fields_disagree
2023,3,SamuDe00,Deebo Samuel Sr.,WR,SF,00-0035719,25.1,1,False,True,weekly_stats_name_position_team,,crosswalk_fields_disagree,Warning,crosswalk_fields_disagree
2023,3,JoneMa04,Mac Jones,QB,SF,00-0036972,13.34,1,False,True,master_name_position,,crosswalk_fields_disagree,Warning,crosswalk_fields_disagree
2023,3,AtweTu00,Tutu Atwell,WR,LA,00-0036849,17.2,1,False,True,weekly_stats_name_position_team,,crosswalk_fields_disagree,Warning,crosswalk_fields_disagree
2023,3,KamaAl00,Alvin Kamara,RB,NO,00-0033906,0.0,0,True,True,weekly_roster_name_position_team,,crosswalk_fields_disagree;no_actual_weekly_record;actual_score_created_from_missing_record,Warning,crosswalk_fields_disagree
2023,3,KirkCh00,Christian Kirk,WR,SF,00-0034775,15.4,1,False,True,master_name_position,,crosswalk_fields_disagree,Warning,crosswalk_fields_disagree
2023,3,StevRh00,Rhamondre Stevenson,RB,NE,00-0036875,7.2,1,False,True,weekly_stats_name_position_team,,crosswalk_fields_disagree,Warning,crosswalk_fields_disagree
2023,3,WalkKe01,Ken Walker III,RB,KC,00-0038134,30.6,1,False,True,manual_override,FBG uses Ken Walker and a stale KC team in the historical export,master_name_conflict,Warning,manual_override_applied;master_name_conflict
2023,3,AiyuBr00,Brandon Aiyuk,WR,SF,00-0036261,0.0,0,True,False,weekly_roster_name_position_team,,no_actual_weekly_record;actual_score_created_from_missing_record,Info,
2023,3,BrowMa05,Hollywood Brown,WR,PHI,00-0035662,17.1,1,False,True,manual_override,FBG uses Hollywood Brown and a stale PHI team in the historical export,master_name_conflict,Warning,manual_override_applied;master_name_conflict
2023,3,HarrNa00,Najee Harris,RB,NYG,00-0036893,6.5,1,False,True,master_name_position,,crosswalk_fields_disagree,Warning,crosswalk_fields_disagree
2023,3,WilsZa00,Zach Wilson,QB,NO,00-0037013,6.38,1,False,True,master_name_position,,crosswalk_fields_disagree,Warning,crosswalk_fields_disagree
2023,3,GodwCh00,Chris Godwin Jr.,WR,TB,00-0033921,8.2,1,False,True,weekly_stats_name_position_team,,crosswalk_fields_disagree,Warning,crosswalk_fields_disagree
2023,3,WallDa00,Darren Waller,TE,CAR,00-0031610,5.0,1,False,True,master_name_position,,crosswalk_fields_disagree,Warning,crosswalk_fields_disagree
2023,3,DobbJo00,Joshua Dobbs,QB,DET,00-0033949,17.06,1,False,True,master_name_position,,crosswalk_fields_disagree,Warning,crosswalk_fields_disagree
2023,3,SmitDe04,DeVonta Smith,WR,PHI,00-0036912,6.8,1,False,True,weekly_stats_name_position_team,,crosswalk_fields_disagree,Warning,crosswalk_fields_disagree
2023,3,WaddJa00,Jaylen Waddle,WR,DEN,00-0036613,0.0,0,True,False,master_name_position,,no_actual_weekly_record;actual_score_created_from_missing_record,Info,
2023,3,DoubRo00,Romeo Doubs,WR,NE,00-0037816,18.3,1,False,True,master_name_position,,crosswalk_fields_disagree,Warning,crosswalk_fields_disagree
2023,3,PalmJo01,Joshua Palmer,WR,BUF,00-0036988,14.6,1,False,False,master_name_position,,master_name_conflict,Info,master_name_conflict
2023,3,MusgLu00,Luke Musgrave,TE,GB,00-0039144,10.9,1,False,True,weekly_stats_name_position_team,,crosswalk_fields_disagree,Warning,crosswalk_fields_disagree
2023,3,GainKe00,Kenny Gainwell,RB,TB,00-0036919,5.8,1,False,True,master_name_position,,crosswalk_fields_disagree,Warning,crosswalk_fields_disagree
2023,3,JohnQu01,Quentin Johnston,WR,LAC,00-0038544,3.0,1,False,False,weekly_stats_name_position_team,,crosswalk_fields_disagree,Info,crosswalk_fields_disagree
2023,3,HenrHu00,Hunter Henry,TE,NE,00-0033090,3.7,1,False,True,weekly_stats_name_position_team,,crosswalk_fields_disagree,Warning,crosswalk_fields_disagree
2023,3,SlayDa00,Darius Slayton,WR,NYG,00-0035535,6.2,1,False,False,weekly_stats_name_position_team,,crosswalk_fields_disagree,Info,crosswalk_fields_disagree
2023,3,RiceRa01,Rashee Rice,WR,KC,00-0039067,10.9,1,False,False,weekly_stats_name_position_team,,crosswalk_fields_disagree,Info,crosswalk_fields_disagree
2023,3,SmitJa02,Jaxon Smith-Njigba,WR,SEA,00-0038543,2.0,1,False,False,weekly_stats_name_position_team,,crosswalk_fields_disagree,Info,crosswalk_fields_disagree
2023,3,FantNo00,Noah Fant,TE,NO,00-0035644,8.1,1,False,True,master_name_position,,crosswalk_fields_disagree,Warning,crosswalk_fields_disagree
2023,3,MoorSk00,Skyy Moore,WR,GB,00-0038090,8.2,1,False,False,master_name_position,,crosswalk_fields_disagree,Info,crosswalk_fields_disagree
2023,3,OkonCh00,Chig Okonkwo,TE,WAS,00-0037809,3.7,1,False,True,master_name_position,,crosswalk_fields_disagree,Warning,crosswalk_fields_disagree
2023,3,PalmTr00,Trey Palmer,WR,NO,00-0039052,1.8,1,False,False,master_name_position,,crosswalk_fields_disagree,Info,crosswalk_fields_disagree
2023,3,ParkCo00,Colby Parkinson,TE,LA,00-0036244,6.8,1,False,True,master_name_position,,crosswalk_fields_disagree,Warning,crosswalk_fields_disagree
2023,3,OttoCa00,Cade Otton,TE,TB,00-0038129,2.6,1,False,True,weekly_stats_name_position_team,,crosswalk_fields_disagree,Warning,crosswalk_fields_disagree
2023,3,ReynCr00,Craig Reynolds,RB,WAS,00-0035567,1.5,1,False,True,master_name_position,,crosswalk_fields_disagree,Warning,crosswalk_fields_disagree
2023,3,WestNi00,Nick Westbrook-Ikhine,WR,IND,00-0036182,0.0,0,True,False,master_name_position,,no_actual_weekly_record;actual_score_created_from_missing_record,Info,
2023,3,JoneAa00,Aaron Jones Sr.,RB,MIN,00-0033293,0.0,0,True,True,master_name_position,,no_actual_weekly_record;actual_score_created_from_missing_record,Warning,
2023,3,HollMa00,Mack Hollins,WR,NE,00-0033555,3.3,1,False,False,master_name_position,,crosswalk_fields_disagree,Info,crosswalk_fields_disagree
2023,3,GrayNo00,Noah Gray,TE,KC,00-0036637,1.9,1,False,False,weekly_stats_name_position_team,,crosswalk_fields_disagree,Info,crosswalk_fields_disagree
2023,3,DougDe00,DeMario Douglas,WR,NE,00-0038621,3.0,1,False,False,weekly_stats_name_position_team,,crosswalk_fields_disagree,Info,crosswalk_fields_disagree
2023,3,TuckSe00,Sean Tucker,RB,TB,00-0038951,0.1,1,False,True,weekly_stats_name_position_team,,crosswalk_fields_disagree,Warning,crosswalk_fields_disagree
2023,3,JohnBr03,Brandon Johnson,WR,PIT,,,0,False,False,unmatched,,no_unique_gsis_id;no_actual_weekly_record;actual_score_created_from_missing_record,Info,
2023,3,StroPi00,Pierre Strong Jr,RB,GB,00-0038098,2.7,1,False,False,master_name_position,,crosswalk_fields_disagree,Info,crosswalk_fields_disagree
2023,3,HillJu01,Julian Hill,TE,NE,00-0038720,0.0,1,False,False,master_name_position,,crosswalk_fields_disagree,Info,crosswalk_fields_disagree
2023,3,MoorCh00,Chris Moore,WR,BAL,00-0032398,6.1,1,False,False,master_name_position,,crosswalk_fields_disagree,Info,crosswalk_fields_disagree
2023,3,HyatJa00,Jalin Hyatt,WR,NYG,00-0038938,0.0,0,True,False,weekly_roster_name_position_team,,no_actual_weekly_record;actual_score_created_from_missing_record,Info,
2023,3,DaviDe01,Derius Davis,WR,LAC,00-0038573,1.3,1,False,False,weekly_stats_name_position_team,,crosswalk_fields_disagree,Info,crosswalk_fields_disagree
2023,3,JuszKy00,Kyle Juszczyk,RB,SF,00-0029892,0.0,0,True,False,weekly_roster_name_position_team,,no_actual_weekly_record;actual_score_created_from_missing_record,Info,gsis_id_not_in_master
2023,3,TonyRo00,Robert Tonyan Jr,TE,PIT,00-0033757,0.0,0,True,False,master_name_position,,no_actual_weekly_record;actual_score_created_from_missing_record,Info,
2023,3,SermTr00,Trey Sermon,RB,ATL,00-0036984,3.1,1,False,False,master_name_position,,crosswalk_fields_disagree,Info,crosswalk_fields_disagree
2023,3,McLaJa00,Jaleel McLaughlin,RB,CLE,00-0038794,1.5,1,False,False,master_name_position,,crosswalk_fields_disagree,Info,crosswalk_fields_disagree
2023,3,WashDa02,Darnell Washington,TE,PIT,00-0038558,0.0,0,True,False,weekly_roster_name_position_team,,no_actual_weekly_record;actual_score_created_from_missing_record,Info,
2023,3,IngoAl00,Alec Ingold,RB,LAC,00-0035125,0.0,0,True,True,manual_override,Top-player gate override because the historical FBG row uses a stale LAC team while the weekly roster identifies Alec Ingold as RB 00-0035125 for MIA,no_actual_weekly_record;actual_score_created_from_missing_record,Warning,manual_override_applied;gsis_id_not_in_master
2023,3,TuckTr00,Tre Tucker,WR,LV,00-0038563,0.0,0,True,False,weekly_roster_name_position_team,,no_actual_weekly_record;actual_score_created_from_missing_record,Info,
2023,3,HoopAu00,Austin Hooper,TE,ATL,00-0032392,0.0,0,True,False,master_name_position,,no_actual_weekly_record;actual_score_created_from_missing_record,Info,
2023,3,HutcXa00,Xavier Hutchinson,WR,HOU,00-0038618,0.0,0,True,False,weekly_roster_name_position_team,,no_actual_weekly_record;actual_score_created_from_missing_record,Info,
2023,3,DallDe00,DeeJay Dallas,RB,MIN,00-0036425,1.5,1,False,False,master_name_position,,crosswalk_fields_disagree;master_team_context_differs,Info,crosswalk_fields_disagree;master_team_context_differs
2023,3,AlieMo00,Mo Alie-Cox,TE,IND,00-0033217,0.0,0,True,False,weekly_roster_name_position_team,,no_actual_weekly_record;actual_score_created_from_missing_record,Info,
2023,3,WhitZa00,Zamir White,RB,NO,00-0038040,0.0,0,True,False,master_name_position,,no_actual_weekly_record;actual_score_created_from_missing_record,Info,
2023,3,ThomDe04,Deven Thompkins,WR,LV,00-0037487,2.6,1,False,False,master_name_position,,crosswalk_fields_disagree,Info,crosswalk_fields_disagree
2023,3,PrenAd00,Adam Prentice,RB,DEN,00-0036727,0.0,0,True,False,pfr_crosswalk_verified,,no_actual_weekly_record;actual_score_created_from_missing_record,Info,gsis_id_not_in_master
2023,3,MillSc01,Scotty Miller,WR,CHI,00-0035298,0.0,0,True,False,pfr_crosswalk_verified,,master_name_conflict;no_actual_weekly_record;actual_score_created_from_missing_record,Info,master_name_conflict
2023,3,OgleAn00,Drew Ogletree,TE,IND,00-0037292,2.1,1,False,False,pfr_crosswalk_verified,,master_name_conflict,Info,master_name_conflict
2023,3,HeywCo00,Connor Heyward,TE,LV,00-0037304,0.0,0,True,False,manual_override,Top-player gate override because the historical FBG row uses a stale LV team while the weekly roster identifies Connor Heyward as TE 00-0037304 for PIT,no_actual_weekly_record;actual_score_created_from_missing_record,Info,manual_override_applied;gsis_id_not_in_master
2023,3,HodgKh00,KhaDarel Hodge,WR,SF,00-0034854,2.5,1,False,False,master_name_position,,crosswalk_fields_disagree,Info,crosswalk_fields_disagree
2023,3,JoneCh00,Charlie Jones,WR,NYG,,,0,False,False,unmatched,,no_unique_gsis_id;no_actual_weekly_record;actual_score_created_from_missing_record,Info,
2023,3,SmarSt00,Stone Smartt,TE,NO,00-0037475,0.0,0,True,False,master_name_position,,crosswalk_fields_disagree;no_actual_weekly_record;actual_score_created_from_missing_record,Info,crosswalk_fields_disagree
2023,3,IosiAn00,Andrei Iosivas,WR,CIN,00-0038619,0.0,0,True,False,weekly_roster_name_position_team,,no_actual_weekly_record;actual_score_created_from_missing_record,Info,
2023,3,TolbJa00,Jalen Tolbert,WR,MIA,00-0037666,0.0,0,True,False,master_name_position,,no_actual_weekly_record;actual_score_created_from_missing_record,Info,
2023,3,WrigBr00,Brock Wright,TE,DET,00-0036754,0.0,0,True,False,weekly_roster_name_position_team,,crosswalk_fields_disagree;no_actual_weekly_record;actual_score_created_from_missing_record,Info,crosswalk_fields_disagree
2023,3,KiefKo00,Ko Kieft,TE,TB,00-0037311,0.0,0,True,False,weekly_roster_name_position_team,,crosswalk_fields_disagree;no_actual_weekly_record;actual_score_created_from_missing_record,Info,crosswalk_fields_disagree
2023,3,DemeEm00,Emari Demercado,RB,DAL,00-0038705,0.2,1,False,False,master_name_position,,crosswalk_fields_disagree,Info,crosswalk_fields_disagree
2023,3,HumpLi00,Lil'Jordan Humphrey,WR,DEN,00-0035406,0.0,0,True,False,weekly_roster_name_position_team,,no_actual_weekly_record;actual_score_created_from_missing_record,Info,
2023,3,RicaPa00,Patrick Ricard,RB,NYG,00-0033376,0.0,0,True,False,master_name_position,,no_actual_weekly_record;actual_score_created_from_missing_record,Info,
2023,3,RobiDe01,Demarcus Robinson,WR,SF,00-0032775,0.0,0,True,False,master_name_position,,no_actual_weekly_record;actual_score_created_from_missing_record,Info,
2023,3,HomeTr00,Travis Homer,RB,PIT,00-0035594,0.0,0,True,False,master_name_position,,no_actual_weekly_record;actual_score_created_from_missing_record,Info,
2023,3,RodrCh01,Chris Rodriguez Jr.,RB,JAX,00-0038611,0.0,0,True,False,master_name_position,,no_actual_weekly_record;actual_score_created_from_missing_record,Info,
2023,3,GillRe00,Reggie Gilliam,RB,NE,00-0036187,0.0,1,False,False,master_name_position,,crosswalk_fields_disagree,Info,crosswalk_fields_disagree
2023,3,BurtMi00,Michael Burton,RB,CLE,00-0031595,0.0,0,True,False,pfr_crosswalk_verified,,no_actual_weekly_record;actual_score_created_from_missing_record,Info,gsis_id_not_in_master
2023,3,TillCe00,Cedric Tillman,WR,NO,00-0038979,0.0,0,True,False,manual_override,Top-player gate override because the historical FBG row uses a stale NO team and the master has duplicate Cedric Tillman rows while weekly CLE records identify GSIS 00-0038979,no_actual_weekly_record;actual_score_created_from_missing_record,Info,manual_override_applied
2023,3,MundJo00,Johnny Mundt,TE,PHI,00-0033246,0.0,0,True,False,master_name_position,,no_actual_weekly_record;actual_score_created_from_missing_record,Info,
2023,3,AlleDa01,Davis Allen,TE,LA,00-0039074,0.0,0,True,False,weekly_roster_name_position_team,,crosswalk_fields_disagree;no_actual_weekly_record;actual_score_created_from_missing_record,Info,crosswalk_fields_disagree
2023,3,BeckAn00,Andrew Beck,RB,NYJ,00-0034959,0.0,0,True,False,manual_override,FBG position and team differ from the weekly roster record,no_actual_weekly_record;actual_score_created_from_missing_record,Info,manual_override_applied;gsis_id_not_in_master
2023,3,KrafTu00,Tucker Kraft,TE,GB,00-0038996,0.0,0,True,False,weekly_roster_name_position_team,,crosswalk_fields_disagree;no_actual_weekly_record;actual_score_created_from_missing_record,Info,crosswalk_fields_disagree
2023,3,BrowPh00,Pharaoh Brown,TE,IND,00-0033439,15.1,1,False,False,master_name_position,,crosswalk_fields_disagree,Info,crosswalk_fields_disagree
2023,3,JoneVe00,Velus Jones Jr,RB,SEA,00-0037745,0.0,1,False,False,manual_override,Top-player gate override because the historical FBG row labels Velus Jones Jr as RB with stale teams while the weekly records identify GSIS 00-0037745 and the master position is WR,crosswalk_fields_disagree;master_position_conflict,Info,crosswalk_fields_disagree;manual_override_applied;master_position_conflict
2023,3,WhylJo00,Josh Whyle,TE,GB,00-0038589,0.0,0,True,False,master_name_position,,no_actual_weekly_record;actual_score_created_from_missing_record,Info,
2023,3,SimsBe00,Ben Sims,TE,MIA,00-0038809,0.0,0,True,False,master_name_position,,no_actual_weekly_record;actual_score_created_from_missing_record,Info,
2023,3,WillBr04,Brayden Willis,TE,SF,00-0038643,0.0,0,True,False,weekly_roster_name_position_team,,crosswalk_fields_disagree;no_actual_weekly_record;actual_score_created_from_missing_record,Info,crosswalk_fields_disagree
2023,3,WoerCh00,Charlie Woerner,TE,ATL,00-0036429,0.0,0,True,False,master_name_position,,no_actual_weekly_record;actual_score_created_from_missing_record,Info,
2023,3,McClRa00,Ray-Ray McCloud III,WR,CHI,00-0034407,0.0,1,False,False,master_name_position,,crosswalk_fields_disagree,Info,crosswalk_fields_disagree
2023,3,KolaCh00,Charlie Kolar,TE,LAC,00-0038046,0.0,0,True,False,master_name_position,,no_actual_weekly_record;actual_score_created_from_missing_record,Info,
2023,3,TramAu00,Austin Trammell,WR,JAX,00-0036841,0.0,0,True,False,master_name_position,,no_actual_weekly_record;actual_score_created_from_missing_record,Info,
2023,3,RuckJe00,Jeremy Ruckert,TE,NYJ,00-0037805,0.0,0,True,False,weekly_roster_name_position_team,,no_actual_weekly_record;actual_score_created_from_missing_record,Info,
2023,3,CalcGr00,Grant Calcaterra,TE,PHI,00-0037086,0.0,0,True,False,weekly_roster_name_position_team,,no_actual_weekly_record;actual_score_created_from_missing_record,Info,
2023,3,MorrQu00,Quintin Morris,TE,JAX,00-0036590,0.0,0,True,False,master_name_position,,no_actual_weekly_record;actual_score_created_from_missing_record,Info,
2023,3,MitcKe01,Keaton Mitchell,RB,LAC,00-0038454,0.0,0,True,False,master_name_position,,no_actual_weekly_record;actual_score_created_from_missing_record,Info,
2023,3,ChesJu00,Julius Chestnut,RB,TEN,00-0037594,0.0,0,True,False,weekly_roster_name_position_team,,no_actual_weekly_record;actual_score_created_from_missing_record,Info,
2023,3,NailJa00,Jalen Nailor,WR,LV,00-0037291,0.0,0,True,False,master_name_position,,no_actual_weekly_record;actual_score_created_from_missing_record,Info,
2023,3,YounDa02,Dareke Young,WR,LV,00-0037093,0.0,0,True,False,master_name_position,,no_actual_weekly_record;actual_score_created_from_missing_record,Info,
2023,3,HillJu00,Justice Hill,RB,BAL,00-0034975,0.0,0,True,False,weekly_roster_name_position_team,,no_actual_weekly_record;actual_score_created_from_missing_record,Info,
2023,3,HiggEl00,Elijah Higgins,TE,ARI,00-0039041,0.0,0,True,False,weekly_roster_name_position_team,,no_actual_weekly_record;actual_score_created_from_missing_record,Info,
2023,3,DurhPa00,Payne Durham,TE,TB,00-0039050,0.0,0,True,False,weekly_roster_name_position_team,,crosswalk_fields_disagree;no_actual_weekly_record;actual_score_created_from_missing_record,Info,crosswalk_fields_disagree
2023,3,OlszGu00,Gunner Olszewski,WR,NYG,00-0035645,0.0,0,True,False,master_name_position,,no_actual_weekly_record;actual_score_created_from_missing_record,Info,
2023,3,BrooJa02,Jalen Brooks,WR,ARI,00-0038640,0.0,0,True,False,master_name_position,,no_actual_weekly_record;actual_score_created_from_missing_record,Info,
2023,3,MallWi00,Will Mallory,TE,IND,00-0038394,0.0,0,True,False,weekly_roster_name_position_team,,no_actual_weekly_record;actual_score_created_from_missing_record,Info,
2023,3,BrooCh02,Christopher Brooks,RB,MIA,00-0038685,6.6,1,False,False,weekly_roster_name_position_team,,master_name_conflict;master_team_context_differs,Info,master_name_conflict;master_team_context_differs
2023,4,AlleJo01,Josh Allen,QB,BUF,00-0034857,36.5,1,False,True,weekly_stats_name_position_team,,crosswalk_fields_disagree,Warning,crosswalk_fields_disagree
2023,4,McCaCh00,Christian McCaffrey,RB,SF,00-0033280,48.7,1,False,True,weekly_stats_name_position_team,,crosswalk_fields_disagree,Warning,crosswalk_fields_disagree
2023,4,AlleKe00,Keenan Allen,WR,IND,00-0030279,12.2,1,False,True,master_name_position,,crosswalk_fields_disagree,Warning,crosswalk_fields_disagree
2023,4,MahoPa00,Patrick Mahomes II,QB,KC,00-0033873,13.22,1,False,True,weekly_stats_name_position_team,,crosswalk_fields_disagree,Warning,crosswalk_fields_disagree
2023,4,DiggSt00,Stefon Diggs,WR,WAS,00-0031588,36.0,1,False,True,master_name_position,,crosswalk_fields_disagree,Warning,crosswalk_fields_disagree
2023,4,KelcTr00,Travis Kelce,TE,KC,00-0030506,12.0,1,False,True,weekly_stats_name_position_team,,crosswalk_fields_disagree,Warning,crosswalk_fields_disagree
2023,4,FielJu00,Justin Fields,QB,KC,00-0036945,27.9,1,False,True,master_name_position,,crosswalk_fields_disagree,Warning,crosswalk_fields_disagree
2023,4,EtieTr00,Travis Etienne Jr.,RB,NO,00-0036973,10.2,1,False,True,master_name_position,,crosswalk_fields_disagree,Warning,crosswalk_fields_disagree
2023,4,OlavCh00,Chris Olave,WR,NO,00-0037239,1.4,1,False,True,weekly_stats_name_position_team,,crosswalk_fields_disagree,Warning,crosswalk_fields_disagree
2023,4,BrowAJ00,A.J. Brown,WR,NE,00-0035676,38.5,1,False,True,master_name_position,,crosswalk_fields_disagree,Warning,crosswalk_fields_disagree
2023,4,MayfBa00,Baker Mayfield,QB,TB,00-0034855,22.94,1,False,True,weekly_stats_name_position_team,,crosswalk_fields_disagree,Warning,crosswalk_fields_disagree
2023,4,SamuDe00,Deebo Samuel Sr.,WR,SF,00-0035719,0.6,1,False,True,weekly_stats_name_position_team,,crosswalk_fields_disagree,Warning,crosswalk_fields_disagree
2023,4,JoneMa04,Mac Jones,QB,SF,00-0036972,0.7,1,False,True,master_name_position,,crosswalk_fields_disagree,Warning,crosswalk_fields_disagree
2023,4,WalkKe01,Ken Walker III,RB,KC,00-0038134,13.9,1,False,True,manual_override,FBG uses Ken Walker and a stale KC team in the historical export,master_name_conflict,Warning,manual_override_applied;master_name_conflict
2023,4,StevRh00,Rhamondre Stevenson,RB,NE,00-0036875,6.0,1,False,True,weekly_stats_name_position_team,,crosswalk_fields_disagree,Warning,crosswalk_fields_disagree
2023,4,AtweTu00,Tutu Atwell,WR,LA,00-0036849,7.4,1,False,True,weekly_stats_name_position_team,,crosswalk_fields_disagree,Warning,crosswalk_fields_disagree
2023,4,KirkCh00,Christian Kirk,WR,SF,00-0034775,16.4,1,False,True,master_name_position,,crosswalk_fields_disagree,Warning,crosswalk_fields_disagree
2023,4,KamaAl00,Alvin Kamara,RB,NO,00-0033906,21.4,1,False,True,weekly_stats_name_position_team,,crosswalk_fields_disagree,Warning,crosswalk_fields_disagree
2023,4,WilsZa00,Zach Wilson,QB,NO,00-0037013,19.2,1,False,True,master_name_position,,crosswalk_fields_disagree,Warning,crosswalk_fields_disagree
2023,4,BrowMa05,Hollywood Brown,WR,PHI,00-0035662,16.6,1,False,True,manual_override,FBG uses Hollywood Brown and a stale PHI team in the historical export,master_name_conflict,Warning,manual_override_applied;master_name_conflict
2023,4,GodwCh00,Chris Godwin Jr.,WR,TB,00-0033921,19.4,1,False,True,weekly_stats_name_position_team,,crosswalk_fields_disagree,Warning,crosswalk_fields_disagree
2023,4,SmitDe04,DeVonta Smith,WR,PHI,00-0036912,14.8,1,False,True,weekly_stats_name_position_team,,crosswalk_fields_disagree,Warning,crosswalk_fields_disagree
2023,4,HarrNa00,Najee Harris,RB,NYG,00-0036893,11.3,1,False,True,master_name_position,,crosswalk_fields_disagree,Warning,crosswalk_fields_disagree
2023,4,DobbJo00,Joshua Dobbs,QB,DET,00-0033949,23.4,1,False,True,master_name_position,,crosswalk_fields_disagree,Warning,crosswalk_fields_disagree
2023,4,GibbJa00,Jahmyr Gibbs,RB,DET,00-0039139,9.1,1,False,True,weekly_stats_name_position_team,,crosswalk_fields_disagree,Warning,crosswalk_fields_disagree
2023,4,WatsCh00,Christian Watson,WR,GB,00-0038124,10.5,1,False,True,weekly_stats_name_position_team,,crosswalk_fields_disagree,Warning,crosswalk_fields_disagree
2023,4,WallDa00,Darren Waller,TE,CAR,00-0031610,5.1,1,False,True,master_name_position,,crosswalk_fields_disagree,Warning,crosswalk_fields_disagree
2023,4,PalmJo01,Joshua Palmer,WR,BUF,00-0036988,10.7,1,False,True,master_name_position,,master_name_conflict,Warning,master_name_conflict
2023,4,JohnQu01,Quentin Johnston,WR,LAC,00-0038544,2.8,1,False,True,weekly_stats_name_position_team,,crosswalk_fields_disagree,Warning,crosswalk_fields_disagree
2023,4,DoubRo00,Romeo Doubs,WR,NE,00-0037816,18.5,1,False,True,master_name_position,,crosswalk_fields_disagree,Warning,crosswalk_fields_disagree
2023,4,HenrHu00,Hunter Henry,TE,NE,00-0033090,9.1,1,False,True,weekly_stats_name_position_team,,crosswalk_fields_disagree,Warning,crosswalk_fields_disagree
2023,4,MusgLu00,Luke Musgrave,TE,GB,00-0039144,1.1,1,False,True,weekly_stats_name_position_team,,crosswalk_fields_disagree,Warning,crosswalk_fields_disagree
2023,4,GainKe00,Kenny Gainwell,RB,TB,00-0036919,6.1,1,False,True,master_name_position,,crosswalk_fields_disagree,Warning,crosswalk_fields_disagree
2023,4,SmitJa02,Jaxon Smith-Njigba,WR,SEA,00-0038543,3.5,1,False,False,weekly_stats_name_position_team,,crosswalk_fields_disagree,Info,crosswalk_fields_disagree
2023,4,RiceRa01,Rashee Rice,WR,KC,00-0039067,6.2,1,False,False,weekly_stats_name_position_team,,crosswalk_fields_disagree,Info,crosswalk_fields_disagree
2023,4,SlayDa00,Darius Slayton,WR,NYG,00-0035535,4.3,1,False,False,weekly_stats_name_position_team,,crosswalk_fields_disagree,Info,crosswalk_fields_disagree
2023,4,FantNo00,Noah Fant,TE,NO,00-0035644,8.3,1,False,True,master_name_position,,crosswalk_fields_disagree,Warning,crosswalk_fields_disagree
2023,4,JohnJu00,Juwan Johnson,TE,NO,00-0036040,0.0,0,True,True,weekly_roster_name_position_team,,no_actual_weekly_record;actual_score_created_from_missing_record,Warning,
2023,4,OkonCh00,Chig Okonkwo,TE,WAS,00-0037809,5.9,1,False,True,master_name_position,,crosswalk_fields_disagree,Warning,crosswalk_fields_disagree
2023,4,PalmTr00,Trey Palmer,WR,NO,00-0039052,8.6,1,False,False,master_name_position,,crosswalk_fields_disagree,Info,crosswalk_fields_disagree
2023,4,MoorSk00,Skyy Moore,WR,GB,00-0038090,1.9,1,False,False,master_name_position,,crosswalk_fields_disagree,Info,crosswalk_fields_disagree
2023,4,ParkCo00,Colby Parkinson,TE,LA,00-0036244,0.0,1,False,True,master_name_position,,crosswalk_fields_disagree,Warning,crosswalk_fields_disagree
2023,4,OttoCa00,Cade Otton,TE,TB,00-0038129,10.3,1,False,True,weekly_stats_name_position_team,,crosswalk_fields_disagree,Warning,crosswalk_fields_disagree
2023,4,HollMa00,Mack Hollins,WR,NE,00-0033555,0.0,1,False,False,master_name_position,,crosswalk_fields_disagree,Info,crosswalk_fields_disagree
2023,4,HillJu01,Julian Hill,TE,NE,00-0038720,0.0,1,False,False,master_name_position,,crosswalk_fields_disagree,Info,crosswalk_fields_disagree
2023,4,DougDe00,DeMario Douglas,WR,NE,00-0038621,6.5,1,False,False,weekly_stats_name_position_team,,crosswalk_fields_disagree,Info,crosswalk_fields_disagree
2023,4,TuckSe00,Sean Tucker,RB,TB,00-0038951,0.0,0,True,True,weekly_roster_name_position_team,,crosswalk_fields_disagree;no_actual_weekly_record;actual_score_created_from_missing_record,Warning,crosswalk_fields_disagree
2023,4,JohnBr03,Brandon Johnson,WR,PIT,,,0,False,False,unmatched,,no_unique_gsis_id;no_actual_weekly_record;actual_score_created_from_missing_record,Info,
2023,4,GrayNo00,Noah Gray,TE,KC,00-0036637,10.4,1,False,False,weekly_stats_name_position_team,,crosswalk_fields_disagree,Info,crosswalk_fields_disagree
2023,4,MoorCh00,Chris Moore,WR,BAL,00-0032398,5.4,1,False,False,master_name_position,,crosswalk_fields_disagree,Info,crosswalk_fields_disagree
2023,4,StroPi00,Pierre Strong Jr,RB,GB,00-0038098,4.9,1,False,True,master_name_position,,crosswalk_fields_disagree,Warning,crosswalk_fields_disagree
2023,4,JuszKy00,Kyle Juszczyk,RB,SF,00-0029892,0.0,0,True,False,weekly_roster_name_position_team,,no_actual_weekly_record;actual_score_created_from_missing_record,Info,gsis_id_not_in_master
2023,4,McLaJa00,Jaleel McLaughlin,RB,CLE,00-0038794,19.4,1,False,False,master_name_position,,crosswalk_fields_disagree,Info,crosswalk_fields_disagree
2023,4,MayeMi00,Michael Mayer,TE,LV,00-0039066,0.0,0,True,False,weekly_roster_name_position_team,,no_actual_weekly_record;actual_score_created_from_missing_record,Info,
2023,4,SermTr00,Trey Sermon,RB,ATL,00-0036984,0.7,1,False,False,master_name_position,,crosswalk_fields_disagree,Info,crosswalk_fields_disagree
2023,4,IngoAl00,Alec Ingold,RB,LAC,00-0035125,0.0,0,True,False,manual_override,Top-player gate override because the historical FBG row uses a stale LAC team while the weekly roster identifies Alec Ingold as RB 00-0035125 for MIA,no_actual_weekly_record;actual_score_created_from_missing_record,Info,manual_override_applied;gsis_id_not_in_master
2023,4,ThomDe04,Deven Thompkins,WR,LV,00-0037487,15.6,1,False,False,master_name_position,,crosswalk_fields_disagree,Info,crosswalk_fields_disagree
2023,4,DallDe00,DeeJay Dallas,RB,MIN,00-0036425,0.0,1,False,False,master_name_position,,crosswalk_fields_disagree;master_team_context_differs,Info,crosswalk_fields_disagree;master_team_context_differs
2023,4,DemeEm00,Emari Demercado,RB,DAL,00-0038705,5.4,1,False,False,master_name_position,,crosswalk_fields_disagree,Info,crosswalk_fields_disagree
2023,4,DaviDe01,Derius Davis,WR,LAC,00-0038573,8.7,1,False,False,weekly_stats_name_position_team,,crosswalk_fields_disagree,Info,crosswalk_fields_disagree
2023,4,TuckTr00,Tre Tucker,WR,LV,00-0038563,0.0,0,True,False,weekly_roster_name_position_team,,no_actual_weekly_record;actual_score_created_from_missing_record,Info,
2023,4,HeywCo00,Connor Heyward,TE,LV,00-0037304,0.0,0,True,False,manual_override,Top-player gate override because the historical FBG row uses a stale LV team while the weekly roster identifies Connor Heyward as TE 00-0037304 for PIT,no_actual_weekly_record;actual_score_created_from_missing_record,Info,manual_override_applied;gsis_id_not_in_master
2023,4,SkowBe00,Ben Skowronek,WR,PIT,00-0036862,0.0,0,True,False,master_name_position,,no_actual_weekly_record;actual_score_created_from_missing_record,Info,
2023,4,PrenAd00,Adam Prentice,RB,DEN,00-0036727,0.0,0,True,False,pfr_crosswalk_verified,,no_actual_weekly_record;actual_score_created_from_missing_record,Info,gsis_id_not_in_master
2023,4,MillSc01,Scotty Miller,WR,CHI,00-0035298,0.0,0,True,False,pfr_crosswalk_verified,,master_name_conflict;no_actual_weekly_record;actual_score_created_from_missing_record,Info,master_name_conflict
2023,4,OgleAn00,Drew Ogletree,TE,IND,00-0037292,13.8,1,False,False,pfr_crosswalk_verified,,master_name_conflict,Info,master_name_conflict
2023,4,HodgKh00,KhaDarel Hodge,WR,SF,00-0034854,3.9,1,False,False,master_name_position,,crosswalk_fields_disagree,Info,crosswalk_fields_disagree
2023,4,BrooCh01,Chris Brooks,RB,GB,00-0038685,0.0,0,True,False,master_name_position,,no_actual_weekly_record;actual_score_created_from_missing_record,Info,
2023,4,SmarSt00,Stone Smartt,TE,NO,00-0037475,0.0,1,False,False,master_name_position,,crosswalk_fields_disagree,Info,crosswalk_fields_disagree
2023,4,WrigBr00,Brock Wright,TE,DET,00-0036754,0.0,0,True,False,weekly_roster_name_position_team,,crosswalk_fields_disagree;no_actual_weekly_record;actual_score_created_from_missing_record,Info,crosswalk_fields_disagree
2023,4,TremTo00,Tommy Tremble,TE,CAR,00-0037005,0.0,0,True,False,weekly_roster_name_position_team,,no_actual_weekly_record;actual_score_created_from_missing_record,Info,
2023,4,ReynCr00,Craig Reynolds,RB,WAS,00-0035567,0.0,1,False,False,master_name_position,,crosswalk_fields_disagree,Info,crosswalk_fields_disagree
2023,4,KiefKo00,Ko Kieft,TE,TB,00-0037311,0.0,1,False,False,weekly_stats_name_position_team,,crosswalk_fields_disagree,Info,crosswalk_fields_disagree
2023,4,RobiDe01,Demarcus Robinson,WR,SF,00-0032775,0.0,0,True,False,master_name_position,,no_actual_weekly_record;actual_score_created_from_missing_record,Info,
2023,4,JoneVe00,Velus Jones Jr,RB,SEA,00-0037745,1.0,1,False,False,manual_override,Top-player gate override because the historical FBG row labels Velus Jones Jr as RB with stale teams while the weekly records identify GSIS 00-0037745 and the master position is WR,crosswalk_fields_disagree;master_position_conflict,Info,crosswalk_fields_disagree;manual_override_applied;master_position_conflict
2023,4,GillRe00,Reggie Gilliam,RB,NE,00-0036187,0.0,0,True,False,master_name_position,,crosswalk_fields_disagree;no_actual_weekly_record;actual_score_created_from_missing_record,Info,crosswalk_fields_disagree
2023,4,WilsEm00,Emanuel Wilson,RB,SEA,00-0038797,0.0,0,True,False,master_name_position,,no_actual_weekly_record;actual_score_created_from_missing_record,Info,
2023,4,BurtMi00,Michael Burton,RB,CLE,00-0031595,0.0,0,True,False,pfr_crosswalk_verified,,no_actual_weekly_record;actual_score_created_from_missing_record,Info,gsis_id_not_in_master
2023,4,MundJo00,Johnny Mundt,TE,PHI,00-0033246,0.0,0,True,False,master_name_position,,no_actual_weekly_record;actual_score_created_from_missing_record,Info,
2023,4,AlleDa01,Davis Allen,TE,LA,00-0039074,0.0,0,True,False,weekly_roster_name_position_team,,crosswalk_fields_disagree;no_actual_weekly_record;actual_score_created_from_missing_record,Info,crosswalk_fields_disagree
2023,4,BeckAn00,Andrew Beck,RB,NYJ,00-0034959,0.0,0,True,False,manual_override,FBG position and team differ from the weekly roster record,no_actual_weekly_record;actual_score_created_from_missing_record,Info,manual_override_applied;gsis_id_not_in_master
2023,4,BrowPh00,Pharaoh Brown,TE,IND,00-0033439,0.0,0,True,False,master_name_position,,crosswalk_fields_disagree;no_actual_weekly_record;actual_score_created_from_missing_record,Info,crosswalk_fields_disagree
2023,4,RussBr00,Brady Russell,RB,SEA,00-0038488,0.0,0,True,False,master_name_position,,no_actual_weekly_record;actual_score_created_from_missing_record,Info,
2023,4,KrafTu00,Tucker Kraft,TE,GB,00-0038996,2.5,1,False,False,weekly_stats_name_position_team,,crosswalk_fields_disagree,Info,crosswalk_fields_disagree
2023,4,WillBr04,Brayden Willis,TE,SF,00-0038643,0.0,1,False,False,weekly_stats_name_position_team,,crosswalk_fields_disagree,Info,crosswalk_fields_disagree
2023,4,SimsBe00,Ben Sims,TE,MIA,00-0038809,0.0,0,True,False,master_name_position,,no_actual_weekly_record;actual_score_created_from_missing_record,Info,
2023,4,WoerCh00,Charlie Woerner,TE,ATL,00-0036429,0.0,0,True,False,master_name_position,,no_actual_weekly_record;actual_score_created_from_missing_record,Info,
2023,4,KolaCh00,Charlie Kolar,TE,LAC,00-0038046,0.0,0,True,False,master_name_position,,no_actual_weekly_record;actual_score_created_from_missing_record,Info,
2023,4,QuitTe00,Teagan Quitoriano,TE,ARI,00-0037277,0.0,0,True,False,master_name_position,,no_actual_weekly_record;actual_score_created_from_missing_record,Info,
2023,4,McClRa00,Ray-Ray McCloud III,WR,CHI,00-0034407,4.2,1,False,False,master_name_position,,crosswalk_fields_disagree,Info,crosswalk_fields_disagree
2023,4,CalcGr00,Grant Calcaterra,TE,PHI,00-0037086,0.0,0,True,False,weekly_roster_name_position_team,,no_actual_weekly_record;actual_score_created_from_missing_record,Info,
2023,4,MorrQu00,Quintin Morris,TE,JAX,00-0036590,0.0,0,True,False,master_name_position,,no_actual_weekly_record;actual_score_created_from_missing_record,Info,
2023,4,AhmeSa00,Salvon Ahmed,RB,CHI,00-0036020,0.0,0,True,False,master_name_position,,no_actual_weekly_record;actual_score_created_from_missing_record,Info,
2023,4,BrooCh02,Christopher Brooks,RB,MIA,00-0038685,0.0,0,True,False,weekly_roster_name_position_team,,master_name_conflict;master_team_context_differs;no_actual_weekly_record;actual_score_created_from_missing_record,Info,master_name_conflict;master_team_context_differs
2023,4,OgunDa00,Dare Ogunbowale,RB,LV,00-0033854,0.0,0,True,False,master_name_position,,crosswalk_fields_disagree;no_actual_weekly_record;actual_score_created_from_missing_record,Info,crosswalk_fields_disagree
2023,4,KnigZo00,Bam Knight,RB,ARI,00-0037157,0.0,0,True,False,master_name_position,,no_actual_weekly_record;actual_score_created_from_missing_record,Info,
2023,4,AbanIs00,Israel Abanikanda,RB,DAL,00-0038389,0.0,0,True,False,master_name_position,,no_actual_weekly_record;actual_score_created_from_missing_record,Info,
2023,4,ChesJu00,Julius Chestnut,RB,TEN,00-0037594,0.0,0,True,False,weekly_roster_name_position_team,,no_actual_weekly_record;actual_score_created_from_missing_record,Info,
2023,4,MallWi00,Will Mallory,TE,IND,00-0038394,0.0,0,True,False,weekly_roster_name_position_team,,no_actual_weekly_record;actual_score_created_from_missing_record,Info,
2023,4,HiggEl00,Elijah Higgins,TE,ARI,00-0039041,0.0,0,True,False,weekly_roster_name_position_team,,no_actual_weekly_record;actual_score_created_from_missing_record,Info,
2023,4,DurhPa00,Payne Durham,TE,TB,00-0039050,0.0,0,True,False,weekly_roster_name_position_team,,crosswalk_fields_disagree;no_actual_weekly_record;actual_score_created_from_missing_record,Info,crosswalk_fields_disagree
2023,4,MingJo00,Jonathan Mingo,WR,DAL,00-0039062,0.0,0,True,False,master_name_position,,no_actual_weekly_record;actual_score_created_from_missing_record,Info,
2023,4,BoutKa00,Kayshon Boutte,WR,HOU,00-0038608,0.0,0,True,False,master_name_position,,crosswalk_fields_disagree;no_actual_weekly_record;actual_score_created_from_missing_record,Info,crosswalk_fields_disagree
2023,4,OlszGu00,Gunner Olszewski,WR,NYG,00-0035645,0.0,0,True,False,master_name_position,,no_actual_weekly_record;actual_score_created_from_missing_record,Info,
2023,4,BrooJa02,Jalen Brooks,WR,ARI,00-0038640,0.0,0,True,False,master_name_position,,no_actual_weekly_record;actual_score_created_from_missing_record,Info,
2023,4,BateRa00,Rashod Bateman,WR,BAL,00-0036550,0.0,0,True,False,weekly_roster_name_position_team,,no_actual_weekly_record;actual_score_created_from_missing_record,Info,
2023,5,AlleJo01,Josh Allen,QB,BUF,00-0034857,27.76,1,False,True,weekly_stats_name_position_team,,crosswalk_fields_disagree,Warning,crosswalk_fields_disagree
2023,5,McCaCh00,Christian McCaffrey,RB,SF,00-0033280,13.8,1,False,True,weekly_stats_name_position_team,,crosswalk_fields_disagree,Warning,crosswalk_fields_disagree
2023,5,EtieTr00,Travis Etienne Jr.,RB,NO,00-0036973,36.4,1,False,True,master_name_position,,crosswalk_fields_disagree,Warning,crosswalk_fields_disagree
2023,5,BrowMa05,Hollywood Brown,WR,PHI,00-0035662,16.1,1,False,True,manual_override,FBG uses Hollywood Brown and a stale PHI team in the historical export,master_name_conflict,Warning,manual_override_applied;master_name_conflict
2023,5,MoorSk00,Skyy Moore,WR,GB,00-0038090,3.1,1,False,False,master_name_position,,crosswalk_fields_disagree,Info,crosswalk_fields_disagree
2023,5,JoneMa04,Mac Jones,QB,SF,00-0036972,-1.6,1,False,True,master_name_position,,crosswalk_fields_disagree,Warning,crosswalk_fields_disagree
2023,5,AtweTu00,Tutu Atwell,WR,LA,00-0036849,8.9,1,False,True,weekly_stats_name_position_team,,crosswalk_fields_disagree,Warning,crosswalk_fields_disagree
2023,5,FielJu00,Justin Fields,QB,KC,00-0036945,32.98,1,False,True,master_name_position,,crosswalk_fields_disagree,Warning,crosswalk_fields_disagree
2023,5,SamuDe00,Deebo Samuel Sr.,WR,SF,00-0035719,11.5,1,False,True,weekly_stats_name_position_team,,crosswalk_fields_disagree,Warning,crosswalk_fields_disagree
2023,5,DiggSt00,Stefon Diggs,WR,WAS,00-0031588,24.1,1,False,True,master_name_position,,crosswalk_fields_disagree,Warning,crosswalk_fields_disagree
2023,5,KamaAl00,Alvin Kamara,RB,NO,00-0033906,18.7,1,False,True,weekly_stats_name_position_team,,crosswalk_fields_disagree,Warning,crosswalk_fields_disagree
2023,5,DougDe00,DeMario Douglas,WR,NE,00-0038621,3.4,1,False,False,weekly_stats_name_position_team,,crosswalk_fields_disagree,Info,crosswalk_fields_disagree
2023,5,SlayDa00,Darius Slayton,WR,NYG,00-0035535,5.5,1,False,False,weekly_stats_name_position_team,,crosswalk_fields_disagree,Info,crosswalk_fields_disagree
2023,5,StevRh00,Rhamondre Stevenson,RB,NE,00-0036875,2.4,1,False,True,weekly_stats_name_position_team,,crosswalk_fields_disagree,Warning,crosswalk_fields_disagree
2023,5,HollMa00,Mack Hollins,WR,NE,00-0033555,4.9,1,False,False,master_name_position,,crosswalk_fields_disagree,Info,crosswalk_fields_disagree
2023,5,BrowAJ00,A.J. Brown,WR,NE,00-0035676,18.7,1,False,True,master_name_position,,crosswalk_fields_disagree,Warning,crosswalk_fields_disagree
2023,5,LikeIs00,Isaiah Likely,TE,NYG,00-0037838,0.0,0,True,False,master_name_position,,no_actual_weekly_record;actual_score_created_from_missing_record,Info,
2023,5,WillJa09,Jameson Williams,WR,DET,00-0037240,2.2,1,False,False,weekly_stats_name_position_team,,crosswalk_fields_disagree,Info,crosswalk_fields_disagree
2023,5,DoubRo00,Romeo Doubs,WR,NE,00-0037816,1.4,1,False,True,master_name_position,,crosswalk_fields_disagree,Warning,crosswalk_fields_disagree
2023,5,SmitDe04,DeVonta Smith,WR,PHI,00-0036912,1.6,1,False,True,weekly_stats_name_position_team,,crosswalk_fields_disagree,Warning,crosswalk_fields_disagree
2023,5,GainKe00,Kenny Gainwell,RB,TB,00-0036919,3.4,1,False,True,master_name_position,,crosswalk_fields_disagree,Warning,crosswalk_fields_disagree
2023,5,SmytDu00,Durham Smythe,TE,BAL,00-0034798,0.0,0,True,True,master_name_position,,no_actual_weekly_record;actual_score_created_from_missing_record,Warning,
2023,5,MusgLu00,Luke Musgrave,TE,GB,00-0039144,9.4,1,False,True,weekly_stats_name_position_team,,crosswalk_fields_disagree,Warning,crosswalk_fields_disagree
2023,5,HenrHu00,Hunter Henry,TE,NE,00-0033090,0.0,1,False,True,weekly_stats_name_position_team,,crosswalk_fields_disagree,Warning,crosswalk_fields_disagree
2023,5,OkonCh00,Chig Okonkwo,TE,WAS,00-0037809,8.3,1,False,True,master_name_position,,crosswalk_fields_disagree,Warning,crosswalk_fields_disagree
2023,5,CalcGr00,Grant Calcaterra,TE,PHI,00-0037086,0.0,0,True,False,weekly_roster_name_position_team,,no_actual_weekly_record;actual_score_created_from_missing_record,Info,
2023,5,JohnBr03,Brandon Johnson,WR,PIT,,,0,False,False,unmatched,,no_unique_gsis_id;no_actual_weekly_record;actual_score_created_from_missing_record,Info,
2023,5,KirkCh00,Christian Kirk,WR,SF,00-0034775,14.4,1,False,True,master_name_position,,crosswalk_fields_disagree,Warning,crosswalk_fields_disagree
2023,5,HodgKh00,KhaDarel Hodge,WR,SF,00-0034854,2.1,1,False,False,master_name_position,,crosswalk_fields_disagree,Info,crosswalk_fields_disagree
2023,5,TolbJa00,Jalen Tolbert,WR,MIA,00-0037666,0.0,0,True,False,master_name_position,,no_actual_weekly_record;actual_score_created_from_missing_record,Info,
2023,5,KrafTu00,Tucker Kraft,TE,GB,00-0038996,0.0,1,False,False,weekly_stats_name_position_team,,crosswalk_fields_disagree,Info,crosswalk_fields_disagree
2023,5,GrayNo00,Noah Gray,TE,KC,00-0036637,4.1,1,False,True,weekly_stats_name_position_team,,crosswalk_fields_disagree,Warning,crosswalk_fields_disagree
2023,5,WhitZa00,Zamir White,RB,NO,00-0038040,0.0,0,True,False,master_name_position,,no_actual_weekly_record;actual_score_created_from_missing_record,Info,
2023,5,WoerCh00,Charlie Woerner,TE,ATL,00-0036429,0.0,0,True,False,master_name_position,,no_actual_weekly_record;actual_score_created_from_missing_record,Info,
2023,5,McClRa00,Ray-Ray McCloud III,WR,CHI,00-0034407,1.1,1,False,False,master_name_position,,crosswalk_fields_disagree,Info,crosswalk_fields_disagree
2023,5,ZaccOl00,Olamide Zaccheaus,WR,ATL,00-0035208,0.0,0,True,False,master_name_position,,no_actual_weekly_record;actual_score_created_from_missing_record,Info,
2023,5,WallDa00,Darren Waller,TE,CAR,00-0031610,16.6,1,False,True,master_name_position,,crosswalk_fields_disagree,Warning,crosswalk_fields_disagree
2023,5,RiceRa01,Rashee Rice,WR,KC,00-0039067,13.3,1,False,True,weekly_stats_name_position_team,,crosswalk_fields_disagree,Warning,crosswalk_fields_disagree
2023,5,MillSc01,Scotty Miller,WR,CHI,00-0035298,3.0,1,False,False,pfr_crosswalk_verified,,master_name_conflict,Info,master_name_conflict
2023,5,ManhCh00,Chris Manhertz,TE,NYG,00-0031484,0.0,0,True,False,master_name_position,,no_actual_weekly_record;actual_score_created_from_missing_record,Info,
2023,5,JuszKy00,Kyle Juszczyk,RB,SF,00-0029892,0.0,0,True,False,weekly_roster_name_position_team,,no_actual_weekly_record;actual_score_created_from_missing_record,Info,gsis_id_not_in_master
2023,5,HeywCo00,Connor Heyward,TE,LV,00-0037304,0.0,0,True,False,manual_override,Top-player gate override because the historical FBG row uses a stale LV team while the weekly roster identifies Connor Heyward as TE 00-0037304 for PIT,no_actual_weekly_record;actual_score_created_from_missing_record,Info,manual_override_applied;gsis_id_not_in_master
2023,5,HillJu01,Julian Hill,TE,NE,00-0038720,0.0,0,True,False,master_name_position,,crosswalk_fields_disagree;no_actual_weekly_record;actual_score_created_from_missing_record,Info,crosswalk_fields_disagree
2023,5,MorrQu00,Quintin Morris,TE,JAX,00-0036590,0.0,0,True,False,master_name_position,,no_actual_weekly_record;actual_score_created_from_missing_record,Info,
2023,5,WrigBr00,Brock Wright,TE,DET,00-0036754,4.6,1,False,False,weekly_stats_name_position_team,,crosswalk_fields_disagree,Info,crosswalk_fields_disagree
2023,5,DemeEm00,Emari Demercado,RB,DAL,00-0038705,12.7,1,False,True,master_name_position,,crosswalk_fields_disagree,Warning,crosswalk_fields_disagree
2023,5,SampDr00,Drew Sample,TE,CIN,00-0035631,0.0,0,True,False,weekly_roster_name_position_team,,no_actual_weekly_record;actual_score_created_from_missing_record,Info,
2023,5,AlleDa01,Davis Allen,TE,LA,00-0039074,0.0,0,True,False,weekly_roster_name_position_team,,crosswalk_fields_disagree;no_actual_weekly_record;actual_score_created_from_missing_record,Info,crosswalk_fields_disagree
2023,5,PrenAd00,Adam Prentice,RB,DEN,00-0036727,0.0,0,True,False,pfr_crosswalk_verified,,no_actual_weekly_record;actual_score_created_from_missing_record,Info,gsis_id_not_in_master
2023,5,BrowPh00,Pharaoh Brown,TE,IND,00-0033439,0.0,0,True,False,master_name_position,,crosswalk_fields_disagree;no_actual_weekly_record;actual_score_created_from_missing_record,Info,crosswalk_fields_disagree
2023,5,OgleAn00,Drew Ogletree,TE,IND,00-0037292,3.6,1,False,False,pfr_crosswalk_verified,,master_name_conflict,Info,master_name_conflict
2023,5,HomeTr00,Travis Homer,RB,PIT,00-0035594,0.0,0,True,False,master_name_position,,no_actual_weekly_record;actual_score_created_from_missing_record,Info,
2023,5,MahoPa00,Patrick Mahomes II,QB,KC,00-0033873,19.24,1,False,True,weekly_stats_name_position_team,,crosswalk_fields_disagree,Warning,crosswalk_fields_disagree
2023,5,WilsZa00,Zach Wilson,QB,NO,00-0037013,8.56,1,False,True,master_name_position,,crosswalk_fields_disagree,Warning,crosswalk_fields_disagree
2023,5,HarrNa00,Najee Harris,RB,NYG,00-0036893,5.0,1,False,True,master_name_position,,crosswalk_fields_disagree,Warning,crosswalk_fields_disagree
2023,5,OlavCh00,Chris Olave,WR,NO,00-0037239,9.2,1,False,True,weekly_stats_name_position_team,,crosswalk_fields_disagree,Warning,crosswalk_fields_disagree
2023,5,MoorCh00,Chris Moore,WR,BAL,00-0032398,0.0,0,True,False,master_name_position,,crosswalk_fields_disagree;no_actual_weekly_record;actual_score_created_from_missing_record,Info,crosswalk_fields_disagree
2023,5,SermTr00,Trey Sermon,RB,ATL,00-0036984,0.0,0,True,False,master_name_position,,crosswalk_fields_disagree;no_actual_weekly_record;actual_score_created_from_missing_record,Info,crosswalk_fields_disagree
2023,5,ReynCr00,Craig Reynolds,RB,WAS,00-0035567,11.2,1,False,True,master_name_position,,crosswalk_fields_disagree,Warning,crosswalk_fields_disagree
2023,5,GillRe00,Reggie Gilliam,RB,NE,00-0036187,0.0,0,True,False,master_name_position,,crosswalk_fields_disagree;no_actual_weekly_record;actual_score_created_from_missing_record,Info,crosswalk_fields_disagree
2023,5,McLaJa00,Jaleel McLaughlin,RB,CLE,00-0038794,17.9,1,False,True,master_name_position,,crosswalk_fields_disagree,Warning,crosswalk_fields_disagree
2023,5,WilsEm00,Emanuel Wilson,RB,SEA,00-0038797,0.0,0,True,False,master_name_position,,no_actual_weekly_record;actual_score_created_from_missing_record,Info,
2023,5,JordBr00,Brevin Jordan,TE,HOU,00-0036556,0.0,0,True,False,weekly_roster_name_position_team,,no_actual_weekly_record;actual_score_created_from_missing_record,Info,
2023,5,HutcXa00,Xavier Hutchinson,WR,HOU,00-0038618,0.0,0,True,False,weekly_roster_name_position_team,,no_actual_weekly_record;actual_score_created_from_missing_record,Info,
2023,5,HumpLi00,Lil'Jordan Humphrey,WR,DEN,00-0035406,0.0,0,True,False,weekly_roster_name_position_team,,no_actual_weekly_record;actual_score_created_from_missing_record,Info,
2023,5,WatsCh00,Christian Watson,WR,GB,00-0038124,11.6,1,False,True,weekly_stats_name_position_team,,crosswalk_fields_disagree,Warning,crosswalk_fields_disagree
2023,5,DobbJo00,Joshua Dobbs,QB,DET,00-0033949,8.74,1,False,True,master_name_position,,crosswalk_fields_disagree,Warning,crosswalk_fields_disagree
2023,5,HyatJa00,Jalin Hyatt,WR,NYG,00-0038938,0.0,0,True,False,weekly_roster_name_position_team,,no_actual_weekly_record;actual_score_created_from_missing_record,Info,
2023,5,BeckAn00,Andrew Beck,RB,NYJ,00-0034959,0.0,0,True,False,manual_override,FBG position and team differ from the weekly roster record,no_actual_weekly_record;actual_score_created_from_missing_record,Info,manual_override_applied;gsis_id_not_in_master
2023,5,DrumDy00,Dylan Drummond,WR,ATL,00-0038953,0.0,0,True,False,master_name_position,,no_actual_weekly_record;actual_score_created_from_missing_record,Info,
2023,5,KelcTr00,Travis Kelce,TE,KC,00-0030506,22.7,1,False,True,weekly_stats_name_position_team,,crosswalk_fields_disagree,Warning,crosswalk_fields_disagree
2023,5,CharIr00,Irv Charles,WR,SEA,,,0,False,False,unmatched,,no_unique_gsis_id;crosswalk_fields_disagree;no_actual_weekly_record;actual_score_created_from_missing_record,Info,crosswalk_fields_disagree
2023,5,JoneVe00,Velus Jones Jr,RB,SEA,00-0037745,0.0,0,True,False,manual_override,Top-player gate override because the historical FBG row labels Velus Jones Jr as RB with stale teams while the weekly records identify GSIS 00-0037745 and the master position is WR,crosswalk_fields_disagree;master_position_conflict;no_actual_weekly_record;actual_score_created_from_missing_record,Info,crosswalk_fields_disagree;manual_override_applied;master_position_conflict
2023,5,BurtMi00,Michael Burton,RB,CLE,00-0031595,0.0,0,True,False,pfr_crosswalk_verified,,no_actual_weekly_record;actual_score_created_from_missing_record,Info,gsis_id_not_in_master
2023,5,IngoAl00,Alec Ingold,RB,LAC,00-0035125,0.0,0,True,False,manual_override,Top-player gate override because the historical FBG row uses a stale LAC team while the weekly roster identifies Alec Ingold as RB 00-0035125 for MIA,no_actual_weekly_record;actual_score_created_from_missing_record,Info,manual_override_applied;gsis_id_not_in_master
2023,5,BrooCh01,Chris Brooks,RB,GB,00-0038685,0.0,0,True,False,master_name_position,,no_actual_weekly_record;actual_score_created_from_missing_record,Info,
2023,5,HudsTa00,Tanner Hudson,TE,CIN,00-0034613,0.0,0,True,True,weekly_roster_name_position_team,,no_actual_weekly_record;actual_score_created_from_missing_record,Warning,
2023,5,WoodJe02,Jelani Woods,TE,NYJ,00-0037755,0.0,0,True,False,master_name_position,,no_actual_weekly_record;actual_score_created_from_missing_record,Info,
2023,5,CracRi00,River Cracraft,WR,WAS,00-0034054,0.0,0,True,False,master_name_position,,no_actual_weekly_record;actual_score_created_from_missing_record,Info,
2023,5,OConAi01,Aidan O'Connell,QB,LV,00-0038579,0.0,0,True,True,weekly_roster_name_position_team,,no_actual_weekly_record;actual_score_created_from_missing_record,Warning,
2023,5,JoneAa00,Aaron Jones Sr.,RB,MIN,00-0033293,0.0,0,True,False,master_name_position,,no_actual_weekly_record;actual_score_created_from_missing_record,Info,
2023,5,WillBr04,Brayden Willis,TE,SF,00-0038643,0.0,0,True,False,weekly_roster_name_position_team,,crosswalk_fields_disagree;no_actual_weekly_record;actual_score_created_from_missing_record,Info,crosswalk_fields_disagree
2023,5,BrooJa02,Jalen Brooks,WR,ARI,00-0038640,0.0,0,True,False,master_name_position,,no_actual_weekly_record;actual_score_created_from_missing_record,Info,
2023,6,AlleJo01,Josh Allen,QB,BUF,00-0034857,13.86,1,False,True,weekly_stats_name_position_team,,crosswalk_fields_disagree,Warning,crosswalk_fields_disagree
2023,6,MahoPa00,Patrick Mahomes II,QB,KC,00-0033873,17.34,1,False,True,weekly_stats_name_position_team,,crosswalk_fields_disagree,Warning,crosswalk_fields_disagree
2023,6,McCaCh00,Christian McCaffrey,RB,SF,00-0033280,14.2,1,False,True,weekly_stats_name_position_team,,crosswalk_fields_disagree,Warning,crosswalk_fields_disagree
2023,6,DiggSt00,Stefon Diggs,WR,WAS,00-0031588,20.0,1,False,True,master_name_position,,crosswalk_fields_disagree,Warning,crosswalk_fields_disagree
2023,6,FielJu00,Justin Fields,QB,KC,00-0036945,4.92,1,False,True,master_name_position,,crosswalk_fields_disagree,Warning,crosswalk_fields_disagree
2023,6,AlleKe00,Keenan Allen,WR,IND,00-0030279,21.5,1,False,True,master_name_position,,crosswalk_fields_disagree,Warning,crosswalk_fields_disagree
2023,6,KelcTr00,Travis Kelce,TE,KC,00-0030506,21.4,1,False,True,weekly_stats_name_position_team,,crosswalk_fields_disagree,Warning,crosswalk_fields_disagree
2023,6,EtieTr00,Travis Etienne Jr.,RB,NO,00-0036973,23.3,1,False,True,master_name_position,,crosswalk_fields_disagree,Warning,crosswalk_fields_disagree
2023,6,GodwCh00,Chris Godwin Jr.,WR,TB,00-0033921,13.7,1,False,True,weekly_stats_name_position_team,,crosswalk_fields_disagree,Warning,crosswalk_fields_disagree
2023,6,MayfBa00,Baker Mayfield,QB,TB,00-0034855,6.84,1,False,True,weekly_stats_name_position_team,,crosswalk_fields_disagree,Warning,crosswalk_fields_disagree
2023,6,KamaAl00,Alvin Kamara,RB,NO,00-0033906,17.4,1,False,True,weekly_stats_name_position_team,,crosswalk_fields_disagree,Warning,crosswalk_fields_disagree
2023,6,BrowAJ00,A.J. Brown,WR,NE,00-0035676,20.1,1,False,True,master_name_position,,crosswalk_fields_disagree,Warning,crosswalk_fields_disagree
2023,6,JoneMa04,Mac Jones,QB,SF,00-0036972,5.9,1,False,True,master_name_position,,crosswalk_fields_disagree,Warning,crosswalk_fields_disagree
2023,6,KirkCh00,Christian Kirk,WR,SF,00-0034775,13.9,1,False,True,master_name_position,,crosswalk_fields_disagree,Warning,crosswalk_fields_disagree
2023,6,OlavCh00,Chris Olave,WR,NO,00-0037239,16.6,1,False,True,weekly_stats_name_position_team,,crosswalk_fields_disagree,Warning,crosswalk_fields_disagree
2023,6,WalkKe01,Ken Walker III,RB,KC,00-0038134,17.9,1,False,True,manual_override,FBG uses Ken Walker and a stale KC team in the historical export,master_name_conflict,Warning,manual_override_applied;master_name_conflict
2023,6,DobbJo00,Joshua Dobbs,QB,DET,00-0033949,10.1,1,False,True,master_name_position,,crosswalk_fields_disagree,Warning,crosswalk_fields_disagree
2023,6,WilsZa00,Zach Wilson,QB,NO,00-0037013,10.94,1,False,True,master_name_position,,crosswalk_fields_disagree,Warning,crosswalk_fields_disagree
2023,6,StevRh00,Rhamondre Stevenson,RB,NE,00-0036875,18.0,1,False,True,weekly_stats_name_position_team,,crosswalk_fields_disagree,Warning,crosswalk_fields_disagree
2023,6,BrowMa05,Hollywood Brown,WR,PHI,00-0035662,7.4,1,False,True,manual_override,FBG uses Hollywood Brown and a stale PHI team in the historical export,master_name_conflict,Warning,manual_override_applied;master_name_conflict
2023,6,AtweTu00,Tutu Atwell,WR,LA,00-0036849,4.0,1,False,True,weekly_stats_name_position_team,,crosswalk_fields_disagree,Warning,crosswalk_fields_disagree
2023,6,DemeEm00,Emari Demercado,RB,DAL,00-0038705,2.7,1,False,True,master_name_position,,crosswalk_fields_disagree,Warning,crosswalk_fields_disagree
2023,6,SamuDe00,Deebo Samuel Sr.,WR,SF,00-0035719,1.1,1,False,True,weekly_stats_name_position_team,,crosswalk_fields_disagree,Warning,crosswalk_fields_disagree
2023,6,SmitDe04,DeVonta Smith,WR,PHI,00-0036912,9.4,1,False,True,weekly_stats_name_position_team,,crosswalk_fields_disagree,Warning,crosswalk_fields_disagree
2023,6,PalmJo01,Joshua Palmer,WR,BUF,00-0036988,10.0,1,False,False,master_name_position,,master_name_conflict,Info,master_name_conflict
2023,6,WallDa00,Darren Waller,TE,CAR,00-0031610,9.3,1,False,True,master_name_position,,crosswalk_fields_disagree,Warning,crosswalk_fields_disagree
2023,6,PalmTr00,Trey Palmer,WR,NO,00-0039052,6.7,1,False,False,master_name_position,,crosswalk_fields_disagree,Info,crosswalk_fields_disagree
2023,6,HenrHu00,Hunter Henry,TE,NE,00-0033090,1.7,1,False,True,weekly_stats_name_position_team,,crosswalk_fields_disagree,Warning,crosswalk_fields_disagree
2023,6,McLaJa00,Jaleel McLaughlin,RB,CLE,00-0038794,6.2,1,False,True,master_name_position,,crosswalk_fields_disagree,Warning,crosswalk_fields_disagree
2023,6,JohnQu01,Quentin Johnston,WR,LAC,00-0038544,0.0,1,False,True,weekly_stats_name_position_team,,crosswalk_fields_disagree,Warning,crosswalk_fields_disagree
2023,6,RiceRa01,Rashee Rice,WR,KC,00-0039067,11.2,1,False,True,weekly_stats_name_position_team,,crosswalk_fields_disagree,Warning,crosswalk_fields_disagree
2023,6,OttoCa00,Cade Otton,TE,TB,00-0038129,2.5,1,False,True,weekly_stats_name_position_team,,crosswalk_fields_disagree,Warning,crosswalk_fields_disagree
2023,6,SmitJa02,Jaxon Smith-Njigba,WR,SEA,00-0038543,8.8,1,False,False,weekly_stats_name_position_team,,crosswalk_fields_disagree,Info,crosswalk_fields_disagree
2023,6,ThomDe04,Deven Thompkins,WR,LV,00-0037487,2.3,1,False,False,master_name_position,,crosswalk_fields_disagree,Info,crosswalk_fields_disagree
2023,6,GainKe00,Kenny Gainwell,RB,TB,00-0036919,2.7,1,False,True,master_name_position,,crosswalk_fields_disagree,Warning,crosswalk_fields_disagree
2023,6,MetcJo00,John Metchie III,WR,CAR,00-0037614,0.0,0,True,False,master_name_position,,no_actual_weekly_record;actual_score_created_from_missing_record,Info,
2023,6,OkonCh00,Chig Okonkwo,TE,WAS,00-0037809,3.8,1,False,True,master_name_position,,crosswalk_fields_disagree,Warning,crosswalk_fields_disagree
2023,6,FantNo00,Noah Fant,TE,NO,00-0035644,1.9,1,False,True,master_name_position,,crosswalk_fields_disagree,Warning,crosswalk_fields_disagree
2023,6,MoorCh00,Chris Moore,WR,BAL,00-0032398,1.6,1,False,False,master_name_position,,crosswalk_fields_disagree,Info,crosswalk_fields_disagree
2023,6,ReynCr00,Craig Reynolds,RB,WAS,00-0035567,6.3,1,False,True,master_name_position,,crosswalk_fields_disagree,Warning,crosswalk_fields_disagree
2023,6,SlayDa00,Darius Slayton,WR,NYG,00-0035535,10.9,1,False,False,weekly_stats_name_position_team,,crosswalk_fields_disagree,Info,crosswalk_fields_disagree
2023,6,MoorSk00,Skyy Moore,WR,GB,00-0038090,4.2,1,False,False,master_name_position,,crosswalk_fields_disagree,Info,crosswalk_fields_disagree
2023,6,GrayNo00,Noah Gray,TE,KC,00-0036637,3.5,1,False,True,weekly_stats_name_position_team,,crosswalk_fields_disagree,Warning,crosswalk_fields_disagree
2023,6,OlivJo00,Josh Oliver,TE,MIN,00-0035249,0.0,0,True,True,weekly_roster_name_position_team,,no_actual_weekly_record;actual_score_created_from_missing_record,Warning,
2023,6,OgleAn00,Drew Ogletree,TE,IND,00-0037292,0.0,1,False,True,pfr_crosswalk_verified,,master_name_conflict,Warning,master_name_conflict
2023,6,ParkCo00,Colby Parkinson,TE,LA,00-0036244,4.9,1,False,True,master_name_position,,crosswalk_fields_disagree,Warning,crosswalk_fields_disagree
2023,6,HollMa00,Mack Hollins,WR,NE,00-0033555,7.1,1,False,False,master_name_position,,crosswalk_fields_disagree,Info,crosswalk_fields_disagree
2023,6,JohnBr03,Brandon Johnson,WR,PIT,,,0,False,False,unmatched,,no_unique_gsis_id;no_actual_weekly_record;actual_score_created_from_missing_record,Info,
2023,6,WillJa09,Jameson Williams,WR,DET,00-0037240,13.3,1,False,False,weekly_stats_name_position_team,,crosswalk_fields_disagree,Info,crosswalk_fields_disagree
2023,6,JuszKy00,Kyle Juszczyk,RB,SF,00-0029892,0.0,0,True,False,weekly_roster_name_position_team,,no_actual_weekly_record;actual_score_created_from_missing_record,Info,gsis_id_not_in_master
2023,6,WrigBr00,Brock Wright,TE,DET,00-0036754,1.7,1,False,False,weekly_stats_name_position_team,,crosswalk_fields_disagree,Info,crosswalk_fields_disagree
2023,6,HodgKh00,KhaDarel Hodge,WR,SF,00-0034854,0.0,1,False,False,master_name_position,,crosswalk_fields_disagree,Info,crosswalk_fields_disagree
2023,6,StroPi00,Pierre Strong Jr,RB,GB,00-0038098,0.0,1,False,True,master_name_position,,crosswalk_fields_disagree,Warning,crosswalk_fields_disagree
2023,6,SchoLu00,Luke Schoonmaker,TE,DAL,00-0038547,0.0,0,True,False,weekly_roster_name_position_team,,no_actual_weekly_record;actual_score_created_from_missing_record,Info,
2023,6,DaviDe01,Derius Davis,WR,LAC,00-0038573,0.0,1,False,False,weekly_stats_name_position_team,,crosswalk_fields_disagree,Info,crosswalk_fields_disagree
2023,6,BeckAn00,Andrew Beck,RB,NYJ,00-0034959,0.0,0,True,False,manual_override,FBG position and team differ from the weekly roster record,no_actual_weekly_record;actual_score_created_from_missing_record,Info,manual_override_applied;gsis_id_not_in_master
2023,6,BateJo00,John Bates,TE,WAS,00-0036628,0.0,0,True,False,weekly_roster_name_position_team,,no_actual_weekly_record;actual_score_created_from_missing_record,Info,
2023,6,TuckSe00,Sean Tucker,RB,TB,00-0038951,0.0,0,True,False,weekly_roster_name_position_team,,crosswalk_fields_disagree;no_actual_weekly_record;actual_score_created_from_missing_record,Info,crosswalk_fields_disagree
2023,6,IngoAl00,Alec Ingold,RB,LAC,00-0035125,0.0,0,True,False,manual_override,Top-player gate override because the historical FBG row uses a stale LAC team while the weekly roster identifies Alec Ingold as RB 00-0035125 for MIA,no_actual_weekly_record;actual_score_created_from_missing_record,Info,manual_override_applied;gsis_id_not_in_master
2023,6,TurnCo00,Cole Turner,TE,MIA,00-0037078,0.0,0,True,False,master_name_position,,no_actual_weekly_record;actual_score_created_from_missing_record,Info,
2023,6,MillSc01,Scotty Miller,WR,CHI,00-0035298,1.4,1,False,False,pfr_crosswalk_verified,,master_name_conflict,Info,master_name_conflict
2023,6,MundJo00,Johnny Mundt,TE,PHI,00-0033246,0.0,0,True,False,master_name_position,,no_actual_weekly_record;actual_score_created_from_missing_record,Info,
2023,6,JoneTi00,Tim Jones,WR,JAX,00-0036497,0.0,0,True,False,weekly_roster_name_position_team,,no_actual_weekly_record;actual_score_created_from_missing_record,Info,
2023,6,DallDe00,DeeJay Dallas,RB,MIN,00-0036425,0.9,1,False,False,master_name_position,,crosswalk_fields_disagree;master_team_context_differs,Info,crosswalk_fields_disagree;master_team_context_differs
2023,6,HumpLi00,Lil'Jordan Humphrey,WR,DEN,00-0035406,0.0,0,True,False,weekly_roster_name_position_team,,no_actual_weekly_record;actual_score_created_from_missing_record,Info,
2023,6,JoneVe00,Velus Jones Jr,RB,SEA,00-0037745,3.0,1,False,False,manual_override,Top-player gate override because the historical FBG row labels Velus Jones Jr as RB with stale teams while the weekly records identify GSIS 00-0037745 and the master position is WR,crosswalk_fields_disagree;master_position_conflict,Info,crosswalk_fields_disagree;manual_override_applied;master_position_conflict
2023,6,BrowPh00,Pharaoh Brown,TE,IND,00-0033439,2.5,1,False,False,master_name_position,,crosswalk_fields_disagree,Info,crosswalk_fields_disagree
2023,6,BellDa03,Daniel Bellinger,TE,TEN,00-0038115,0.0,0,True,False,master_name_position,,no_actual_weekly_record;actual_score_created_from_missing_record,Info,
2023,6,FarrLu00,Luke Farrell,TE,SF,00-0036887,0.0,0,True,False,master_name_position,,no_actual_weekly_record;actual_score_created_from_missing_record,Info,
2023,6,SmarSt00,Stone Smartt,TE,NO,00-0037475,0.0,0,True,False,master_name_position,,crosswalk_fields_disagree;no_actual_weekly_record;actual_score_created_from_missing_record,Info,crosswalk_fields_disagree
2023,6,KiefKo00,Ko Kieft,TE,TB,00-0037311,0.0,0,True,False,weekly_roster_name_position_team,,crosswalk_fields_disagree;no_actual_weekly_record;actual_score_created_from_missing_record,Info,crosswalk_fields_disagree
2023,6,LikeIs00,Isaiah Likely,TE,NYG,00-0037838,0.0,0,True,False,master_name_position,,no_actual_weekly_record;actual_score_created_from_missing_record,Info,
2023,6,HillJu01,Julian Hill,TE,NE,00-0038720,0.0,0,True,False,master_name_position,,crosswalk_fields_disagree;no_actual_weekly_record;actual_score_created_from_missing_record,Info,crosswalk_fields_disagree
2023,6,LuepHu01,Hunter Luepke,RB,DAL,00-0038738,0.0,0,True,False,weekly_roster_name_position_team,,no_actual_weekly_record;actual_score_created_from_missing_record,Info,
2023,6,SkowBe00,Ben Skowronek,WR,PIT,00-0036862,0.0,0,True,False,master_name_position,,no_actual_weekly_record;actual_score_created_from_missing_record,Info,
2023,6,SermTr00,Trey Sermon,RB,ATL,00-0036984,0.0,1,False,False,master_name_position,,crosswalk_fields_disagree,Info,crosswalk_fields_disagree
2023,6,GillRe00,Reggie Gilliam,RB,NE,00-0036187,0.0,0,True,False,master_name_position,,crosswalk_fields_disagree;no_actual_weekly_record;actual_score_created_from_missing_record,Info,crosswalk_fields_disagree
2023,6,QuitTe00,Teagan Quitoriano,TE,ARI,00-0037277,0.0,0,True,False,master_name_position,,no_actual_weekly_record;actual_score_created_from_missing_record,Info,
2023,6,RobiDe01,Demarcus Robinson,WR,SF,00-0032775,0.0,0,True,False,master_name_position,,no_actual_weekly_record;actual_score_created_from_missing_record,Info,
2023,6,BurtMi00,Michael Burton,RB,CLE,00-0031595,0.0,0,True,False,pfr_crosswalk_verified,,no_actual_weekly_record;actual_score_created_from_missing_record,Info,gsis_id_not_in_master
2023,6,McClRa00,Ray-Ray McCloud III,WR,CHI,00-0034407,3.7,1,False,False,master_name_position,,crosswalk_fields_disagree,Info,crosswalk_fields_disagree
2023,6,KolaCh00,Charlie Kolar,TE,LAC,00-0038046,0.0,0,True,False,master_name_position,,no_actual_weekly_record;actual_score_created_from_missing_record,Info,
2023,6,CalcGr00,Grant Calcaterra,TE,PHI,00-0037086,0.0,0,True,False,weekly_roster_name_position_team,,no_actual_weekly_record;actual_score_created_from_missing_record,Info,
2023,6,MitcKe01,Keaton Mitchell,RB,LAC,00-0038454,0.0,0,True,False,master_name_position,,no_actual_weekly_record;actual_score_created_from_missing_record,Info,
2023,6,FehoSi00,Simi Fehoko,WR,ARI,00-0036646,0.0,0,True,False,master_name_position,,no_actual_weekly_record;actual_score_created_from_missing_record,Info,
2023,6,AlleDa01,Davis Allen,TE,LA,00-0039074,0.0,0,True,False,weekly_roster_name_position_team,,crosswalk_fields_disagree;no_actual_weekly_record;actual_score_created_from_missing_record,Info,crosswalk_fields_disagree
2023,6,AlieMo00,Mo Alie-Cox,TE,IND,00-0033217,0.0,0,True,False,weekly_roster_name_position_team,,no_actual_weekly_record;actual_score_created_from_missing_record,Info,
2023,6,CharIr00,Irv Charles,WR,SEA,,,0,False,False,unmatched,,no_unique_gsis_id;crosswalk_fields_disagree;no_actual_weekly_record;actual_score_created_from_missing_record,Info,crosswalk_fields_disagree
2023,6,DaviMa02,Malik Davis,RB,DAL,00-0037563,0.0,0,True,False,weekly_roster_name_position_team,,no_actual_weekly_record;actual_score_created_from_missing_record,Info,
2023,6,DurhPa00,Payne Durham,TE,TB,00-0039050,1.8,1,False,False,weekly_stats_name_position_team,,crosswalk_fields_disagree,Info,crosswalk_fields_disagree
2023,6,ThorTy00,Tyquan Thornton,WR,KC,00-0038104,1.6,1,False,False,master_name_position,,crosswalk_fields_disagree,Info,crosswalk_fields_disagree
2023,6,ReagJa00,Jalen Reagor,WR,MIA,00-0036387,0.0,0,True,False,master_name_position,,no_actual_weekly_record;actual_score_created_from_missing_record,Info,
2023,6,TaylTy00,Tyrod Taylor,QB,GB,00-0028118,10.4,1,False,True,master_name_position,,crosswalk_fields_disagree,Warning,crosswalk_fields_disagree
2023,6,HudsTa00,Tanner Hudson,TE,CIN,00-0034613,0.0,0,True,False,weekly_roster_name_position_team,,no_actual_weekly_record;actual_score_created_from_missing_record,Info,
2023,6,BrooCh02,Christopher Brooks,RB,MIA,00-0038685,2.8,1,False,False,weekly_roster_name_position_team,,master_name_conflict;master_team_context_differs,Info,master_name_conflict;master_team_context_differs
2023,6,JoneDa05,Daniel Jones,QB,IND,00-0035710,0.0,0,True,True,master_name_position,,no_actual_weekly_record;actual_score_created_from_missing_record,Warning,
2023,6,OgunDa00,Dare Ogunbowale,RB,LV,00-0033854,0.0,0,True,False,master_name_position,,crosswalk_fields_disagree;no_actual_weekly_record;actual_score_created_from_missing_record,Info,crosswalk_fields_disagree
2023,6,ThomIa00,Ian Thomas,TE,LV,00-0034365,0.0,0,True,False,master_name_position,,no_actual_weekly_record;actual_score_created_from_missing_record,Info,
2023,6,AdkiNa00,Nate Adkins,TE,DEN,00-0038783,0.0,0,True,False,weekly_roster_name_position_team,,no_actual_weekly_record;actual_score_created_from_missing_record,Info,
2023,6,TillCe00,Cedric Tillman,WR,NO,00-0038979,0.0,0,True,False,manual_override,Top-player gate override because the historical FBG row uses a stale NO team and the master has duplicate Cedric Tillman rows while weekly CLE records identify GSIS 00-0038979,no_actual_weekly_record;actual_score_created_from_missing_record,Info,manual_override_applied
2023,6,BoutKa00,Kayshon Boutte,WR,HOU,00-0038608,0.0,0,True,False,master_name_position,,crosswalk_fields_disagree;no_actual_weekly_record;actual_score_created_from_missing_record,Info,crosswalk_fields_disagree
2023,6,WashPa01,Parker Washington,WR,JAX,00-0038606,0.0,0,True,False,weekly_roster_name_position_team,,no_actual_weekly_record;actual_score_created_from_missing_record,Info,
2023,6,ZappBa00,Bailey Zappe,QB,NYJ,00-0038108,0.0,0,True,True,master_name_position,,no_actual_weekly_record;actual_score_created_from_missing_record,Warning,
2023,6,PrenAd00,Adam Prentice,RB,DEN,00-0036727,0.0,0,True,False,pfr_crosswalk_verified,,no_actual_weekly_record;actual_score_created_from_missing_record,Info,gsis_id_not_in_master
2023,6,KincDa00,Dalton Kincaid,TE,BUF,00-0038933,0.0,0,True,False,weekly_roster_name_position_team,,no_actual_weekly_record;actual_score_created_from_missing_record,Info,
2023,7,MahoPa00,Patrick Mahomes II,QB,KC,00-0033873,33.86,1,False,True,weekly_stats_name_position_team,,crosswalk_fields_disagree,Warning,crosswalk_fields_disagree
2023,7,AlleJo01,Josh Allen,QB,BUF,00-0034857,24.3,1,False,True,weekly_stats_name_position_team,,crosswalk_fields_disagree,Warning,crosswalk_fields_disagree
2023,7,BrowAJ00,A.J. Brown,WR,NE,00-0035676,29.7,1,False,True,master_name_position,,crosswalk_fields_disagree,Warning,crosswalk_fields_disagree
2023,7,DiggSt00,Stefon Diggs,WR,WAS,00-0031588,17.8,1,False,True,master_name_position,,crosswalk_fields_disagree,Warning,crosswalk_fields_disagree
2023,7,KelcTr00,Travis Kelce,TE,KC,00-0030506,35.9,1,False,True,weekly_stats_name_position_team,,crosswalk_fields_disagree,Warning,crosswalk_fields_disagree
2023,7,WalkKe01,Ken Walker III,RB,KC,00-0038134,13.1,1,False,True,manual_override,FBG uses Ken Walker and a stale KC team in the historical export,master_name_conflict,Warning,manual_override_applied;master_name_conflict
2023,7,AlleKe00,Keenan Allen,WR,IND,00-0030279,9.5,1,False,True,master_name_position,,crosswalk_fields_disagree,Warning,crosswalk_fields_disagree
2023,7,KamaAl00,Alvin Kamara,RB,NO,00-0033906,29.3,1,False,True,weekly_stats_name_position_team,,crosswalk_fields_disagree,Warning,crosswalk_fields_disagree
2023,7,EtieTr00,Travis Etienne Jr.,RB,NO,00-0036973,22.7,1,False,True,master_name_position,,crosswalk_fields_disagree,Warning,crosswalk_fields_disagree
2023,7,McCaCh00,Christian McCaffrey,RB,SF,00-0033280,22.6,1,False,True,weekly_stats_name_position_team,,crosswalk_fields_disagree,Warning,crosswalk_fields_disagree
2023,7,OlavCh00,Chris Olave,WR,NO,00-0037239,12.7,1,False,True,weekly_stats_name_position_team,,crosswalk_fields_disagree,Warning,crosswalk_fields_disagree
2023,7,MayfBa00,Baker Mayfield,QB,TB,00-0034855,16.2,1,False,True,weekly_stats_name_position_team,,crosswalk_fields_disagree,Warning,crosswalk_fields_disagree
2023,7,DobbJo00,Joshua Dobbs,QB,DET,00-0033949,16.14,1,False,True,master_name_position,,crosswalk_fields_disagree,Warning,crosswalk_fields_disagree
2023,7,GibbJa00,Jahmyr Gibbs,RB,DET,00-0039139,27.6,1,False,True,weekly_stats_name_position_team,,crosswalk_fields_disagree,Warning,crosswalk_fields_disagree
2023,7,TaylTy00,Tyrod Taylor,QB,GB,00-0028118,21.66,1,False,True,master_name_position,,crosswalk_fields_disagree,Warning,crosswalk_fields_disagree
2023,7,KirkCh00,Christian Kirk,WR,SF,00-0034775,19.0,1,False,True,master_name_position,,crosswalk_fields_disagree,Warning,crosswalk_fields_disagree
2023,7,BrowMa05,Hollywood Brown,WR,PHI,00-0035662,7.9,1,False,True,manual_override,FBG uses Hollywood Brown and a stale PHI team in the historical export,master_name_conflict,Warning,manual_override_applied;master_name_conflict
2023,7,GodwCh00,Chris Godwin Jr.,WR,TB,00-0033921,12.6,1,False,True,weekly_stats_name_position_team,,crosswalk_fields_disagree,Warning,crosswalk_fields_disagree
2023,7,SmitDe04,DeVonta Smith,WR,PHI,00-0036912,8.9,1,False,True,weekly_stats_name_position_team,,crosswalk_fields_disagree,Warning,crosswalk_fields_disagree
2023,7,WatsCh00,Christian Watson,WR,GB,00-0038124,5.7,1,False,True,weekly_stats_name_position_team,,crosswalk_fields_disagree,Warning,crosswalk_fields_disagree
2023,7,RiceRa01,Rashee Rice,WR,KC,00-0039067,17.0,1,False,True,weekly_stats_name_position_team,,crosswalk_fields_disagree,Warning,crosswalk_fields_disagree
2023,7,StevRh00,Rhamondre Stevenson,RB,NE,00-0036875,14.5,1,False,True,weekly_stats_name_position_team,,crosswalk_fields_disagree,Warning,crosswalk_fields_disagree
2023,7,DoubRo00,Romeo Doubs,WR,NE,00-0037816,11.0,1,False,True,master_name_position,,crosswalk_fields_disagree,Warning,crosswalk_fields_disagree
2023,7,JoneMa04,Mac Jones,QB,SF,00-0036972,19.98,1,False,True,master_name_position,,crosswalk_fields_disagree,Warning,crosswalk_fields_disagree
2023,7,PalmJo01,Joshua Palmer,WR,BUF,00-0036988,18.3,1,False,True,master_name_position,,master_name_conflict,Warning,master_name_conflict
2023,7,AtweTu00,Tutu Atwell,WR,LA,00-0036849,10.1,1,False,True,weekly_stats_name_position_team,,crosswalk_fields_disagree,Warning,crosswalk_fields_disagree
2023,7,WallDa00,Darren Waller,TE,CAR,00-0031610,22.8,1,False,True,master_name_position,,crosswalk_fields_disagree,Warning,crosswalk_fields_disagree
2023,7,HarrNa00,Najee Harris,RB,NYG,00-0036893,15.8,1,False,True,master_name_position,,crosswalk_fields_disagree,Warning,crosswalk_fields_disagree
2023,7,SmitJa02,Jaxon Smith-Njigba,WR,SEA,00-0038543,16.3,1,False,True,weekly_stats_name_position_team,,crosswalk_fields_disagree,Warning,crosswalk_fields_disagree
2023,7,MusgLu00,Luke Musgrave,TE,GB,00-0039144,7.0,1,False,True,weekly_stats_name_position_team,,crosswalk_fields_disagree,Warning,crosswalk_fields_disagree
2023,7,ReynCr00,Craig Reynolds,RB,WAS,00-0035567,3.5,1,False,True,master_name_position,,crosswalk_fields_disagree,Warning,crosswalk_fields_disagree
2023,7,McLaJa00,Jaleel McLaughlin,RB,CLE,00-0038794,5.6,1,False,True,master_name_position,,crosswalk_fields_disagree,Warning,crosswalk_fields_disagree
2023,7,HenrHu00,Hunter Henry,TE,NE,00-0033090,4.7,1,False,True,weekly_stats_name_position_team,,crosswalk_fields_disagree,Warning,crosswalk_fields_disagree
2023,7,OttoCa00,Cade Otton,TE,TB,00-0038129,9.3,1,False,True,weekly_stats_name_position_team,,crosswalk_fields_disagree,Warning,crosswalk_fields_disagree
2023,7,GainKe00,Kenny Gainwell,RB,TB,00-0036919,7.6,1,False,True,master_name_position,,crosswalk_fields_disagree,Warning,crosswalk_fields_disagree
2023,7,MoorSk00,Skyy Moore,WR,GB,00-0038090,3.5,1,False,False,master_name_position,,crosswalk_fields_disagree,Info,crosswalk_fields_disagree
2023,7,SlayDa00,Darius Slayton,WR,NYG,00-0035535,3.2,1,False,True,weekly_stats_name_position_team,,crosswalk_fields_disagree,Warning,crosswalk_fields_disagree
2023,7,JohnQu01,Quentin Johnston,WR,LAC,00-0038544,3.0,1,False,False,weekly_stats_name_position_team,,crosswalk_fields_disagree,Info,crosswalk_fields_disagree
2023,7,DemeEm00,Emari Demercado,RB,DAL,00-0038705,11.5,1,False,True,master_name_position,,crosswalk_fields_disagree,Warning,crosswalk_fields_disagree
2023,7,PalmTr00,Trey Palmer,WR,NO,00-0039052,1.5,1,False,False,master_name_position,,crosswalk_fields_disagree,Info,crosswalk_fields_disagree
2023,7,MillKe00,Kendre Miller,RB,NO,00-0038551,0.0,0,True,True,weekly_roster_name_position_team,,no_actual_weekly_record;actual_score_created_from_missing_record,Warning,
2023,7,SmytDu00,Durham Smythe,TE,BAL,00-0034798,0.0,0,True,True,master_name_position,,no_actual_weekly_record;actual_score_created_from_missing_record,Warning,
2023,7,HeywCo00,Connor Heyward,TE,LV,00-0037304,0.0,0,True,True,manual_override,Top-player gate override because the historical FBG row uses a stale LV team while the weekly roster identifies Connor Heyward as TE 00-0037304 for PIT,no_actual_weekly_record;actual_score_created_from_missing_record,Warning,manual_override_applied;gsis_id_not_in_master
2023,7,FantNo00,Noah Fant,TE,NO,00-0035644,3.5,1,False,True,master_name_position,,crosswalk_fields_disagree,Warning,crosswalk_fields_disagree
2023,7,ParkCo00,Colby Parkinson,TE,LA,00-0036244,4.6,1,False,True,master_name_position,,crosswalk_fields_disagree,Warning,crosswalk_fields_disagree
2023,7,GrayNo00,Noah Gray,TE,KC,00-0036637,1.8,1,False,True,weekly_stats_name_position_team,,crosswalk_fields_disagree,Warning,crosswalk_fields_disagree
2023,7,ThorTy00,Tyquan Thornton,WR,KC,00-0038104,1.2,1,False,False,master_name_position,,crosswalk_fields_disagree,Info,crosswalk_fields_disagree
2023,7,HodgKh00,KhaDarel Hodge,WR,SF,00-0034854,2.9,1,False,False,master_name_position,,crosswalk_fields_disagree,Info,crosswalk_fields_disagree
2023,7,WashDa02,Darnell Washington,TE,PIT,00-0038558,0.0,0,True,False,weekly_roster_name_position_team,,no_actual_weekly_record;actual_score_created_from_missing_record,Info,
2023,7,TonyRo00,Robert Tonyan Jr,TE,PIT,00-0033757,0.0,0,True,False,master_name_position,,no_actual_weekly_record;actual_score_created_from_missing_record,Info,
2023,7,AbduAm00,Ameer Abdullah,RB,JAX,00-0032104,0.0,0,True,True,master_name_position,,no_actual_weekly_record;actual_score_created_from_missing_record,Warning,
2023,7,JuszKy00,Kyle Juszczyk,RB,SF,00-0029892,0.0,0,True,True,weekly_roster_name_position_team,,no_actual_weekly_record;actual_score_created_from_missing_record,Warning,gsis_id_not_in_master
2023,7,OgleAn00,Drew Ogletree,TE,IND,00-0037292,0.0,1,False,True,pfr_crosswalk_verified,,master_name_conflict,Warning,master_name_conflict
2023,7,MillSc01,Scotty Miller,WR,CHI,00-0035298,5.6,1,False,False,pfr_crosswalk_verified,,master_name_conflict,Info,master_name_conflict
2023,7,HollMa00,Mack Hollins,WR,NE,00-0033555,0.0,1,False,False,master_name_position,,crosswalk_fields_disagree,Info,crosswalk_fields_disagree
2023,7,WrigBr00,Brock Wright,TE,DET,00-0036754,0.0,0,True,False,weekly_roster_name_position_team,,crosswalk_fields_disagree;no_actual_weekly_record;actual_score_created_from_missing_record,Info,crosswalk_fields_disagree
2023,7,JohnBr03,Brandon Johnson,WR,PIT,,,0,False,False,unmatched,,no_unique_gsis_id;no_actual_weekly_record;actual_score_created_from_missing_record,Info,
2023,7,ThomDe04,Deven Thompkins,WR,LV,00-0037487,2.4,1,False,False,master_name_position,,crosswalk_fields_disagree,Info,crosswalk_fields_disagree
2023,7,WillJa09,Jameson Williams,WR,DET,00-0037240,0.0,1,False,False,weekly_stats_name_position_team,,crosswalk_fields_disagree,Info,crosswalk_fields_disagree
2023,7,IngoAl00,Alec Ingold,RB,LAC,00-0035125,0.0,0,True,True,manual_override,Top-player gate override because the historical FBG row uses a stale LAC team while the weekly roster identifies Alec Ingold as RB 00-0035125 for MIA,no_actual_weekly_record;actual_score_created_from_missing_record,Warning,manual_override_applied;gsis_id_not_in_master
2023,7,KrafTu00,Tucker Kraft,TE,GB,00-0038996,0.0,1,False,False,weekly_stats_name_position_team,,crosswalk_fields_disagree,Info,crosswalk_fields_disagree
2023,7,JoneVe00,Velus Jones Jr,RB,SEA,00-0037745,1.0,1,False,True,manual_override,Top-player gate override because the historical FBG row labels Velus Jones Jr as RB with stale teams while the weekly records identify GSIS 00-0037745 and the master position is WR,crosswalk_fields_disagree;master_position_conflict,Warning,crosswalk_fields_disagree;manual_override_applied;master_position_conflict
2023,7,StraBr00,Brenton Strange,TE,JAX,00-0038935,0.0,0,True,False,weekly_roster_name_position_team,,no_actual_weekly_record;actual_score_created_from_missing_record,Info,
2023,7,DallDe00,DeeJay Dallas,RB,MIN,00-0036425,1.0,1,False,True,master_name_position,,crosswalk_fields_disagree;master_team_context_differs,Warning,crosswalk_fields_disagree;master_team_context_differs
2023,7,HillJu01,Julian Hill,TE,NE,00-0038720,0.0,1,False,False,master_name_position,,crosswalk_fields_disagree,Info,crosswalk_fields_disagree
2023,7,DaviDe01,Derius Davis,WR,LAC,00-0038573,3.4,1,False,False,weekly_stats_name_position_team,,crosswalk_fields_disagree,Info,crosswalk_fields_disagree
2023,7,McClRa00,Ray-Ray McCloud III,WR,CHI,00-0034407,4.0,1,False,False,master_name_position,,crosswalk_fields_disagree,Info,crosswalk_fields_disagree
2023,7,LikeIs00,Isaiah Likely,TE,NYG,00-0037838,0.0,0,True,False,master_name_position,,no_actual_weekly_record;actual_score_created_from_missing_record,Info,
2023,7,FarrLu00,Luke Farrell,TE,SF,00-0036887,0.0,0,True,False,master_name_position,,no_actual_weekly_record;actual_score_created_from_missing_record,Info,
2023,7,TurnCo00,Cole Turner,TE,MIA,00-0037078,0.0,0,True,False,master_name_position,,no_actual_weekly_record;actual_score_created_from_missing_record,Info,
2023,7,BrowPh00,Pharaoh Brown,TE,IND,00-0033439,7.1,1,False,False,master_name_position,,crosswalk_fields_disagree,Info,crosswalk_fields_disagree
2023,7,StroPi00,Pierre Strong Jr,RB,GB,00-0038098,2.5,1,False,True,master_name_position,,crosswalk_fields_disagree,Warning,crosswalk_fields_disagree
2023,7,TuckSe00,Sean Tucker,RB,TB,00-0038951,0.0,0,True,True,weekly_roster_name_position_team,,crosswalk_fields_disagree;no_actual_weekly_record;actual_score_created_from_missing_record,Warning,crosswalk_fields_disagree
2023,7,BellDa03,Daniel Bellinger,TE,TEN,00-0038115,0.0,0,True,False,master_name_position,,no_actual_weekly_record;actual_score_created_from_missing_record,Info,
2023,7,ManhCh00,Chris Manhertz,TE,NYG,00-0031484,0.0,0,True,False,master_name_position,,no_actual_weekly_record;actual_score_created_from_missing_record,Info,
2023,7,KiefKo00,Ko Kieft,TE,TB,00-0037311,0.0,1,False,False,weekly_stats_name_position_team,,crosswalk_fields_disagree,Info,crosswalk_fields_disagree
2023,7,SmarSt00,Stone Smartt,TE,NO,00-0037475,1.5,1,False,False,master_name_position,,crosswalk_fields_disagree,Info,crosswalk_fields_disagree
2023,7,HumpLi00,Lil'Jordan Humphrey,WR,DEN,00-0035406,0.0,0,True,False,weekly_roster_name_position_team,,no_actual_weekly_record;actual_score_created_from_missing_record,Info,
2023,7,RobiDe01,Demarcus Robinson,WR,SF,00-0032775,0.0,0,True,False,master_name_position,,no_actual_weekly_record;actual_score_created_from_missing_record,Info,
2023,7,SkowBe00,Ben Skowronek,WR,PIT,00-0036862,0.0,0,True,False,master_name_position,,no_actual_weekly_record;actual_score_created_from_missing_record,Info,
2023,7,BurtMi00,Michael Burton,RB,CLE,00-0031595,0.0,0,True,False,pfr_crosswalk_verified,,no_actual_weekly_record;actual_score_created_from_missing_record,Info,gsis_id_not_in_master
2023,7,GillRe00,Reggie Gilliam,RB,NE,00-0036187,0.0,0,True,False,master_name_position,,crosswalk_fields_disagree;no_actual_weekly_record;actual_score_created_from_missing_record,Info,crosswalk_fields_disagree
2023,7,SermTr00,Trey Sermon,RB,ATL,00-0036984,0.0,0,True,False,master_name_position,,crosswalk_fields_disagree;no_actual_weekly_record;actual_score_created_from_missing_record,Info,crosswalk_fields_disagree
2023,7,DurhPa00,Payne Durham,TE,TB,00-0039050,0.0,1,False,False,weekly_stats_name_position_team,,crosswalk_fields_disagree,Info,crosswalk_fields_disagree
2023,7,AlleDa01,Davis Allen,TE,LA,00-0039074,0.0,0,True,False,weekly_roster_name_position_team,,crosswalk_fields_disagree;no_actual_weekly_record;actual_score_created_from_missing_record,Info,crosswalk_fields_disagree
2023,7,CalcGr00,Grant Calcaterra,TE,PHI,00-0037086,0.0,0,True,False,weekly_roster_name_position_team,,no_actual_weekly_record;actual_score_created_from_missing_record,Info,
2023,7,CoveBr00,Britain Covey,WR,PHI,00-0037132,0.0,0,True,False,weekly_roster_name_position_team,,no_actual_weekly_record;actual_score_created_from_missing_record,Info,
2023,7,FehoSi00,Simi Fehoko,WR,ARI,00-0036646,0.0,0,True,False,master_name_position,,no_actual_weekly_record;actual_score_created_from_missing_record,Info,
2023,7,DougDe00,DeMario Douglas,WR,NE,00-0038621,11.4,1,False,False,weekly_stats_name_position_team,,crosswalk_fields_disagree,Info,crosswalk_fields_disagree
2023,7,JohnTy00,Ty Johnson,RB,BUF,00-0035537,0.0,1,False,False,weekly_stats_name_position_team,,crosswalk_fields_disagree,Info,crosswalk_fields_disagree
2023,7,RussBr00,Brady Russell,RB,SEA,00-0038488,0.0,0,True,False,master_name_position,,no_actual_weekly_record;actual_score_created_from_missing_record,Info,
2023,7,BrooCh01,Chris Brooks,RB,GB,00-0038685,0.0,0,True,False,master_name_position,,no_actual_weekly_record;actual_score_created_from_missing_record,Info,
2023,7,JoneDa05,Daniel Jones,QB,IND,00-0035710,0.0,0,True,True,master_name_position,,no_actual_weekly_record;actual_score_created_from_missing_record,Warning,
2023,7,ZappBa00,Bailey Zappe,QB,NYJ,00-0038108,0.0,0,True,True,master_name_position,,no_actual_weekly_record;actual_score_created_from_missing_record,Warning,
2023,7,BrooCh02,Christopher Brooks,RB,MIA,00-0038685,0.0,0,True,False,weekly_roster_name_position_team,,master_name_conflict;master_team_context_differs;no_actual_weekly_record;actual_score_created_from_missing_record,Info,master_name_conflict;master_team_context_differs
2023,7,PrenAd00,Adam Prentice,RB,DEN,00-0036727,0.0,0,True,False,pfr_crosswalk_verified,,no_actual_weekly_record;actual_score_created_from_missing_record,Info,gsis_id_not_in_master
2023,7,JohnJu00,Juwan Johnson,TE,NO,00-0036040,0.0,0,True,False,weekly_roster_name_position_team,,no_actual_weekly_record;actual_score_created_from_missing_record,Info,
2023,7,OkwuAl00,Albert Okwuegbunam Jr.,TE,LV,00-0036423,0.0,0,True,False,master_name_position,,no_actual_weekly_record;actual_score_created_from_missing_record,Info,
2023,7,MetcDK00,DK Metcalf,WR,PIT,00-0035640,0.0,0,True,False,master_name_position,,no_actual_weekly_record;actual_score_created_from_missing_record,Info,
2023,7,SamuDe00,Deebo Samuel Sr.,WR,SF,00-0035719,0.0,0,True,False,weekly_roster_name_position_team,,crosswalk_fields_disagree;no_actual_weekly_record;actual_score_created_from_missing_record,Info,crosswalk_fields_disagree
2023,7,BoutKa00,Kayshon Boutte,WR,HOU,00-0038608,0.0,0,True,False,master_name_position,,crosswalk_fields_disagree;no_actual_weekly_record;actual_score_created_from_missing_record,Info,crosswalk_fields_disagree
2023,8,MahoPa00,Patrick Mahomes II,QB,KC,00-0033873,5.6,1,False,True,weekly_stats_name_position_team,,crosswalk_fields_disagree,Warning,crosswalk_fields_disagree
2023,8,KelcTr00,Travis Kelce,TE,KC,00-0030506,11.8,1,False,True,weekly_stats_name_position_team,,crosswalk_fields_disagree,Warning,crosswalk_fields_disagree
2023,8,McCaCh00,Christian McCaffrey,RB,SF,00-0033280,29.8,1,False,True,weekly_stats_name_position_team,,crosswalk_fields_disagree,Warning,crosswalk_fields_disagree
2023,8,DiggSt00,Stefon Diggs,WR,WAS,00-0031588,16.0,1,False,True,master_name_position,,crosswalk_fields_disagree,Warning,crosswalk_fields_disagree
2023,8,AlleJo01,Josh Allen,QB,BUF,00-0034857,29.06,1,False,True,weekly_stats_name_position_team,,crosswalk_fields_disagree,Warning,crosswalk_fields_disagree
2023,8,GibbJa00,Jahmyr Gibbs,RB,DET,00-0039139,29.9,1,False,True,weekly_stats_name_position_team,,crosswalk_fields_disagree,Warning,crosswalk_fields_disagree
2023,8,BrowAJ00,A.J. Brown,WR,NE,00-0035676,33.0,1,False,True,master_name_position,,crosswalk_fields_disagree,Warning,crosswalk_fields_disagree
2023,8,KamaAl00,Alvin Kamara,RB,NO,00-0033906,27.0,1,False,True,weekly_stats_name_position_team,,crosswalk_fields_disagree,Warning,crosswalk_fields_disagree
2023,8,AlleKe00,Keenan Allen,WR,IND,00-0030279,14.9,1,False,True,master_name_position,,crosswalk_fields_disagree,Warning,crosswalk_fields_disagree
2023,8,EtieTr00,Travis Etienne Jr.,RB,NO,00-0036973,25.9,1,False,True,master_name_position,,crosswalk_fields_disagree,Warning,crosswalk_fields_disagree
2023,8,WalkKe01,Ken Walker III,RB,KC,00-0038134,8.0,1,False,True,manual_override,FBG uses Ken Walker and a stale KC team in the historical export,master_name_conflict,Warning,manual_override_applied;master_name_conflict
2023,8,JoneMa04,Mac Jones,QB,SF,00-0036972,12.24,1,False,True,master_name_position,,crosswalk_fields_disagree,Warning,crosswalk_fields_disagree
2023,8,MayfBa00,Baker Mayfield,QB,TB,00-0034855,21.38,1,False,True,weekly_stats_name_position_team,,crosswalk_fields_disagree,Warning,crosswalk_fields_disagree
2023,8,DobbJo00,Joshua Dobbs,QB,DET,00-0033949,22.92,1,False,True,master_name_position,,crosswalk_fields_disagree,Warning,crosswalk_fields_disagree
2023,8,KirkCh00,Christian Kirk,WR,SF,00-0034775,8.6,1,False,True,master_name_position,,crosswalk_fields_disagree,Warning,crosswalk_fields_disagree
2023,8,OlavCh00,Chris Olave,WR,NO,00-0037239,9.6,1,False,True,weekly_stats_name_position_team,,crosswalk_fields_disagree,Warning,crosswalk_fields_disagree
2023,8,TaylTy00,Tyrod Taylor,QB,GB,00-0028118,3.62,1,False,True,master_name_position,,crosswalk_fields_disagree,Warning,crosswalk_fields_disagree
2023,8,WilsZa00,Zach Wilson,QB,NO,00-0037013,12.1,1,False,True,master_name_position,,crosswalk_fields_disagree,Warning,crosswalk_fields_disagree
2023,8,GodwCh00,Chris Godwin Jr.,WR,TB,00-0033921,17.8,1,False,True,weekly_stats_name_position_team,,crosswalk_fields_disagree,Warning,crosswalk_fields_disagree
2023,8,StevRh00,Rhamondre Stevenson,RB,NE,00-0036875,7.0,1,False,True,weekly_stats_name_position_team,,crosswalk_fields_disagree,Warning,crosswalk_fields_disagree
2023,8,WatsCh00,Christian Watson,WR,GB,00-0038124,6.3,1,False,True,weekly_stats_name_position_team,,crosswalk_fields_disagree,Warning,crosswalk_fields_disagree
2023,8,RiceRa01,Rashee Rice,WR,KC,00-0039067,9.6,1,False,True,weekly_stats_name_position_team,,crosswalk_fields_disagree,Warning,crosswalk_fields_disagree
2023,8,SmitDe04,DeVonta Smith,WR,PHI,00-0036912,22.9,1,False,True,weekly_stats_name_position_team,,crosswalk_fields_disagree,Warning,crosswalk_fields_disagree
2023,8,WallDa00,Darren Waller,TE,CAR,00-0031610,1.4,1,False,True,master_name_position,,crosswalk_fields_disagree,Warning,crosswalk_fields_disagree
2023,8,BrowMa05,Hollywood Brown,WR,PHI,00-0035662,15.3,1,False,True,manual_override,FBG uses Hollywood Brown and a stale PHI team in the historical export,master_name_conflict,Warning,manual_override_applied;master_name_conflict
2023,8,DemeEm00,Emari Demercado,RB,DAL,00-0038705,8.9,1,False,True,master_name_position,,crosswalk_fields_disagree,Warning,crosswalk_fields_disagree
2023,8,DoubRo00,Romeo Doubs,WR,NE,00-0037816,11.8,1,False,True,master_name_position,,crosswalk_fields_disagree,Warning,crosswalk_fields_disagree
2023,8,PalmJo01,Joshua Palmer,WR,BUF,00-0036988,5.4,1,False,True,master_name_position,,master_name_conflict,Warning,master_name_conflict
2023,8,DougDe00,DeMario Douglas,WR,NE,00-0038621,7.9,1,False,False,weekly_stats_name_position_team,,crosswalk_fields_disagree,Info,crosswalk_fields_disagree
2023,8,HarrNa00,Najee Harris,RB,NYG,00-0036893,10.5,1,False,True,master_name_position,,crosswalk_fields_disagree,Warning,crosswalk_fields_disagree
2023,8,StroPi00,Pierre Strong Jr,RB,GB,00-0038098,9.2,1,False,True,master_name_position,,crosswalk_fields_disagree,Warning,crosswalk_fields_disagree
2023,8,ReynCr00,Craig Reynolds,RB,WAS,00-0035567,7.6,1,False,True,master_name_position,,crosswalk_fields_disagree,Warning,crosswalk_fields_disagree
2023,8,HeywCo00,Connor Heyward,TE,LV,00-0037304,0.0,0,True,True,manual_override,Top-player gate override because the historical FBG row uses a stale LV team while the weekly roster identifies Connor Heyward as TE 00-0037304 for PIT,no_actual_weekly_record;actual_score_created_from_missing_record,Warning,manual_override_applied;gsis_id_not_in_master
2023,8,SmitJa02,Jaxon Smith-Njigba,WR,SEA,00-0038543,12.6,1,False,False,weekly_stats_name_position_team,,crosswalk_fields_disagree,Info,crosswalk_fields_disagree
2023,8,MusgLu00,Luke Musgrave,TE,GB,00-0039144,2.9,1,False,True,weekly_stats_name_position_team,,crosswalk_fields_disagree,Warning,crosswalk_fields_disagree
2023,8,HenrHu00,Hunter Henry,TE,NE,00-0033090,5.8,1,False,True,weekly_stats_name_position_team,,crosswalk_fields_disagree,Warning,crosswalk_fields_disagree
2023,8,AtweTu00,Tutu Atwell,WR,LA,00-0036849,6.9,1,False,False,weekly_stats_name_position_team,,crosswalk_fields_disagree,Info,crosswalk_fields_disagree
2023,8,OttoCa00,Cade Otton,TE,TB,00-0038129,8.7,1,False,True,weekly_stats_name_position_team,,crosswalk_fields_disagree,Warning,crosswalk_fields_disagree
2023,8,JohnQu01,Quentin Johnston,WR,LAC,00-0038544,10.0,1,False,False,weekly_stats_name_position_team,,crosswalk_fields_disagree,Info,crosswalk_fields_disagree
2023,8,GainKe00,Kenny Gainwell,RB,TB,00-0036919,5.6,1,False,True,master_name_position,,crosswalk_fields_disagree,Warning,crosswalk_fields_disagree
2023,8,PalmTr00,Trey Palmer,WR,NO,00-0039052,5.2,1,False,False,master_name_position,,crosswalk_fields_disagree,Info,crosswalk_fields_disagree
2023,8,SlayDa00,Darius Slayton,WR,NYG,00-0035535,0.9,1,False,False,weekly_stats_name_position_team,,crosswalk_fields_disagree,Info,crosswalk_fields_disagree
2023,8,OkonCh00,Chig Okonkwo,TE,WAS,00-0037809,6.7,1,False,True,master_name_position,,crosswalk_fields_disagree,Warning,crosswalk_fields_disagree
2023,8,MoorSk00,Skyy Moore,WR,GB,00-0038090,1.8,1,False,False,master_name_position,,crosswalk_fields_disagree,Info,crosswalk_fields_disagree
2023,8,TrauAd00,Adam Trautman,TE,DEN,00-0036422,0.0,0,True,False,weekly_roster_name_position_team,,no_actual_weekly_record;actual_score_created_from_missing_record,Info,
2023,8,OgleAn00,Drew Ogletree,TE,IND,00-0037292,10.3,1,False,True,pfr_crosswalk_verified,,master_name_conflict,Warning,master_name_conflict
2023,8,McLaJa00,Jaleel McLaughlin,RB,CLE,00-0038794,5.9,1,False,True,master_name_position,,crosswalk_fields_disagree,Warning,crosswalk_fields_disagree
2023,8,FantNo00,Noah Fant,TE,NO,00-0035644,5.2,1,False,True,master_name_position,,crosswalk_fields_disagree,Warning,crosswalk_fields_disagree
2023,8,GrayNo00,Noah Gray,TE,KC,00-0036637,4.5,1,False,True,weekly_stats_name_position_team,,crosswalk_fields_disagree,Warning,crosswalk_fields_disagree
2023,8,TuckTr00,Tre Tucker,WR,LV,00-0038563,0.0,0,True,False,weekly_roster_name_position_team,,no_actual_weekly_record;actual_score_created_from_missing_record,Info,
2023,8,McClRa00,Ray-Ray McCloud III,WR,CHI,00-0034407,6.3,1,False,False,master_name_position,,crosswalk_fields_disagree,Info,crosswalk_fields_disagree
2023,8,DallDe00,DeeJay Dallas,RB,MIN,00-0036425,0.0,1,False,False,master_name_position,,crosswalk_fields_disagree;master_team_context_differs,Info,crosswalk_fields_disagree;master_team_context_differs
2023,8,WillJa09,Jameson Williams,WR,DET,00-0037240,3.6,1,False,False,weekly_stats_name_position_team,,crosswalk_fields_disagree,Info,crosswalk_fields_disagree
2023,8,HyatJa00,Jalin Hyatt,WR,NYG,00-0038938,0.0,0,True,False,weekly_roster_name_position_team,,no_actual_weekly_record;actual_score_created_from_missing_record,Info,
2023,8,MoorCh00,Chris Moore,WR,BAL,00-0032398,0.0,0,True,False,master_name_position,,crosswalk_fields_disagree;no_actual_weekly_record;actual_score_created_from_missing_record,Info,crosswalk_fields_disagree
2023,8,ParkCo00,Colby Parkinson,TE,LA,00-0036244,0.0,0,True,True,master_name_position,,crosswalk_fields_disagree;no_actual_weekly_record;actual_score_created_from_missing_record,Warning,crosswalk_fields_disagree
2023,8,MoreFo00,Foster Moreau,TE,HOU,00-0034981,0.0,0,True,False,master_name_position,,no_actual_weekly_record;actual_score_created_from_missing_record,Info,
2023,8,ThomDe04,Deven Thompkins,WR,LV,00-0037487,0.0,1,False,False,master_name_position,,crosswalk_fields_disagree,Info,crosswalk_fields_disagree
2023,8,HodgKh00,KhaDarel Hodge,WR,SF,00-0034854,10.5,1,False,False,master_name_position,,crosswalk_fields_disagree,Info,crosswalk_fields_disagree
2023,8,KrafTu00,Tucker Kraft,TE,GB,00-0038996,0.0,1,False,False,weekly_stats_name_position_team,,crosswalk_fields_disagree,Info,crosswalk_fields_disagree
2023,8,OlivJo00,Josh Oliver,TE,MIN,00-0035249,0.0,0,True,False,weekly_roster_name_position_team,,no_actual_weekly_record;actual_score_created_from_missing_record,Info,
2023,8,JuszKy00,Kyle Juszczyk,RB,SF,00-0029892,0.0,0,True,False,weekly_roster_name_position_team,,no_actual_weekly_record;actual_score_created_from_missing_record,Info,gsis_id_not_in_master
2023,8,DaviDe01,Derius Davis,WR,LAC,00-0038573,2.4,1,False,False,weekly_stats_name_position_team,,crosswalk_fields_disagree,Info,crosswalk_fields_disagree
2023,8,WrigBr00,Brock Wright,TE,DET,00-0036754,1.5,1,False,False,weekly_stats_name_position_team,,crosswalk_fields_disagree,Info,crosswalk_fields_disagree
2023,8,WashDa02,Darnell Washington,TE,PIT,00-0038558,0.0,0,True,False,weekly_roster_name_position_team,,no_actual_weekly_record;actual_score_created_from_missing_record,Info,
2023,8,StraBr00,Brenton Strange,TE,JAX,00-0038935,0.0,0,True,False,weekly_roster_name_position_team,,no_actual_weekly_record;actual_score_created_from_missing_record,Info,
2023,8,RodrCh01,Chris Rodriguez Jr.,RB,JAX,00-0038611,0.0,0,True,False,master_name_position,,no_actual_weekly_record;actual_score_created_from_missing_record,Info,
2023,8,SmarSt00,Stone Smartt,TE,NO,00-0037475,0.0,0,True,False,master_name_position,,crosswalk_fields_disagree;no_actual_weekly_record;actual_score_created_from_missing_record,Info,crosswalk_fields_disagree
2023,8,JoneVe00,Velus Jones Jr,RB,SEA,00-0037745,1.4,1,False,False,manual_override,Top-player gate override because the historical FBG row labels Velus Jones Jr as RB with stale teams while the weekly records identify GSIS 00-0037745 and the master position is WR,crosswalk_fields_disagree;master_position_conflict,Info,crosswalk_fields_disagree;manual_override_applied;master_position_conflict
2023,8,HomeTr00,Travis Homer,RB,PIT,00-0035594,0.0,0,True,False,master_name_position,,no_actual_weekly_record;actual_score_created_from_missing_record,Info,
2023,8,WhitZa00,Zamir White,RB,NO,00-0038040,0.0,0,True,False,master_name_position,,no_actual_weekly_record;actual_score_created_from_missing_record,Info,
2023,8,BeckAn00,Andrew Beck,RB,NYJ,00-0034959,0.0,0,True,False,manual_override,FBG position and team differ from the weekly roster record,no_actual_weekly_record;actual_score_created_from_missing_record,Info,manual_override_applied;gsis_id_not_in_master
2023,8,MillSc01,Scotty Miller,WR,CHI,00-0035298,9.4,1,False,False,pfr_crosswalk_verified,,master_name_conflict,Info,master_name_conflict
2023,8,MetcJo00,John Metchie III,WR,CAR,00-0037614,0.0,0,True,False,master_name_position,,no_actual_weekly_record;actual_score_created_from_missing_record,Info,
2023,8,IngoAl00,Alec Ingold,RB,LAC,00-0035125,0.0,0,True,False,manual_override,Top-player gate override because the historical FBG row uses a stale LAC team while the weekly roster identifies Alec Ingold as RB 00-0035125 for MIA,no_actual_weekly_record;actual_score_created_from_missing_record,Info,manual_override_applied;gsis_id_not_in_master
2023,8,BrowPh00,Pharaoh Brown,TE,IND,00-0033439,5.3,1,False,False,master_name_position,,crosswalk_fields_disagree,Info,crosswalk_fields_disagree
2023,8,WilsEm00,Emanuel Wilson,RB,SEA,00-0038797,0.0,0,True,False,master_name_position,,no_actual_weekly_record;actual_score_created_from_missing_record,Info,
2023,8,JoneTi00,Tim Jones,WR,JAX,00-0036497,0.0,0,True,False,weekly_roster_name_position_team,,no_actual_weekly_record;actual_score_created_from_missing_record,Info,
2023,8,HillJu01,Julian Hill,TE,NE,00-0038720,1.4,1,False,False,master_name_position,,crosswalk_fields_disagree,Info,crosswalk_fields_disagree
2023,8,BurtMi00,Michael Burton,RB,CLE,00-0031595,0.0,0,True,False,pfr_crosswalk_verified,,no_actual_weekly_record;actual_score_created_from_missing_record,Info,gsis_id_not_in_master
2023,8,HollMa00,Mack Hollins,WR,NE,00-0033555,4.7,1,False,False,master_name_position,,crosswalk_fields_disagree,Info,crosswalk_fields_disagree
2023,8,DurhPa00,Payne Durham,TE,TB,00-0039050,0.0,1,False,False,weekly_stats_name_position_team,,crosswalk_fields_disagree,Info,crosswalk_fields_disagree
2023,8,SimsBe00,Ben Sims,TE,MIA,00-0038809,0.0,0,True,False,master_name_position,,no_actual_weekly_record;actual_score_created_from_missing_record,Info,
2023,8,RicaPa00,Patrick Ricard,RB,NYG,00-0033376,0.0,0,True,False,master_name_position,,no_actual_weekly_record;actual_score_created_from_missing_record,Info,
2023,8,SermTr00,Trey Sermon,RB,ATL,00-0036984,0.0,0,True,False,master_name_position,,crosswalk_fields_disagree;no_actual_weekly_record;actual_score_created_from_missing_record,Info,crosswalk_fields_disagree
2023,8,JohnTy00,Ty Johnson,RB,BUF,00-0035537,0.0,0,True,False,weekly_roster_name_position_team,,crosswalk_fields_disagree;no_actual_weekly_record;actual_score_created_from_missing_record,Info,crosswalk_fields_disagree
2023,8,KiefKo00,Ko Kieft,TE,TB,00-0037311,0.0,1,False,False,weekly_stats_name_position_team,,crosswalk_fields_disagree,Info,crosswalk_fields_disagree
2023,8,QuitTe00,Teagan Quitoriano,TE,ARI,00-0037277,0.0,0,True,False,master_name_position,,no_actual_weekly_record;actual_score_created_from_missing_record,Info,
2023,8,RobiDe01,Demarcus Robinson,WR,SF,00-0032775,0.0,0,True,False,master_name_position,,no_actual_weekly_record;actual_score_created_from_missing_record,Info,
2023,8,HutcXa00,Xavier Hutchinson,WR,HOU,00-0038618,0.0,0,True,False,weekly_roster_name_position_team,,no_actual_weekly_record;actual_score_created_from_missing_record,Info,
2023,8,AdkiNa00,Nate Adkins,TE,DEN,00-0038783,0.0,0,True,False,weekly_roster_name_position_team,,no_actual_weekly_record;actual_score_created_from_missing_record,Info,
2023,8,GillRe00,Reggie Gilliam,RB,NE,00-0036187,0.0,0,True,False,master_name_position,,crosswalk_fields_disagree;no_actual_weekly_record;actual_score_created_from_missing_record,Info,crosswalk_fields_disagree
2023,8,KolaCh00,Charlie Kolar,TE,LAC,00-0038046,0.0,0,True,False,master_name_position,,no_actual_weekly_record;actual_score_created_from_missing_record,Info,
2023,8,ManhCh00,Chris Manhertz,TE,NYG,00-0031484,0.0,0,True,False,master_name_position,,no_actual_weekly_record;actual_score_created_from_missing_record,Info,
2023,8,WillBr04,Brayden Willis,TE,SF,00-0038643,0.0,0,True,False,weekly_roster_name_position_team,,crosswalk_fields_disagree;no_actual_weekly_record;actual_score_created_from_missing_record,Info,crosswalk_fields_disagree
2023,8,OgunDa00,Dare Ogunbowale,RB,LV,00-0033854,0.0,0,True,False,master_name_position,,crosswalk_fields_disagree;no_actual_weekly_record;actual_score_created_from_missing_record,Info,crosswalk_fields_disagree
2023,8,WardJo00,Jonathan Ward,RB,BAL,00-0035924,0.0,0,True,False,master_name_position,,no_actual_weekly_record;actual_score_created_from_missing_record,Info,
2023,8,HumpLi00,Lil'Jordan Humphrey,WR,DEN,00-0035406,0.0,0,True,False,weekly_roster_name_position_team,,no_actual_weekly_record;actual_score_created_from_missing_record,Info,
2023,8,SaubEr00,Eric Saubert,TE,SEA,00-0033576,0.0,0,True,False,master_name_position,,no_actual_weekly_record;actual_score_created_from_missing_record,Info,
2023,8,OConAi01,Aidan O'Connell,QB,LV,00-0038579,0.0,0,True,True,weekly_roster_name_position_team,,no_actual_weekly_record;actual_score_created_from_missing_record,Warning,
2023,8,PrenAd00,Adam Prentice,RB,DEN,00-0036727,0.0,0,True,False,pfr_crosswalk_verified,,no_actual_weekly_record;actual_score_created_from_missing_record,Info,gsis_id_not_in_master
2023,8,HudsTa00,Tanner Hudson,TE,CIN,00-0034613,0.0,0,True,False,weekly_roster_name_position_team,,no_actual_weekly_record;actual_score_created_from_missing_record,Info,
2023,8,AlleDa01,Davis Allen,TE,LA,00-0039074,0.0,0,True,False,weekly_roster_name_position_team,,crosswalk_fields_disagree;no_actual_weekly_record;actual_score_created_from_missing_record,Info,crosswalk_fields_disagree
2023,8,TillCe00,Cedric Tillman,WR,NO,00-0038979,0.0,0,True,False,manual_override,Top-player gate override because the historical FBG row uses a stale NO team and the master has duplicate Cedric Tillman rows while weekly CLE records identify GSIS 00-0038979,no_actual_weekly_record;actual_score_created_from_missing_record,Info,manual_override_applied
2023,8,DortGr00,Greg Dortch,WR,BUF,00-0035500,0.0,0,True,False,master_name_position,,no_actual_weekly_record;actual_score_created_from_missing_record,Info,
2023,8,ThomIa00,Ian Thomas,TE,LV,00-0034365,0.0,0,True,False,master_name_position,,no_actual_weekly_record;actual_score_created_from_missing_record,Info,
2023,8,WhylJo00,Josh Whyle,TE,GB,00-0038589,0.0,0,True,False,master_name_position,,no_actual_weekly_record;actual_score_created_from_missing_record,Info,
2023,8,BrowCh06,Chase Brown,RB,CIN,00-0038597,0.0,0,True,False,weekly_roster_name_position_team,,no_actual_weekly_record;actual_score_created_from_missing_record,Info,
2023,9,KamaAl00,Alvin Kamara,RB,NO,00-0033906,11.0,1,False,True,weekly_stats_name_position_team,,crosswalk_fields_disagree,Warning,crosswalk_fields_disagree
2023,9,AlleJo01,Josh Allen,QB,BUF,00-0034857,24.72,1,False,True,weekly_stats_name_position_team,,crosswalk_fields_disagree,Warning,crosswalk_fields_disagree
2023,9,WalkKe01,Ken Walker III,RB,KC,00-0038134,2.7,1,False,True,manual_override,FBG uses Ken Walker and a stale KC team in the historical export,master_name_conflict,Warning,manual_override_applied;master_name_conflict
2023,9,StevRh00,Rhamondre Stevenson,RB,NE,00-0036875,22.9,1,False,True,weekly_stats_name_position_team,,crosswalk_fields_disagree,Warning,crosswalk_fields_disagree
2023,9,HarrNa00,Najee Harris,RB,NYG,00-0036893,15.6,1,False,True,master_name_position,,crosswalk_fields_disagree,Warning,crosswalk_fields_disagree
2023,9,MahoPa00,Patrick Mahomes II,QB,KC,00-0033873,15.8,1,False,True,weekly_stats_name_position_team,,crosswalk_fields_disagree,Warning,crosswalk_fields_disagree
2023,9,WilsZa00,Zach Wilson,QB,NO,00-0037013,7.22,1,False,True,master_name_position,,crosswalk_fields_disagree,Warning,crosswalk_fields_disagree
2023,9,GainKe00,Kenny Gainwell,RB,TB,00-0036919,9.3,1,False,True,master_name_position,,crosswalk_fields_disagree,Warning,crosswalk_fields_disagree
2023,9,StroPi00,Pierre Strong Jr,RB,GB,00-0038098,1.2,1,False,True,master_name_position,,crosswalk_fields_disagree,Warning,crosswalk_fields_disagree
2023,9,MayfBa00,Baker Mayfield,QB,TB,00-0034855,19.0,1,False,True,weekly_stats_name_position_team,,crosswalk_fields_disagree,Warning,crosswalk_fields_disagree
2023,9,JoneMa04,Mac Jones,QB,SF,00-0036972,11.1,1,False,True,master_name_position,,crosswalk_fields_disagree,Warning,crosswalk_fields_disagree
2023,9,WillMa05,Malik Willis,QB,MIA,00-0038128,0.0,0,True,True,master_name_position,,no_actual_weekly_record;actual_score_created_from_missing_record,Warning,
2023,9,DaviDe01,Derius Davis,WR,LAC,00-0038573,7.0,1,False,False,weekly_stats_name_position_team,,crosswalk_fields_disagree,Info,crosswalk_fields_disagree
2023,9,DobbJo00,Joshua Dobbs,QB,DET,00-0033949,24.92,1,False,True,master_name_position,,crosswalk_fields_disagree,Warning,crosswalk_fields_disagree
2023,9,ThomDe04,Deven Thompkins,WR,LV,00-0037487,0.0,1,False,False,master_name_position,,crosswalk_fields_disagree,Info,crosswalk_fields_disagree
2023,9,DougDe00,DeMario Douglas,WR,NE,00-0038621,10.5,1,False,True,weekly_stats_name_position_team,,crosswalk_fields_disagree,Warning,crosswalk_fields_disagree
2023,9,OgunDa00,Dare Ogunbowale,RB,LV,00-0033854,0.0,1,False,True,master_name_position,,crosswalk_fields_disagree,Warning,crosswalk_fields_disagree
2023,9,JoneVe00,Velus Jones Jr,RB,SEA,00-0037745,0.0,1,False,True,manual_override,Top-player gate override because the historical FBG row labels Velus Jones Jr as RB with stale teams while the weekly records identify GSIS 00-0037745 and the master position is WR,crosswalk_fields_disagree;master_position_conflict,Warning,crosswalk_fields_disagree;manual_override_applied;master_position_conflict
2023,9,BeckAn00,Andrew Beck,RB,NYJ,00-0034959,0.0,0,True,True,manual_override,FBG position and team differ from the weekly roster record,no_actual_weekly_record;actual_score_created_from_missing_record,Warning,manual_override_applied;gsis_id_not_in_master
2023,9,HeywCo00,Connor Heyward,TE,LV,00-0037304,0.0,0,True,True,manual_override,Top-player gate override because the historical FBG row uses a stale LV team while the weekly roster identifies Connor Heyward as TE 00-0037304 for PIT,no_actual_weekly_record;actual_score_created_from_missing_record,Warning,manual_override_applied;gsis_id_not_in_master
2023,9,GrayNo00,Noah Gray,TE,KC,00-0036637,6.4,1,False,True,weekly_stats_name_position_team,,crosswalk_fields_disagree,Warning,crosswalk_fields_disagree
2023,9,HodgKh00,KhaDarel Hodge,WR,SF,00-0034854,9.0,1,False,False,master_name_position,,crosswalk_fields_disagree,Info,crosswalk_fields_disagree
2023,9,AtweTu00,Tutu Atwell,WR,LA,00-0036849,5.3,1,False,False,weekly_stats_name_position_team,,crosswalk_fields_disagree,Info,crosswalk_fields_disagree
2023,9,ChanTy00,Ty Chandler,RB,NO,00-0037276,0.0,0,True,False,master_name_position,,no_actual_weekly_record;actual_score_created_from_missing_record,Info,
2023,9,WatsCh00,Christian Watson,WR,GB,00-0038124,4.7,1,False,True,weekly_stats_name_position_team,,crosswalk_fields_disagree,Warning,crosswalk_fields_disagree
2023,9,BrowMa05,Hollywood Brown,WR,PHI,00-0035662,6.4,1,False,True,manual_override,FBG uses Hollywood Brown and a stale PHI team in the historical export,master_name_conflict,Warning,manual_override_applied;master_name_conflict
2023,9,MoorSk00,Skyy Moore,WR,GB,00-0038090,5.3,1,False,False,master_name_position,,crosswalk_fields_disagree,Info,crosswalk_fields_disagree
2023,9,RiceRa01,Rashee Rice,WR,KC,00-0039067,9.7,1,False,True,weekly_stats_name_position_team,,crosswalk_fields_disagree,Warning,crosswalk_fields_disagree
2023,9,JohnTy00,Ty Johnson,RB,BUF,00-0035537,0.0,1,False,False,weekly_stats_name_position_team,,crosswalk_fields_disagree,Info,crosswalk_fields_disagree
2023,9,AlleKe00,Keenan Allen,WR,IND,00-0030279,15.7,1,False,True,master_name_position,,crosswalk_fields_disagree,Warning,crosswalk_fields_disagree
2023,9,SermTr00,Trey Sermon,RB,ATL,00-0036984,0.0,0,True,False,master_name_position,,crosswalk_fields_disagree;no_actual_weekly_record;actual_score_created_from_missing_record,Info,crosswalk_fields_disagree
2023,9,WardJo00,Jonathan Ward,RB,BAL,00-0035924,0.0,0,True,False,master_name_position,,no_actual_weekly_record;actual_score_created_from_missing_record,Info,
2023,9,DallDe00,DeeJay Dallas,RB,MIN,00-0036425,0.0,1,False,False,master_name_position,,crosswalk_fields_disagree;master_team_context_differs,Info,crosswalk_fields_disagree;master_team_context_differs
2023,9,HomeTr00,Travis Homer,RB,PIT,00-0035594,0.0,0,True,False,master_name_position,,no_actual_weekly_record;actual_score_created_from_missing_record,Info,
2023,9,BrowAJ00,A.J. Brown,WR,NE,00-0035676,19.6,1,False,True,master_name_position,,crosswalk_fields_disagree,Warning,crosswalk_fields_disagree
2023,9,KelcTr00,Travis Kelce,TE,KC,00-0030506,4.4,1,False,True,weekly_stats_name_position_team,,crosswalk_fields_disagree,Warning,crosswalk_fields_disagree
2023,9,DiggSt00,Stefon Diggs,WR,WAS,00-0031588,22.6,1,False,True,master_name_position,,crosswalk_fields_disagree,Warning,crosswalk_fields_disagree
2023,9,OlavCh00,Chris Olave,WR,NO,00-0037239,16.6,1,False,True,weekly_stats_name_position_team,,crosswalk_fields_disagree,Warning,crosswalk_fields_disagree
2023,9,GodwCh00,Chris Godwin Jr.,WR,TB,00-0033921,3.6,1,False,True,weekly_stats_name_position_team,,crosswalk_fields_disagree,Warning,crosswalk_fields_disagree
2023,9,DoubRo00,Romeo Doubs,WR,NE,00-0037816,6.6,1,False,True,master_name_position,,crosswalk_fields_disagree,Warning,crosswalk_fields_disagree
2023,9,SmitDe04,DeVonta Smith,WR,PHI,00-0036912,14.1,1,False,True,weekly_stats_name_position_team,,crosswalk_fields_disagree,Warning,crosswalk_fields_disagree
2023,9,HenrHu00,Hunter Henry,TE,NE,00-0033090,13.9,1,False,True,weekly_stats_name_position_team,,crosswalk_fields_disagree,Warning,crosswalk_fields_disagree
2023,9,ThorTy00,Tyquan Thornton,WR,KC,00-0038104,1.7,1,False,False,master_name_position,,crosswalk_fields_disagree,Info,crosswalk_fields_disagree
2023,9,PalmTr00,Trey Palmer,WR,NO,00-0039052,8.1,1,False,False,master_name_position,,crosswalk_fields_disagree,Info,crosswalk_fields_disagree
2023,9,SlayDa00,Darius Slayton,WR,NYG,00-0035535,9.9,1,False,False,weekly_stats_name_position_team,,crosswalk_fields_disagree,Info,crosswalk_fields_disagree
2023,9,JohnQu01,Quentin Johnston,WR,LAC,00-0038544,3.6,1,False,True,weekly_stats_name_position_team,,crosswalk_fields_disagree,Warning,crosswalk_fields_disagree
2023,9,SmitJa02,Jaxon Smith-Njigba,WR,SEA,00-0038543,12.3,1,False,True,weekly_stats_name_position_team,,crosswalk_fields_disagree,Warning,crosswalk_fields_disagree
2023,9,MusgLu00,Luke Musgrave,TE,GB,00-0039144,14.1,1,False,True,weekly_stats_name_position_team,,crosswalk_fields_disagree,Warning,crosswalk_fields_disagree
2023,9,MillSc01,Scotty Miller,WR,CHI,00-0035298,0.0,0,True,False,pfr_crosswalk_verified,,master_name_conflict;no_actual_weekly_record;actual_score_created_from_missing_record,Info,master_name_conflict
2023,9,OkonCh00,Chig Okonkwo,TE,WAS,00-0037809,5.8,1,False,True,master_name_position,,crosswalk_fields_disagree,Warning,crosswalk_fields_disagree
2023,9,OttoCa00,Cade Otton,TE,TB,00-0038129,25.0,1,False,True,weekly_stats_name_position_team,,crosswalk_fields_disagree,Warning,crosswalk_fields_disagree
2023,9,OgleAn00,Drew Ogletree,TE,IND,00-0037292,2.9,1,False,True,pfr_crosswalk_verified,,master_name_conflict,Warning,master_name_conflict
2023,9,FantNo00,Noah Fant,TE,NO,00-0035644,0.0,1,False,True,master_name_position,,crosswalk_fields_disagree,Warning,crosswalk_fields_disagree
2023,9,BoboJa00,Jake Bobo,WR,SEA,00-0038752,0.0,0,True,False,weekly_roster_name_position_team,,no_actual_weekly_record;actual_score_created_from_missing_record,Info,
2023,9,ParkCo00,Colby Parkinson,TE,LA,00-0036244,1.6,1,False,True,master_name_position,,crosswalk_fields_disagree,Warning,crosswalk_fields_disagree
2023,9,KrafTu00,Tucker Kraft,TE,GB,00-0038996,0.0,1,False,False,weekly_stats_name_position_team,,crosswalk_fields_disagree,Info,crosswalk_fields_disagree
2023,9,HollMa00,Mack Hollins,WR,NE,00-0033555,6.6,1,False,False,master_name_position,,crosswalk_fields_disagree,Info,crosswalk_fields_disagree
2023,9,HillJu01,Julian Hill,TE,NE,00-0038720,0.0,0,True,False,master_name_position,,crosswalk_fields_disagree;no_actual_weekly_record;actual_score_created_from_missing_record,Info,crosswalk_fields_disagree
2023,9,SmarSt00,Stone Smartt,TE,NO,00-0037475,0.0,1,False,False,master_name_position,,crosswalk_fields_disagree,Info,crosswalk_fields_disagree
2023,9,MoorCh00,Chris Moore,WR,BAL,00-0032398,3.9,1,False,False,master_name_position,,crosswalk_fields_disagree,Info,crosswalk_fields_disagree
2023,9,BrowPh00,Pharaoh Brown,TE,IND,00-0033439,0.0,1,False,True,master_name_position,,crosswalk_fields_disagree,Warning,crosswalk_fields_disagree
2023,9,IngoAl00,Alec Ingold,RB,LAC,00-0035125,0.0,0,True,True,manual_override,Top-player gate override because the historical FBG row uses a stale LAC team while the weekly roster identifies Alec Ingold as RB 00-0035125 for MIA,no_actual_weekly_record;actual_score_created_from_missing_record,Warning,manual_override_applied;gsis_id_not_in_master
2023,9,DurhPa00,Payne Durham,TE,TB,00-0039050,0.0,0,True,False,weekly_roster_name_position_team,,crosswalk_fields_disagree;no_actual_weekly_record;actual_score_created_from_missing_record,Info,crosswalk_fields_disagree
2023,9,RicaPa00,Patrick Ricard,RB,NYG,00-0033376,0.0,0,True,True,master_name_position,,no_actual_weekly_record;actual_score_created_from_missing_record,Warning,
2023,9,TinsMi00,Mitch Tinsley,WR,HOU,00-0038839,0.0,0,True,False,master_name_position,,crosswalk_fields_disagree;master_name_conflict;no_actual_weekly_record;actual_score_created_from_missing_record,Info,crosswalk_fields_disagree;master_name_conflict
2023,9,SimsBe00,Ben Sims,TE,MIA,00-0038809,0.0,0,True,False,master_name_position,,no_actual_weekly_record;actual_score_created_from_missing_record,Info,
2023,9,FehoSi00,Simi Fehoko,WR,ARI,00-0036646,0.0,0,True,False,master_name_position,,no_actual_weekly_record;actual_score_created_from_missing_record,Info,
2023,9,KiefKo00,Ko Kieft,TE,TB,00-0037311,0.0,0,True,False,weekly_roster_name_position_team,,crosswalk_fields_disagree;no_actual_weekly_record;actual_score_created_from_missing_record,Info,crosswalk_fields_disagree
2023,9,VannNi00,Nick Vannett,TE,BAL,00-0032394,0.0,0,True,False,master_name_position,,crosswalk_fields_disagree;master_team_context_differs;no_actual_weekly_record;actual_score_created_from_missing_record,Info,crosswalk_fields_disagree;master_team_context_differs
2023,9,GillRe00,Reggie Gilliam,RB,NE,00-0036187,0.0,0,True,False,master_name_position,,crosswalk_fields_disagree;no_actual_weekly_record;actual_score_created_from_missing_record,Info,crosswalk_fields_disagree
2023,9,TurnCo00,Cole Turner,TE,MIA,00-0037078,0.0,0,True,False,master_name_position,,no_actual_weekly_record;actual_score_created_from_missing_record,Info,
2023,9,MorrQu00,Quintin Morris,TE,JAX,00-0036590,0.0,0,True,False,master_name_position,,no_actual_weekly_record;actual_score_created_from_missing_record,Info,
2023,9,AlleDa01,Davis Allen,TE,LA,00-0039074,0.0,1,False,False,weekly_stats_name_position_team,,crosswalk_fields_disagree,Info,crosswalk_fields_disagree
2023,9,CharIr00,Irv Charles,WR,SEA,,,0,False,False,unmatched,,no_unique_gsis_id;crosswalk_fields_disagree;no_actual_weekly_record;actual_score_created_from_missing_record,Info,crosswalk_fields_disagree
2023,9,SaubEr00,Eric Saubert,TE,SEA,00-0033576,0.0,0,True,False,master_name_position,,no_actual_weekly_record;actual_score_created_from_missing_record,Info,
2023,9,OkwuAl00,Albert Okwuegbunam Jr.,TE,LV,00-0036423,0.0,0,True,False,master_name_position,,no_actual_weekly_record;actual_score_created_from_missing_record,Info,
2023,9,RussBr00,Brady Russell,RB,SEA,00-0038488,0.0,0,True,False,master_name_position,,no_actual_weekly_record;actual_score_created_from_missing_record,Info,
2023,9,QuitTe00,Teagan Quitoriano,TE,ARI,00-0037277,0.0,0,True,False,master_name_position,,no_actual_weekly_record;actual_score_created_from_missing_record,Info,
2023,9,ThomIa00,Ian Thomas,TE,LV,00-0034365,0.0,0,True,False,master_name_position,,no_actual_weekly_record;actual_score_created_from_missing_record,Info,
2023,9,JoneCh00,Charlie Jones,WR,NYG,,,0,False,False,unmatched,,no_unique_gsis_id;no_actual_weekly_record;actual_score_created_from_missing_record,Info,
2023,9,JordBr00,Brevin Jordan,TE,HOU,00-0036556,0.0,0,True,False,weekly_roster_name_position_team,,no_actual_weekly_record;actual_score_created_from_missing_record,Info,
2023,9,MallWi00,Will Mallory,TE,IND,00-0038394,0.0,0,True,False,weekly_roster_name_position_team,,no_actual_weekly_record;actual_score_created_from_missing_record,Info,
2023,9,BoutKa00,Kayshon Boutte,WR,HOU,00-0038608,0.0,0,True,False,master_name_position,,crosswalk_fields_disagree;no_actual_weekly_record;actual_score_created_from_missing_record,Info,crosswalk_fields_disagree
2023,10,AlleJo01,Josh Allen,QB,BUF,00-0034857,14.38,1,False,True,weekly_stats_name_position_team,,crosswalk_fields_disagree,Warning,crosswalk_fields_disagree
2023,10,MayfBa00,Baker Mayfield,QB,TB,00-0034855,18.32,1,False,True,weekly_stats_name_position_team,,crosswalk_fields_disagree,Warning,crosswalk_fields_disagree
2023,10,JoneMa04,Mac Jones,QB,SF,00-0036972,7.3,1,False,True,master_name_position,,crosswalk_fields_disagree,Warning,crosswalk_fields_disagree
2023,10,DobbJo00,Joshua Dobbs,QB,DET,00-0033949,25.12,1,False,True,master_name_position,,crosswalk_fields_disagree,Warning,crosswalk_fields_disagree
2023,10,WilsZa00,Zach Wilson,QB,NO,00-0037013,13.92,1,False,True,master_name_position,,crosswalk_fields_disagree,Warning,crosswalk_fields_disagree
2023,10,McCaCh00,Christian McCaffrey,RB,SF,00-0033280,20.2,1,False,True,weekly_stats_name_position_team,,crosswalk_fields_disagree,Warning,crosswalk_fields_disagree
2023,10,DiggSt00,Stefon Diggs,WR,WAS,00-0031588,6.4,1,False,True,master_name_position,,crosswalk_fields_disagree,Warning,crosswalk_fields_disagree
2023,10,AlleKe00,Keenan Allen,WR,IND,00-0030279,40.5,1,False,True,master_name_position,,crosswalk_fields_disagree,Warning,crosswalk_fields_disagree
2023,10,KamaAl00,Alvin Kamara,RB,NO,00-0033906,18.5,1,False,True,weekly_stats_name_position_team,,crosswalk_fields_disagree,Warning,crosswalk_fields_disagree
2023,10,KirkCh00,Christian Kirk,WR,SF,00-0034775,14.4,1,False,True,master_name_position,,crosswalk_fields_disagree,Warning,crosswalk_fields_disagree
2023,10,EtieTr00,Travis Etienne Jr.,RB,NO,00-0036973,6.4,1,False,True,master_name_position,,crosswalk_fields_disagree,Warning,crosswalk_fields_disagree
2023,10,StevRh00,Rhamondre Stevenson,RB,NE,00-0036875,13.2,1,False,True,weekly_stats_name_position_team,,crosswalk_fields_disagree,Warning,crosswalk_fields_disagree
2023,10,GibbJa00,Jahmyr Gibbs,RB,DET,00-0039139,26.2,1,False,True,weekly_stats_name_position_team,,crosswalk_fields_disagree,Warning,crosswalk_fields_disagree
2023,10,OlavCh00,Chris Olave,WR,NO,00-0037239,21.4,1,False,True,weekly_stats_name_position_team,,crosswalk_fields_disagree,Warning,crosswalk_fields_disagree
2023,10,GodwCh00,Chris Godwin Jr.,WR,TB,00-0033921,9.4,1,False,True,weekly_stats_name_position_team,,crosswalk_fields_disagree,Warning,crosswalk_fields_disagree
2023,10,DougDe00,DeMario Douglas,WR,NE,00-0038621,14.4,1,False,True,weekly_stats_name_position_team,,crosswalk_fields_disagree,Warning,crosswalk_fields_disagree
2023,10,WalkKe01,Ken Walker III,RB,KC,00-0038134,19.7,1,False,True,manual_override,FBG uses Ken Walker and a stale KC team in the historical export,master_name_conflict,Warning,manual_override_applied;master_name_conflict
2023,10,WatsCh00,Christian Watson,WR,GB,00-0038124,4.3,1,False,True,weekly_stats_name_position_team,,crosswalk_fields_disagree,Warning,crosswalk_fields_disagree
2023,10,BrowMa05,Hollywood Brown,WR,PHI,00-0035662,3.8,1,False,True,manual_override,FBG uses Hollywood Brown and a stale PHI team in the historical export,master_name_conflict,Warning,manual_override_applied;master_name_conflict
2023,10,SamuDe00,Deebo Samuel Sr.,WR,SF,00-0035719,15.9,1,False,True,weekly_stats_name_position_team,,crosswalk_fields_disagree,Warning,crosswalk_fields_disagree
2023,10,HarrNa00,Najee Harris,RB,NYG,00-0036893,18.6,1,False,True,master_name_position,,crosswalk_fields_disagree,Warning,crosswalk_fields_disagree
2023,10,SmitJa02,Jaxon Smith-Njigba,WR,SEA,00-0038543,9.3,1,False,True,weekly_stats_name_position_team,,crosswalk_fields_disagree,Warning,crosswalk_fields_disagree
2023,10,DoubRo00,Romeo Doubs,WR,NE,00-0037816,12.1,1,False,True,master_name_position,,crosswalk_fields_disagree,Warning,crosswalk_fields_disagree
2023,10,HenrHu00,Hunter Henry,TE,NE,00-0033090,5.1,1,False,True,weekly_stats_name_position_team,,crosswalk_fields_disagree,Warning,crosswalk_fields_disagree
2023,10,OttoCa00,Cade Otton,TE,TB,00-0038129,3.0,1,False,True,weekly_stats_name_position_team,,crosswalk_fields_disagree,Warning,crosswalk_fields_disagree
2023,10,JohnQu01,Quentin Johnston,WR,LAC,00-0038544,13.4,1,False,True,weekly_stats_name_position_team,,crosswalk_fields_disagree,Warning,crosswalk_fields_disagree
2023,10,MusgLu00,Luke Musgrave,TE,GB,00-0039144,8.4,1,False,True,weekly_stats_name_position_team,,crosswalk_fields_disagree,Warning,crosswalk_fields_disagree
2023,10,PalmTr00,Trey Palmer,WR,NO,00-0039052,4.1,1,False,False,master_name_position,,crosswalk_fields_disagree,Info,crosswalk_fields_disagree
2023,10,OkonCh00,Chig Okonkwo,TE,WAS,00-0037809,5.7,1,False,True,master_name_position,,crosswalk_fields_disagree,Warning,crosswalk_fields_disagree
2023,10,SlayDa00,Darius Slayton,WR,NYG,00-0035535,5.1,1,False,False,weekly_stats_name_position_team,,crosswalk_fields_disagree,Info,crosswalk_fields_disagree
2023,10,HeywCo00,Connor Heyward,TE,LV,00-0037304,0.0,0,True,True,manual_override,Top-player gate override because the historical FBG row uses a stale LV team while the weekly roster identifies Connor Heyward as TE 00-0037304 for PIT,no_actual_weekly_record;actual_score_created_from_missing_record,Warning,manual_override_applied;gsis_id_not_in_master
2023,10,ReagJa00,Jalen Reagor,WR,MIA,00-0036387,0.0,0,True,False,master_name_position,,no_actual_weekly_record;actual_score_created_from_missing_record,Info,
2023,10,FantNo00,Noah Fant,TE,NO,00-0035644,2.6,1,False,True,master_name_position,,crosswalk_fields_disagree,Warning,crosswalk_fields_disagree
2023,10,MoorCh00,Chris Moore,WR,BAL,00-0032398,4.1,1,False,False,master_name_position,,crosswalk_fields_disagree,Info,crosswalk_fields_disagree
2023,10,HodgKh00,KhaDarel Hodge,WR,SF,00-0034854,0.0,0,True,False,master_name_position,,crosswalk_fields_disagree;no_actual_weekly_record;actual_score_created_from_missing_record,Info,crosswalk_fields_disagree
2023,10,McLaJa00,Jaleel McLaughlin,RB,CLE,00-0038794,3.2,1,False,True,master_name_position,,crosswalk_fields_disagree,Warning,crosswalk_fields_disagree
2023,10,ParkCo00,Colby Parkinson,TE,LA,00-0036244,1.3,1,False,True,master_name_position,,crosswalk_fields_disagree,Warning,crosswalk_fields_disagree
2023,10,WillJa09,Jameson Williams,WR,DET,00-0037240,3.8,1,False,False,weekly_stats_name_position_team,,crosswalk_fields_disagree,Info,crosswalk_fields_disagree
2023,10,OlivJo00,Josh Oliver,TE,MIN,00-0035249,0.0,0,True,False,weekly_roster_name_position_team,,no_actual_weekly_record;actual_score_created_from_missing_record,Info,
2023,10,JuszKy00,Kyle Juszczyk,RB,SF,00-0029892,0.0,0,True,True,weekly_roster_name_position_team,,no_actual_weekly_record;actual_score_created_from_missing_record,Warning,gsis_id_not_in_master
2023,10,ThomDe04,Deven Thompkins,WR,LV,00-0037487,2.1,1,False,False,master_name_position,,crosswalk_fields_disagree,Info,crosswalk_fields_disagree
2023,10,WrigBr00,Brock Wright,TE,DET,00-0036754,10.3,1,False,False,weekly_stats_name_position_team,,crosswalk_fields_disagree,Info,crosswalk_fields_disagree
2023,10,StroPi00,Pierre Strong Jr,RB,GB,00-0038098,0.0,1,False,True,master_name_position,,crosswalk_fields_disagree,Warning,crosswalk_fields_disagree
2023,10,McClRa00,Ray-Ray McCloud III,WR,CHI,00-0034407,0.0,1,False,False,master_name_position,,crosswalk_fields_disagree,Info,crosswalk_fields_disagree
2023,10,DaviDe01,Derius Davis,WR,LAC,00-0038573,2.7,1,False,False,weekly_stats_name_position_team,,crosswalk_fields_disagree,Info,crosswalk_fields_disagree
2023,10,MillSc01,Scotty Miller,WR,CHI,00-0035298,7.2,1,False,False,pfr_crosswalk_verified,,master_name_conflict,Info,master_name_conflict
2023,10,BrowPh00,Pharaoh Brown,TE,IND,00-0033439,0.0,1,False,False,master_name_position,,crosswalk_fields_disagree,Info,crosswalk_fields_disagree
2023,10,SherTr00,Trent Sherfield,WR,BUF,00-0034487,0.0,0,True,False,weekly_roster_name_position_team,,no_actual_weekly_record;actual_score_created_from_missing_record,Info,
2023,10,TonyRo00,Robert Tonyan Jr,TE,PIT,00-0033757,0.0,0,True,False,master_name_position,,no_actual_weekly_record;actual_score_created_from_missing_record,Info,
2023,10,ThorTy00,Tyquan Thornton,WR,KC,00-0038104,0.0,0,True,False,master_name_position,,crosswalk_fields_disagree;no_actual_weekly_record;actual_score_created_from_missing_record,Info,crosswalk_fields_disagree
2023,10,KrafTu00,Tucker Kraft,TE,GB,00-0038996,1.6,1,False,False,weekly_stats_name_position_team,,crosswalk_fields_disagree,Info,crosswalk_fields_disagree
2023,10,ReynCr00,Craig Reynolds,RB,WAS,00-0035567,0.0,0,True,False,master_name_position,,crosswalk_fields_disagree;no_actual_weekly_record;actual_score_created_from_missing_record,Info,crosswalk_fields_disagree
2023,10,RuckJe00,Jeremy Ruckert,TE,NYJ,00-0037805,0.0,0,True,False,weekly_roster_name_position_team,,no_actual_weekly_record;actual_score_created_from_missing_record,Info,
2023,10,FarrLu00,Luke Farrell,TE,SF,00-0036887,0.0,0,True,False,master_name_position,,no_actual_weekly_record;actual_score_created_from_missing_record,Info,
2023,10,RodrCh01,Chris Rodriguez Jr.,RB,JAX,00-0038611,0.0,0,True,False,master_name_position,,no_actual_weekly_record;actual_score_created_from_missing_record,Info,
2023,10,WilsEm00,Emanuel Wilson,RB,SEA,00-0038797,0.0,0,True,False,master_name_position,,no_actual_weekly_record;actual_score_created_from_missing_record,Info,
2023,10,DurhPa00,Payne Durham,TE,TB,00-0039050,0.0,0,True,False,weekly_roster_name_position_team,,crosswalk_fields_disagree;no_actual_weekly_record;actual_score_created_from_missing_record,Info,crosswalk_fields_disagree
2023,10,JohnTy00,Ty Johnson,RB,BUF,00-0035537,0.2,1,False,False,weekly_stats_name_position_team,,crosswalk_fields_disagree,Info,crosswalk_fields_disagree
2023,10,BurtMi00,Michael Burton,RB,CLE,00-0031595,0.0,0,True,False,pfr_crosswalk_verified,,no_actual_weekly_record;actual_score_created_from_missing_record,Info,gsis_id_not_in_master
2023,10,OgunDa00,Dare Ogunbowale,RB,LV,00-0033854,0.0,1,False,False,master_name_position,,crosswalk_fields_disagree,Info,crosswalk_fields_disagree
2023,10,LuepHu01,Hunter Luepke,RB,DAL,00-0038738,0.0,0,True,False,weekly_roster_name_position_team,,no_actual_weekly_record;actual_score_created_from_missing_record,Info,
2023,10,SmarSt00,Stone Smartt,TE,NO,00-0037475,0.0,1,False,False,master_name_position,,crosswalk_fields_disagree,Info,crosswalk_fields_disagree
2023,10,FehoSi00,Simi Fehoko,WR,ARI,00-0036646,0.0,0,True,False,master_name_position,,no_actual_weekly_record;actual_score_created_from_missing_record,Info,
2023,10,MorrQu00,Quintin Morris,TE,JAX,00-0036590,0.0,0,True,False,master_name_position,,no_actual_weekly_record;actual_score_created_from_missing_record,Info,
2023,10,SermTr00,Trey Sermon,RB,ATL,00-0036984,0.0,0,True,False,master_name_position,,crosswalk_fields_disagree;no_actual_weekly_record;actual_score_created_from_missing_record,Info,crosswalk_fields_disagree
2023,10,DallDe00,DeeJay Dallas,RB,MIN,00-0036425,0.0,1,False,False,master_name_position,,crosswalk_fields_disagree;master_team_context_differs,Info,crosswalk_fields_disagree;master_team_context_differs
2023,10,HomeTr00,Travis Homer,RB,PIT,00-0035594,0.0,0,True,False,master_name_position,,no_actual_weekly_record;actual_score_created_from_missing_record,Info,
2023,10,VannNi00,Nick Vannett,TE,BAL,00-0032394,0.0,0,True,False,master_name_position,,crosswalk_fields_disagree;master_team_context_differs;no_actual_weekly_record;actual_score_created_from_missing_record,Info,crosswalk_fields_disagree;master_team_context_differs
2023,10,SaubEr00,Eric Saubert,TE,SEA,00-0033576,0.0,0,True,False,master_name_position,,no_actual_weekly_record;actual_score_created_from_missing_record,Info,
2023,10,KiefKo00,Ko Kieft,TE,TB,00-0037311,0.0,1,False,False,weekly_stats_name_position_team,,crosswalk_fields_disagree,Info,crosswalk_fields_disagree
2023,10,SimsBe00,Ben Sims,TE,MIA,00-0038809,0.0,0,True,False,master_name_position,,no_actual_weekly_record;actual_score_created_from_missing_record,Info,
2023,10,GillRe00,Reggie Gilliam,RB,NE,00-0036187,0.0,0,True,False,master_name_position,,crosswalk_fields_disagree;no_actual_weekly_record;actual_score_created_from_missing_record,Info,crosswalk_fields_disagree
2023,10,AdkiNa00,Nate Adkins,TE,DEN,00-0038783,0.0,0,True,False,weekly_roster_name_position_team,,no_actual_weekly_record;actual_score_created_from_missing_record,Info,
2023,10,WoerCh00,Charlie Woerner,TE,ATL,00-0036429,0.0,0,True,False,master_name_position,,no_actual_weekly_record;actual_score_created_from_missing_record,Info,
2023,10,CharIr00,Irv Charles,WR,SEA,,,0,False,False,unmatched,,no_unique_gsis_id;crosswalk_fields_disagree;no_actual_weekly_record;actual_score_created_from_missing_record,Info,crosswalk_fields_disagree
2023,10,KolaCh00,Charlie Kolar,TE,LAC,00-0038046,0.0,0,True,False,master_name_position,,no_actual_weekly_record;actual_score_created_from_missing_record,Info,
2023,10,WardJo00,Jonathan Ward,RB,BAL,00-0035924,0.0,0,True,False,master_name_position,,no_actual_weekly_record;actual_score_created_from_missing_record,Info,
2023,10,PrenAd00,Adam Prentice,RB,DEN,00-0036727,0.0,0,True,False,pfr_crosswalk_verified,,no_actual_weekly_record;actual_score_created_from_missing_record,Info,gsis_id_not_in_master
2023,10,YounDa02,Dareke Young,WR,LV,00-0037093,0.0,0,True,False,master_name_position,,no_actual_weekly_record;actual_score_created_from_missing_record,Info,
2023,10,BoutKa00,Kayshon Boutte,WR,HOU,00-0038608,2.1,1,False,False,master_name_position,,crosswalk_fields_disagree,Info,crosswalk_fields_disagree
2023,10,TuckSe00,Sean Tucker,RB,TB,00-0038951,0.0,0,True,False,weekly_roster_name_position_team,,crosswalk_fields_disagree;no_actual_weekly_record;actual_score_created_from_missing_record,Info,crosswalk_fields_disagree
2023,10,CarlSt00,Stephen Carlson,TE,CHI,00-0035039,0.0,0,True,False,weekly_roster_name_position_team,,crosswalk_fields_disagree;no_actual_weekly_record;actual_score_created_from_missing_record,Info,crosswalk_fields_disagree
2023,10,BeckAn00,Andrew Beck,RB,NYJ,00-0034959,0.0,0,True,False,manual_override,FBG position and team differ from the weekly roster record,no_actual_weekly_record;actual_score_created_from_missing_record,Info,manual_override_applied;gsis_id_not_in_master
2023,10,ThomIa00,Ian Thomas,TE,LV,00-0034365,0.0,0,True,False,master_name_position,,no_actual_weekly_record;actual_score_created_from_missing_record,Info,
2023,10,JoneCh00,Charlie Jones,WR,NYG,,,0,False,False,unmatched,,no_unique_gsis_id;no_actual_weekly_record;actual_score_created_from_missing_record,Info,
2023,10,JoneVe00,Velus Jones Jr,RB,SEA,00-0037745,0.0,0,True,False,manual_override,Top-player gate override because the historical FBG row labels Velus Jones Jr as RB with stale teams while the weekly records identify GSIS 00-0037745 and the master position is WR,crosswalk_fields_disagree;master_position_conflict;no_actual_weekly_record;actual_score_created_from_missing_record,Info,crosswalk_fields_disagree;manual_override_applied;master_position_conflict
2023,10,TurnCo00,Cole Turner,TE,MIA,00-0037078,0.0,0,True,False,master_name_position,,no_actual_weekly_record;actual_score_created_from_missing_record,Info,
2023,10,OgleAn00,Drew Ogletree,TE,IND,00-0037292,0.0,0,True,False,pfr_crosswalk_verified,,master_name_conflict;no_actual_weekly_record;actual_score_created_from_missing_record,Info,master_name_conflict
2023,10,TurpKa00,KaVontae Turpin,WR,DAL,00-0037801,0.0,0,True,False,weekly_roster_name_position_team,,no_actual_weekly_record;actual_score_created_from_missing_record,Info,
2023,10,BurkTr00,Treylon Burks,WR,WAS,00-0037742,0.0,0,True,False,master_name_position,,no_actual_weekly_record;actual_score_created_from_missing_record,Info,
2023,11,MahoPa00,Patrick Mahomes II,QB,KC,00-0033873,16.88,1,False,True,weekly_stats_name_position_team,,crosswalk_fields_disagree,Warning,crosswalk_fields_disagree
2023,11,MayfBa00,Baker Mayfield,QB,TB,00-0034855,10.34,1,False,True,weekly_stats_name_position_team,,crosswalk_fields_disagree,Warning,crosswalk_fields_disagree
2023,11,DobbJo00,Joshua Dobbs,QB,DET,00-0033949,16.94,1,False,True,master_name_position,,crosswalk_fields_disagree,Warning,crosswalk_fields_disagree
2023,11,AlleJo01,Josh Allen,QB,BUF,00-0034857,22.5,1,False,True,weekly_stats_name_position_team,,crosswalk_fields_disagree,Warning,crosswalk_fields_disagree
2023,11,WilsZa00,Zach Wilson,QB,NO,00-0037013,6.74,1,False,True,master_name_position,,crosswalk_fields_disagree,Warning,crosswalk_fields_disagree
2023,11,FielJu00,Justin Fields,QB,KC,00-0036945,21.16,1,False,True,master_name_position,,crosswalk_fields_disagree,Warning,crosswalk_fields_disagree
2023,11,RiceRa01,Rashee Rice,WR,KC,00-0039067,8.2,1,False,True,weekly_stats_name_position_team,,crosswalk_fields_disagree,Warning,crosswalk_fields_disagree
2023,11,DiggSt00,Stefon Diggs,WR,WAS,00-0031588,6.7,1,False,True,master_name_position,,crosswalk_fields_disagree,Warning,crosswalk_fields_disagree
2023,11,DoubRo00,Romeo Doubs,WR,NE,00-0037816,16.3,1,False,True,master_name_position,,crosswalk_fields_disagree,Warning,crosswalk_fields_disagree
2023,11,AlleKe00,Keenan Allen,WR,IND,00-0030279,27.6,1,False,True,master_name_position,,crosswalk_fields_disagree,Warning,crosswalk_fields_disagree
2023,11,McCaCh00,Christian McCaffrey,RB,SF,00-0033280,21.3,1,False,True,weekly_stats_name_position_team,,crosswalk_fields_disagree,Warning,crosswalk_fields_disagree
2023,11,WatsCh00,Christian Watson,WR,GB,00-0038124,10.2,1,False,True,weekly_stats_name_position_team,,crosswalk_fields_disagree,Warning,crosswalk_fields_disagree
2023,11,GibbJa00,Jahmyr Gibbs,RB,DET,00-0039139,21.5,1,False,True,weekly_stats_name_position_team,,crosswalk_fields_disagree,Warning,crosswalk_fields_disagree
2023,11,OttoCa00,Cade Otton,TE,TB,00-0038129,8.9,1,False,True,weekly_stats_name_position_team,,crosswalk_fields_disagree,Warning,crosswalk_fields_disagree
2023,11,BrowMa05,Hollywood Brown,WR,PHI,00-0035662,3.2,1,False,True,manual_override,FBG uses Hollywood Brown and a stale PHI team in the historical export,master_name_conflict,Warning,manual_override_applied;master_name_conflict
2023,11,GrayNo00,Noah Gray,TE,KC,00-0036637,0.0,1,False,True,weekly_stats_name_position_team,,crosswalk_fields_disagree,Warning,crosswalk_fields_disagree
2023,11,SmitDe04,DeVonta Smith,WR,PHI,00-0036912,15.9,1,False,True,weekly_stats_name_position_team,,crosswalk_fields_disagree,Warning,crosswalk_fields_disagree
2023,11,MusgLu00,Luke Musgrave,TE,GB,00-0039144,6.8,1,False,True,weekly_stats_name_position_team,,crosswalk_fields_disagree,Warning,crosswalk_fields_disagree
2023,11,HarrNa00,Najee Harris,RB,NYG,00-0036893,4.6,1,False,True,master_name_position,,crosswalk_fields_disagree,Warning,crosswalk_fields_disagree
2023,11,KirkCh00,Christian Kirk,WR,SF,00-0034775,7.8,1,False,True,master_name_position,,crosswalk_fields_disagree,Warning,crosswalk_fields_disagree
2023,11,TuckSe00,Sean Tucker,RB,TB,00-0038951,0.0,0,True,False,weekly_roster_name_position_team,,crosswalk_fields_disagree;no_actual_weekly_record;actual_score_created_from_missing_record,Info,crosswalk_fields_disagree
2023,11,FantNo00,Noah Fant,TE,NO,00-0035644,1.4,1,False,True,master_name_position,,crosswalk_fields_disagree,Warning,crosswalk_fields_disagree
2023,11,FehoSi00,Simi Fehoko,WR,ARI,00-0036646,0.0,0,True,False,master_name_position,,no_actual_weekly_record;actual_score_created_from_missing_record,Info,
2023,11,BrowAJ00,A.J. Brown,WR,NE,00-0035676,1.8,1,False,True,master_name_position,,crosswalk_fields_disagree,Warning,crosswalk_fields_disagree
2023,11,EtieTr00,Travis Etienne Jr.,RB,NO,00-0036973,8.9,1,False,True,master_name_position,,crosswalk_fields_disagree,Warning,crosswalk_fields_disagree
2023,11,GodwCh00,Chris Godwin Jr.,WR,TB,00-0033921,9.9,1,False,True,weekly_stats_name_position_team,,crosswalk_fields_disagree,Warning,crosswalk_fields_disagree
2023,11,WalkKe01,Ken Walker III,RB,KC,00-0038134,2.6,1,False,True,manual_override,FBG uses Ken Walker and a stale KC team in the historical export,master_name_conflict,Warning,manual_override_applied;master_name_conflict
2023,11,HeywCo00,Connor Heyward,TE,LV,00-0037304,0.0,0,True,False,manual_override,Top-player gate override because the historical FBG row uses a stale LV team while the weekly roster identifies Connor Heyward as TE 00-0037304 for PIT,no_actual_weekly_record;actual_score_created_from_missing_record,Info,manual_override_applied;gsis_id_not_in_master
2023,11,WhitZa00,Zamir White,RB,NO,00-0038040,0.0,0,True,True,master_name_position,,no_actual_weekly_record;actual_score_created_from_missing_record,Warning,
2023,11,MoorCh00,Chris Moore,WR,BAL,00-0032398,9.7,1,False,False,master_name_position,,crosswalk_fields_disagree,Info,crosswalk_fields_disagree
2023,11,OkonCh00,Chig Okonkwo,TE,WAS,00-0037809,1.6,1,False,True,master_name_position,,crosswalk_fields_disagree,Warning,crosswalk_fields_disagree
2023,11,BerrBr00,Braxton Berrios,WR,NYG,00-0034419,0.0,0,True,False,master_name_position,,no_actual_weekly_record;actual_score_created_from_missing_record,Info,
2023,11,DallDe00,DeeJay Dallas,RB,MIN,00-0036425,2.4,1,False,False,master_name_position,,crosswalk_fields_disagree;master_team_context_differs,Info,crosswalk_fields_disagree;master_team_context_differs
2023,11,HomeTr00,Travis Homer,RB,PIT,00-0035594,0.0,0,True,False,master_name_position,,no_actual_weekly_record;actual_score_created_from_missing_record,Info,
2023,11,StroPi00,Pierre Strong Jr,RB,GB,00-0038098,1.5,1,False,True,master_name_position,,crosswalk_fields_disagree,Warning,crosswalk_fields_disagree
2023,11,PalmTr00,Trey Palmer,WR,NO,00-0039052,6.8,1,False,False,master_name_position,,crosswalk_fields_disagree,Info,crosswalk_fields_disagree
2023,11,SlayDa00,Darius Slayton,WR,NYG,00-0035535,18.2,1,False,False,weekly_stats_name_position_team,,crosswalk_fields_disagree,Info,crosswalk_fields_disagree
2023,11,SherTr00,Trent Sherfield,WR,BUF,00-0034487,0.0,0,True,False,weekly_roster_name_position_team,,no_actual_weekly_record;actual_score_created_from_missing_record,Info,
2023,11,GainKe00,Kenny Gainwell,RB,TB,00-0036919,1.5,1,False,True,master_name_position,,crosswalk_fields_disagree,Warning,crosswalk_fields_disagree
2023,11,ThomDe04,Deven Thompkins,WR,LV,00-0037487,1.7,1,False,False,master_name_position,,crosswalk_fields_disagree,Info,crosswalk_fields_disagree
2023,11,WillJa09,Jameson Williams,WR,DET,00-0037240,12.4,1,False,False,weekly_stats_name_position_team,,crosswalk_fields_disagree,Info,crosswalk_fields_disagree
2023,11,JohnQu01,Quentin Johnston,WR,LAC,00-0038544,4.1,1,False,True,weekly_stats_name_position_team,,crosswalk_fields_disagree,Warning,crosswalk_fields_disagree
2023,11,BeckAn00,Andrew Beck,RB,NYJ,00-0034959,0.0,0,True,False,manual_override,FBG position and team differ from the weekly roster record,no_actual_weekly_record;actual_score_created_from_missing_record,Info,manual_override_applied;gsis_id_not_in_master
2023,11,KrafTu00,Tucker Kraft,TE,GB,00-0038996,5.2,1,False,False,weekly_stats_name_position_team,,crosswalk_fields_disagree,Info,crosswalk_fields_disagree
2023,11,MoorSk00,Skyy Moore,WR,GB,00-0038090,1.4,1,False,False,master_name_position,,crosswalk_fields_disagree,Info,crosswalk_fields_disagree
2023,11,AtweTu00,Tutu Atwell,WR,LA,00-0036849,2.7,1,False,True,weekly_stats_name_position_team,,crosswalk_fields_disagree,Warning,crosswalk_fields_disagree
2023,11,TonyRo00,Robert Tonyan Jr,TE,PIT,00-0033757,0.0,0,True,False,master_name_position,,no_actual_weekly_record;actual_score_created_from_missing_record,Info,
2023,11,KiefKo00,Ko Kieft,TE,TB,00-0037311,0.0,0,True,False,weekly_roster_name_position_team,,crosswalk_fields_disagree;no_actual_weekly_record;actual_score_created_from_missing_record,Info,crosswalk_fields_disagree
2023,11,ReynCr00,Craig Reynolds,RB,WAS,00-0035567,0.0,1,False,False,master_name_position,,crosswalk_fields_disagree,Info,crosswalk_fields_disagree
2023,11,IngoAl00,Alec Ingold,RB,LAC,00-0035125,0.0,0,True,False,manual_override,Top-player gate override because the historical FBG row uses a stale LAC team while the weekly roster identifies Alec Ingold as RB 00-0035125 for MIA,no_actual_weekly_record;actual_score_created_from_missing_record,Info,manual_override_applied;gsis_id_not_in_master
2023,11,JoneTi00,Tim Jones,WR,JAX,00-0036497,0.0,0,True,False,weekly_roster_name_position_team,,no_actual_weekly_record;actual_score_created_from_missing_record,Info,
2023,11,CharIr00,Irv Charles,WR,SEA,,,0,False,False,unmatched,,no_unique_gsis_id;crosswalk_fields_disagree;no_actual_weekly_record;actual_score_created_from_missing_record,Info,crosswalk_fields_disagree
2023,11,ManhCh00,Chris Manhertz,TE,NYG,00-0031484,0.0,0,True,False,master_name_position,,no_actual_weekly_record;actual_score_created_from_missing_record,Info,
2023,11,AlleDa01,Davis Allen,TE,LA,00-0039074,0.0,0,True,False,weekly_roster_name_position_team,,crosswalk_fields_disagree;no_actual_weekly_record;actual_score_created_from_missing_record,Info,crosswalk_fields_disagree
2023,11,MundJo00,Johnny Mundt,TE,PHI,00-0033246,0.0,0,True,False,master_name_position,,no_actual_weekly_record;actual_score_created_from_missing_record,Info,
2023,11,WrigBr00,Brock Wright,TE,DET,00-0036754,0.0,1,False,True,weekly_stats_name_position_team,,crosswalk_fields_disagree,Warning,crosswalk_fields_disagree
2023,11,StraBr00,Brenton Strange,TE,JAX,00-0038935,0.0,0,True,False,weekly_roster_name_position_team,,no_actual_weekly_record;actual_score_created_from_missing_record,Info,
2023,11,ParkCo00,Colby Parkinson,TE,LA,00-0036244,0.0,1,False,True,master_name_position,,crosswalk_fields_disagree,Warning,crosswalk_fields_disagree
2023,11,McLaJa00,Jaleel McLaughlin,RB,CLE,00-0038794,6.5,1,False,True,master_name_position,,crosswalk_fields_disagree,Warning,crosswalk_fields_disagree
2023,11,SillDa00,David Sills V,WR,TB,00-0035359,0.0,0,True,False,master_name_position,,no_actual_weekly_record;actual_score_created_from_missing_record,Info,
2023,11,WardJo00,Jonathan Ward,RB,BAL,00-0035924,0.0,0,True,False,master_name_position,,no_actual_weekly_record;actual_score_created_from_missing_record,Info,
2023,11,BurtMi00,Michael Burton,RB,CLE,00-0031595,0.0,0,True,False,pfr_crosswalk_verified,,no_actual_weekly_record;actual_score_created_from_missing_record,Info,gsis_id_not_in_master
2023,11,OgunDa00,Dare Ogunbowale,RB,LV,00-0033854,0.0,0,True,False,master_name_position,,crosswalk_fields_disagree;no_actual_weekly_record;actual_score_created_from_missing_record,Info,crosswalk_fields_disagree
2023,11,JohnTy00,Ty Johnson,RB,BUF,00-0035537,14.8,1,False,False,weekly_stats_name_position_team,,crosswalk_fields_disagree,Info,crosswalk_fields_disagree
2023,11,SmarSt00,Stone Smartt,TE,NO,00-0037475,12.1,1,False,False,master_name_position,,crosswalk_fields_disagree,Info,crosswalk_fields_disagree
2023,11,SamuDe00,Deebo Samuel Sr.,WR,SF,00-0035719,9.2,1,False,True,weekly_stats_name_position_team,,crosswalk_fields_disagree,Warning,crosswalk_fields_disagree
2023,11,DurhPa00,Payne Durham,TE,TB,00-0039050,3.3,1,False,False,weekly_stats_name_position_team,,crosswalk_fields_disagree,Info,crosswalk_fields_disagree
2023,11,DaviDe01,Derius Davis,WR,LAC,00-0038573,0.7,1,False,False,weekly_stats_name_position_team,,crosswalk_fields_disagree,Info,crosswalk_fields_disagree
2023,11,JordBr00,Brevin Jordan,TE,HOU,00-0036556,0.0,0,True,False,weekly_roster_name_position_team,,no_actual_weekly_record;actual_score_created_from_missing_record,Info,
2023,11,LongHu00,Hunter Long,TE,ARI,00-0037004,0.0,0,True,False,master_name_position,,crosswalk_fields_disagree;no_actual_weekly_record;actual_score_created_from_missing_record,Info,crosswalk_fields_disagree
2023,11,HillJu01,Julian Hill,TE,NE,00-0038720,0.0,1,False,True,master_name_position,,crosswalk_fields_disagree,Warning,crosswalk_fields_disagree
2023,11,CalcGr00,Grant Calcaterra,TE,PHI,00-0037086,0.0,0,True,False,weekly_roster_name_position_team,,no_actual_weekly_record;actual_score_created_from_missing_record,Info,
2023,11,NwanKe00,Kene Nwangwu,RB,NYJ,00-0036842,0.0,0,True,False,master_name_position,,no_actual_weekly_record;actual_score_created_from_missing_record,Info,
2023,11,GillRe00,Reggie Gilliam,RB,NE,00-0036187,0.0,1,False,False,master_name_position,,crosswalk_fields_disagree,Info,crosswalk_fields_disagree
2023,11,SmitJa02,Jaxon Smith-Njigba,WR,SEA,00-0038543,7.0,1,False,True,weekly_stats_name_position_team,,crosswalk_fields_disagree,Warning,crosswalk_fields_disagree
2023,11,McClRa00,Ray-Ray McCloud III,WR,CHI,00-0034407,0.0,1,False,False,master_name_position,,crosswalk_fields_disagree,Info,crosswalk_fields_disagree
2023,11,KelcTr00,Travis Kelce,TE,KC,00-0030506,15.4,1,False,True,weekly_stats_name_position_team,,crosswalk_fields_disagree,Warning,crosswalk_fields_disagree
2023,11,OkwuAl00,Albert Okwuegbunam Jr.,TE,LV,00-0036423,0.0,0,True,False,master_name_position,,no_actual_weekly_record;actual_score_created_from_missing_record,Info,
2023,11,WhitBl01,Blake Whiteheart,TE,CLE,00-0038710,0.0,0,True,False,master_name_position,,no_actual_weekly_record;actual_score_created_from_missing_record,Info,
2023,11,BrooJa02,Jalen Brooks,WR,ARI,00-0038640,0.0,0,True,False,master_name_position,,no_actual_weekly_record;actual_score_created_from_missing_record,Info,
2023,11,RicaPa00,Patrick Ricard,RB,NYG,00-0033376,0.0,0,True,False,master_name_position,,no_actual_weekly_record;actual_score_created_from_missing_record,Info,
2023,11,JuszKy00,Kyle Juszczyk,RB,SF,00-0029892,0.0,0,True,True,weekly_roster_name_position_team,,no_actual_weekly_record;actual_score_created_from_missing_record,Warning,gsis_id_not_in_master
2023,11,HutcXa00,Xavier Hutchinson,WR,HOU,00-0038618,0.0,0,True,False,weekly_roster_name_position_team,,no_actual_weekly_record;actual_score_created_from_missing_record,Info,
2023,11,WallTy00,Tylan Wallace,WR,CLE,00-0036630,0.0,0,True,False,master_name_position,,no_actual_weekly_record;actual_score_created_from_missing_record,Info,
2023,11,RussBr00,Brady Russell,RB,SEA,00-0038488,0.0,0,True,False,master_name_position,,no_actual_weekly_record;actual_score_created_from_missing_record,Info,
2023,11,SimsBe00,Ben Sims,TE,MIA,00-0038809,0.0,0,True,False,master_name_position,,no_actual_weekly_record;actual_score_created_from_missing_record,Info,
2023,11,ThomIa00,Ian Thomas,TE,LV,00-0034365,0.0,0,True,False,master_name_position,,no_actual_weekly_record;actual_score_created_from_missing_record,Info,
2023,11,CracRi00,River Cracraft,WR,WAS,00-0034054,0.0,0,True,False,master_name_position,,no_actual_weekly_record;actual_score_created_from_missing_record,Info,
2023,11,VannNi00,Nick Vannett,TE,BAL,00-0032394,0.0,0,True,False,master_name_position,,crosswalk_fields_disagree;master_team_context_differs;no_actual_weekly_record;actual_score_created_from_missing_record,Info,crosswalk_fields_disagree;master_team_context_differs
2023,11,JoneCh00,Charlie Jones,WR,NYG,,,0,False,False,unmatched,,no_unique_gsis_id;no_actual_weekly_record;actual_score_created_from_missing_record,Info,
2023,11,WashPa01,Parker Washington,WR,JAX,00-0038606,0.0,0,True,False,weekly_roster_name_position_team,,no_actual_weekly_record;actual_score_created_from_missing_record,Info,
2023,11,NailJa00,Jalen Nailor,WR,LV,00-0037291,0.0,0,True,False,master_name_position,,no_actual_weekly_record;actual_score_created_from_missing_record,Info,
2023,11,CartMi01,Michael Carter,RB,TEN,00-0036924,0.0,0,True,False,master_name_position,,no_actual_weekly_record;actual_score_created_from_missing_record,Info,
2023,11,SmytDu00,Durham Smythe,TE,BAL,00-0034798,0.0,0,True,False,master_name_position,,no_actual_weekly_record;actual_score_created_from_missing_record,Info,
2023,11,BurkTr00,Treylon Burks,WR,WAS,00-0037742,0.0,0,True,False,master_name_position,,no_actual_weekly_record;actual_score_created_from_missing_record,Info,
2023,11,IosiAn00,Andrei Iosivas,WR,CIN,00-0038619,0.0,0,True,False,weekly_roster_name_position_team,,no_actual_weekly_record;actual_score_created_from_missing_record,Info,
2023,11,KrulLu00,Lucas Krull,TE,DEN,00-0037539,0.0,0,True,False,weekly_roster_name_position_team,,no_actual_weekly_record;actual_score_created_from_missing_record,Info,
2023,11,JoneVe00,Velus Jones Jr,RB,SEA,00-0037745,0.0,0,True,False,manual_override,Top-player gate override because the historical FBG row labels Velus Jones Jr as RB with stale teams while the weekly records identify GSIS 00-0037745 and the master position is WR,crosswalk_fields_disagree;master_position_conflict;no_actual_weekly_record;actual_score_created_from_missing_record,Info,crosswalk_fields_disagree;manual_override_applied;master_position_conflict
2023,12,MahoPa00,Patrick Mahomes II,QB,KC,00-0033873,20.82,1,False,True,weekly_stats_name_position_team,,crosswalk_fields_disagree,Warning,crosswalk_fields_disagree
2023,12,AlleJo01,Josh Allen,QB,BUF,00-0034857,39.66,1,False,True,weekly_stats_name_position_team,,crosswalk_fields_disagree,Warning,crosswalk_fields_disagree
2023,12,MayfBa00,Baker Mayfield,QB,TB,00-0034855,13.36,1,False,True,weekly_stats_name_position_team,,crosswalk_fields_disagree,Warning,crosswalk_fields_disagree
2023,12,DobbJo00,Joshua Dobbs,QB,DET,00-0033949,4.5,1,False,True,master_name_position,,crosswalk_fields_disagree,Warning,crosswalk_fields_disagree
2023,12,FielJu00,Justin Fields,QB,KC,00-0036945,10.58,1,False,True,master_name_position,,crosswalk_fields_disagree,Warning,crosswalk_fields_disagree
2023,12,JoneMa04,Mac Jones,QB,SF,00-0036972,-0.44,1,False,True,master_name_position,,crosswalk_fields_disagree,Warning,crosswalk_fields_disagree
2023,12,AlleKe00,Keenan Allen,WR,IND,00-0030279,22.6,1,False,True,master_name_position,,crosswalk_fields_disagree,Warning,crosswalk_fields_disagree
2023,12,JohnQu01,Quentin Johnston,WR,LAC,00-0038544,1.7,1,False,False,weekly_stats_name_position_team,,crosswalk_fields_disagree,Info,crosswalk_fields_disagree
2023,12,DaviDe01,Derius Davis,WR,LAC,00-0038573,1.1,1,False,False,weekly_stats_name_position_team,,crosswalk_fields_disagree,Info,crosswalk_fields_disagree
2023,12,OlivJo00,Josh Oliver,TE,MIN,00-0035249,0.0,0,True,False,weekly_roster_name_position_team,,no_actual_weekly_record;actual_score_created_from_missing_record,Info,
2023,12,SmarSt00,Stone Smartt,TE,NO,00-0037475,0.0,1,False,False,master_name_position,,crosswalk_fields_disagree,Info,crosswalk_fields_disagree
2023,12,JoneVe00,Velus Jones Jr,RB,SEA,00-0037745,0.0,1,False,False,manual_override,Top-player gate override because the historical FBG row labels Velus Jones Jr as RB with stale teams while the weekly records identify GSIS 00-0037745 and the master position is WR,crosswalk_fields_disagree;master_position_conflict,Info,crosswalk_fields_disagree;manual_override_applied;master_position_conflict
2023,12,RicaPa00,Patrick Ricard,RB,NYG,00-0033376,0.0,0,True,False,master_name_position,,no_actual_weekly_record;actual_score_created_from_missing_record,Info,
2023,12,KolaCh00,Charlie Kolar,TE,LAC,00-0038046,0.0,0,True,False,master_name_position,,no_actual_weekly_record;actual_score_created_from_missing_record,Info,
2023,12,NailJa00,Jalen Nailor,WR,LV,00-0037291,0.0,0,True,False,master_name_position,,no_actual_weekly_record;actual_score_created_from_missing_record,Info,
2023,12,MundJo00,Johnny Mundt,TE,PHI,00-0033246,0.0,0,True,False,master_name_position,,no_actual_weekly_record;actual_score_created_from_missing_record,Info,
2023,12,WallTy00,Tylan Wallace,WR,CLE,00-0036630,0.0,0,True,False,master_name_position,,no_actual_weekly_record;actual_score_created_from_missing_record,Info,
2023,12,HeywCo00,Connor Heyward,TE,LV,00-0037304,0.0,0,True,False,manual_override,Top-player gate override because the historical FBG row uses a stale LV team while the weekly roster identifies Connor Heyward as TE 00-0037304 for PIT,no_actual_weekly_record;actual_score_created_from_missing_record,Info,manual_override_applied;gsis_id_not_in_master
2023,12,KamaAl00,Alvin Kamara,RB,NO,00-0033906,15.9,1,False,True,weekly_stats_name_position_team,,crosswalk_fields_disagree,Warning,crosswalk_fields_disagree
2023,12,BrowAJ00,A.J. Brown,WR,NE,00-0035676,14.7,1,False,True,master_name_position,,crosswalk_fields_disagree,Warning,crosswalk_fields_disagree
2023,12,DoubRo00,Romeo Doubs,WR,NE,00-0037816,6.7,1,False,True,master_name_position,,crosswalk_fields_disagree,Warning,crosswalk_fields_disagree
2023,12,BrowMa05,Hollywood Brown,WR,PHI,00-0035662,14.8,1,False,False,manual_override,FBG uses Hollywood Brown and a stale PHI team in the historical export,master_name_conflict,Info,manual_override_applied;master_name_conflict
2023,12,HarrNa00,Najee Harris,RB,NYG,00-0036893,15.9,1,False,True,master_name_position,,crosswalk_fields_disagree,Warning,crosswalk_fields_disagree
2023,12,DemeEm00,Emari Demercado,RB,DAL,00-0038705,1.5,1,False,False,master_name_position,,crosswalk_fields_disagree,Info,crosswalk_fields_disagree
2023,12,OlavCh00,Chris Olave,WR,NO,00-0037239,18.4,1,False,True,weekly_stats_name_position_team,,crosswalk_fields_disagree,Warning,crosswalk_fields_disagree
2023,12,HodgKh00,KhaDarel Hodge,WR,SF,00-0034854,0.0,1,False,False,master_name_position,,crosswalk_fields_disagree,Info,crosswalk_fields_disagree
2023,12,StevRh00,Rhamondre Stevenson,RB,NE,00-0036875,21.7,1,False,True,weekly_stats_name_position_team,,crosswalk_fields_disagree,Warning,crosswalk_fields_disagree
2023,12,EtieTr00,Travis Etienne Jr.,RB,NO,00-0036973,12.6,1,False,True,master_name_position,,crosswalk_fields_disagree,Warning,crosswalk_fields_disagree
2023,12,RiceRa01,Rashee Rice,WR,KC,00-0039067,24.7,1,False,True,weekly_stats_name_position_team,,crosswalk_fields_disagree,Warning,crosswalk_fields_disagree
2023,12,McClRa00,Ray-Ray McCloud III,WR,CHI,00-0034407,3.3,1,False,False,master_name_position,,crosswalk_fields_disagree,Info,crosswalk_fields_disagree
2023,12,McCaCh00,Christian McCaffrey,RB,SF,00-0033280,30.9,1,False,True,weekly_stats_name_position_team,,crosswalk_fields_disagree,Warning,crosswalk_fields_disagree
2023,12,SmitDe04,DeVonta Smith,WR,PHI,00-0036912,23.6,1,False,True,weekly_stats_name_position_team,,crosswalk_fields_disagree,Warning,crosswalk_fields_disagree
2023,12,DiggSt00,Stefon Diggs,WR,WAS,00-0031588,19.4,1,False,True,master_name_position,,crosswalk_fields_disagree,Warning,crosswalk_fields_disagree
2023,12,KirkCh00,Christian Kirk,WR,SF,00-0034775,12.9,1,False,True,master_name_position,,crosswalk_fields_disagree,Warning,crosswalk_fields_disagree
2023,12,FantNo00,Noah Fant,TE,NO,00-0035644,4.5,1,False,True,master_name_position,,crosswalk_fields_disagree,Warning,crosswalk_fields_disagree
2023,12,OkonCh00,Chig Okonkwo,TE,WAS,00-0037809,8.5,1,False,True,master_name_position,,crosswalk_fields_disagree,Warning,crosswalk_fields_disagree
2023,12,MoorCh00,Chris Moore,WR,BAL,00-0032398,7.2,1,False,False,master_name_position,,crosswalk_fields_disagree,Info,crosswalk_fields_disagree
2023,12,WatsCh00,Christian Watson,WR,GB,00-0038124,20.4,1,False,False,weekly_stats_name_position_team,,crosswalk_fields_disagree,Info,crosswalk_fields_disagree
2023,12,HenrHu00,Hunter Henry,TE,NE,00-0033090,0.0,0,True,True,weekly_roster_name_position_team,,crosswalk_fields_disagree;no_actual_weekly_record;actual_score_created_from_missing_record,Warning,crosswalk_fields_disagree
2023,12,KelcTr00,Travis Kelce,TE,KC,00-0030506,15.1,1,False,True,weekly_stats_name_position_team,,crosswalk_fields_disagree,Warning,crosswalk_fields_disagree
2023,12,SamuDe00,Deebo Samuel Sr.,WR,SF,00-0035719,22.4,1,False,True,weekly_stats_name_position_team,,crosswalk_fields_disagree,Warning,crosswalk_fields_disagree
2023,12,SlayDa00,Darius Slayton,WR,NYG,00-0035535,3.6,1,False,False,weekly_stats_name_position_team,,crosswalk_fields_disagree,Info,crosswalk_fields_disagree
2023,12,GodwCh00,Chris Godwin Jr.,WR,TB,00-0033921,7.5,1,False,True,weekly_stats_name_position_team,,crosswalk_fields_disagree,Warning,crosswalk_fields_disagree
2023,12,OttoCa00,Cade Otton,TE,TB,00-0038129,8.5,1,False,True,weekly_stats_name_position_team,,crosswalk_fields_disagree,Warning,crosswalk_fields_disagree
2023,12,GibbJa00,Jahmyr Gibbs,RB,DET,00-0039139,11.3,1,False,True,weekly_stats_name_position_team,,crosswalk_fields_disagree,Warning,crosswalk_fields_disagree
2023,12,GainKe00,Kenny Gainwell,RB,TB,00-0036919,5.6,1,False,True,master_name_position,,crosswalk_fields_disagree,Warning,crosswalk_fields_disagree
2023,12,SmitJa02,Jaxon Smith-Njigba,WR,SEA,00-0038543,6.1,1,False,True,weekly_stats_name_position_team,,crosswalk_fields_disagree,Warning,crosswalk_fields_disagree
2023,12,DallDe00,DeeJay Dallas,RB,MIN,00-0036425,2.5,1,False,True,master_name_position,,crosswalk_fields_disagree;master_team_context_differs,Warning,crosswalk_fields_disagree;master_team_context_differs
2023,12,ThomDe04,Deven Thompkins,WR,LV,00-0037487,0.0,1,False,False,master_name_position,,crosswalk_fields_disagree,Info,crosswalk_fields_disagree
2023,12,MillSc01,Scotty Miller,WR,CHI,00-0035298,1.4,1,False,False,pfr_crosswalk_verified,,master_name_conflict,Info,master_name_conflict
2023,12,PalmTr00,Trey Palmer,WR,NO,00-0039052,5.7,1,False,False,master_name_position,,crosswalk_fields_disagree,Info,crosswalk_fields_disagree
2023,12,JohnTy00,Ty Johnson,RB,BUF,00-0035537,1.9,1,False,False,weekly_stats_name_position_team,,crosswalk_fields_disagree,Info,crosswalk_fields_disagree
2023,12,JoneTi00,Tim Jones,WR,JAX,00-0036497,0.0,0,True,False,weekly_roster_name_position_team,,no_actual_weekly_record;actual_score_created_from_missing_record,Info,
2023,12,AtweTu00,Tutu Atwell,WR,LA,00-0036849,10.6,1,False,False,weekly_stats_name_position_team,,crosswalk_fields_disagree,Info,crosswalk_fields_disagree
2023,12,ManhCh00,Chris Manhertz,TE,NYG,00-0031484,0.0,0,True,False,master_name_position,,no_actual_weekly_record;actual_score_created_from_missing_record,Info,
2023,12,KrafTu00,Tucker Kraft,TE,GB,00-0038996,9.5,1,False,True,weekly_stats_name_position_team,,crosswalk_fields_disagree,Warning,crosswalk_fields_disagree
2023,12,PrenAd00,Adam Prentice,RB,DEN,00-0036727,0.0,0,True,False,pfr_crosswalk_verified,,no_actual_weekly_record;actual_score_created_from_missing_record,Info,gsis_id_not_in_master
2023,12,HillJu01,Julian Hill,TE,NE,00-0038720,0.0,1,False,False,master_name_position,,crosswalk_fields_disagree,Info,crosswalk_fields_disagree
2023,12,MoorSk00,Skyy Moore,WR,GB,00-0038090,6.4,1,False,False,master_name_position,,crosswalk_fields_disagree,Info,crosswalk_fields_disagree
2023,12,GrayNo00,Noah Gray,TE,KC,00-0036637,6.0,1,False,True,weekly_stats_name_position_team,,crosswalk_fields_disagree,Warning,crosswalk_fields_disagree
2023,12,DougDe00,DeMario Douglas,WR,NE,00-0038621,10.9,1,False,True,weekly_stats_name_position_team,,crosswalk_fields_disagree,Warning,crosswalk_fields_disagree
2023,12,BateJo00,John Bates,TE,WAS,00-0036628,0.0,0,True,False,weekly_roster_name_position_team,,no_actual_weekly_record;actual_score_created_from_missing_record,Info,
2023,12,WrigBr00,Brock Wright,TE,DET,00-0036754,1.9,1,False,False,weekly_stats_name_position_team,,crosswalk_fields_disagree,Info,crosswalk_fields_disagree
2023,12,BrowPh00,Pharaoh Brown,TE,IND,00-0033439,0.0,0,True,False,master_name_position,,crosswalk_fields_disagree;no_actual_weekly_record;actual_score_created_from_missing_record,Info,crosswalk_fields_disagree
2023,12,CharIr00,Irv Charles,WR,SEA,,,0,False,False,unmatched,,no_unique_gsis_id;crosswalk_fields_disagree;no_actual_weekly_record;actual_score_created_from_missing_record,Info,crosswalk_fields_disagree
2023,12,AdkiNa00,Nate Adkins,TE,DEN,00-0038783,0.0,0,True,False,weekly_roster_name_position_team,,no_actual_weekly_record;actual_score_created_from_missing_record,Info,
2023,12,StraBr00,Brenton Strange,TE,JAX,00-0038935,0.0,0,True,False,weekly_roster_name_position_team,,no_actual_weekly_record;actual_score_created_from_missing_record,Info,
2023,12,ThorTy00,Tyquan Thornton,WR,KC,00-0038104,4.2,1,False,False,master_name_position,,crosswalk_fields_disagree,Info,crosswalk_fields_disagree
2023,12,ParkCo00,Colby Parkinson,TE,LA,00-0036244,1.9,1,False,False,master_name_position,,crosswalk_fields_disagree,Info,crosswalk_fields_disagree
2023,12,BeckAn00,Andrew Beck,RB,NYJ,00-0034959,0.0,0,True,False,manual_override,FBG position and team differ from the weekly roster record,no_actual_weekly_record;actual_score_created_from_missing_record,Info,manual_override_applied;gsis_id_not_in_master
2023,12,WillJa09,Jameson Williams,WR,DET,00-0037240,7.1,1,False,False,weekly_stats_name_position_team,,crosswalk_fields_disagree,Info,crosswalk_fields_disagree
2023,12,AlleDa01,Davis Allen,TE,LA,00-0039074,1.6,1,False,False,weekly_stats_name_position_team,,crosswalk_fields_disagree,Info,crosswalk_fields_disagree
2023,12,StroPi00,Pierre Strong Jr,RB,GB,00-0038098,0.0,0,True,False,master_name_position,,crosswalk_fields_disagree;no_actual_weekly_record;actual_score_created_from_missing_record,Info,crosswalk_fields_disagree
2023,12,GillRe00,Reggie Gilliam,RB,NE,00-0036187,0.0,0,True,False,master_name_position,,crosswalk_fields_disagree;no_actual_weekly_record;actual_score_created_from_missing_record,Info,crosswalk_fields_disagree
2023,12,IngoAl00,Alec Ingold,RB,LAC,00-0035125,0.0,0,True,False,manual_override,Top-player gate override because the historical FBG row uses a stale LAC team while the weekly roster identifies Alec Ingold as RB 00-0035125 for MIA,no_actual_weekly_record;actual_score_created_from_missing_record,Info,manual_override_applied;gsis_id_not_in_master
2023,12,DurhPa00,Payne Durham,TE,TB,00-0039050,2.2,1,False,False,weekly_stats_name_position_team,,crosswalk_fields_disagree,Info,crosswalk_fields_disagree
2023,12,KiefKo00,Ko Kieft,TE,TB,00-0037311,0.0,1,False,False,weekly_stats_name_position_team,,crosswalk_fields_disagree,Info,crosswalk_fields_disagree
2023,12,McLaJa00,Jaleel McLaughlin,RB,CLE,00-0038794,0.4,1,False,True,master_name_position,,crosswalk_fields_disagree,Warning,crosswalk_fields_disagree
2023,12,ReynCr00,Craig Reynolds,RB,WAS,00-0035567,0.0,0,True,False,master_name_position,,crosswalk_fields_disagree;no_actual_weekly_record;actual_score_created_from_missing_record,Info,crosswalk_fields_disagree
2023,12,MoorDa01,David Moore,WR,CAR,00-0033589,0.0,1,False,False,master_name_position,,crosswalk_fields_disagree,Info,crosswalk_fields_disagree
2023,12,MorrQu00,Quintin Morris,TE,JAX,00-0036590,0.0,0,True,False,master_name_position,,no_actual_weekly_record;actual_score_created_from_missing_record,Info,
2023,12,LuepHu01,Hunter Luepke,RB,DAL,00-0038738,0.0,0,True,False,weekly_roster_name_position_team,,no_actual_weekly_record;actual_score_created_from_missing_record,Info,
2023,12,TuckSe00,Sean Tucker,RB,TB,00-0038951,0.0,0,True,False,weekly_roster_name_position_team,,crosswalk_fields_disagree;no_actual_weekly_record;actual_score_created_from_missing_record,Info,crosswalk_fields_disagree
2023,12,OgunDa00,Dare Ogunbowale,RB,LV,00-0033854,0.0,0,True,False,master_name_position,,crosswalk_fields_disagree;no_actual_weekly_record;actual_score_created_from_missing_record,Info,crosswalk_fields_disagree
2023,12,BurtMi00,Michael Burton,RB,CLE,00-0031595,0.0,0,True,False,pfr_crosswalk_verified,,no_actual_weekly_record;actual_score_created_from_missing_record,Info,gsis_id_not_in_master
2023,12,SillDa00,David Sills V,WR,TB,00-0035359,0.0,0,True,False,master_name_position,,no_actual_weekly_record;actual_score_created_from_missing_record,Info,
2023,12,MontD.00,D.J. Montgomery,WR,IND,00-0035045,0.0,0,True,False,weekly_roster_name_position_team,,no_actual_weekly_record;actual_score_created_from_missing_record,Info,
2023,12,SermTr00,Trey Sermon,RB,ATL,00-0036984,0.0,0,True,False,master_name_position,,crosswalk_fields_disagree;no_actual_weekly_record;actual_score_created_from_missing_record,Info,crosswalk_fields_disagree
2023,12,OkwuAl00,Albert Okwuegbunam Jr.,TE,LV,00-0036423,0.0,0,True,False,master_name_position,,no_actual_weekly_record;actual_score_created_from_missing_record,Info,
2023,12,JuszKy00,Kyle Juszczyk,RB,SF,00-0029892,0.0,0,True,False,weekly_roster_name_position_team,,no_actual_weekly_record;actual_score_created_from_missing_record,Info,gsis_id_not_in_master
2023,12,CracRi00,River Cracraft,WR,WAS,00-0034054,0.0,0,True,False,master_name_position,,no_actual_weekly_record;actual_score_created_from_missing_record,Info,
2023,12,LongHu00,Hunter Long,TE,ARI,00-0037004,0.0,0,True,False,master_name_position,,crosswalk_fields_disagree;no_actual_weekly_record;actual_score_created_from_missing_record,Info,crosswalk_fields_disagree
2023,12,BlaiCh00,Chris Blair,WR,ATL,00-0036463,0.0,0,True,False,weekly_roster_name_position_team,,no_actual_weekly_record;actual_score_created_from_missing_record,Info,
2023,12,AbanIs00,Israel Abanikanda,RB,DAL,00-0038389,0.0,0,True,True,master_name_position,,no_actual_weekly_record;actual_score_created_from_missing_record,Warning,
2023,12,BoutKa00,Kayshon Boutte,WR,HOU,00-0038608,1.8,1,False,False,master_name_position,,crosswalk_fields_disagree,Info,crosswalk_fields_disagree
2023,12,JoneCh00,Charlie Jones,WR,NYG,,,0,False,False,unmatched,,no_unique_gsis_id;no_actual_weekly_record;actual_score_created_from_missing_record,Info,
2023,12,RussBr00,Brady Russell,RB,SEA,00-0038488,0.0,0,True,False,master_name_position,,no_actual_weekly_record;actual_score_created_from_missing_record,Info,
2023,12,MeltBo00,Bo Melton,WR,GB,00-0037091,0.0,0,True,False,weekly_roster_name_position_team,,crosswalk_fields_disagree;no_actual_weekly_record;actual_score_created_from_missing_record,Info,crosswalk_fields_disagree
2023,12,WickDo00,Dontayvion Wicks,WR,PHI,00-0038393,0.0,0,True,False,master_name_position,,no_actual_weekly_record;actual_score_created_from_missing_record,Info,
2023,12,RiveRo01,Ronnie Rivers,RB,LA,00-0037557,0.0,0,True,False,weekly_roster_name_position_team,,no_actual_weekly_record;actual_score_created_from_missing_record,Info,
2023,12,KnoxDa00,Dawson Knox,TE,BUF,00-0035689,0.0,0,True,False,weekly_roster_name_position_team,,no_actual_weekly_record;actual_score_created_from_missing_record,Info,
2023,12,KrulLu00,Lucas Krull,TE,DEN,00-0037539,0.0,0,True,False,weekly_roster_name_position_team,,no_actual_weekly_record;actual_score_created_from_missing_record,Info,
2023,12,WilsEm00,Emanuel Wilson,RB,SEA,00-0038797,0.0,0,True,False,master_name_position,,no_actual_weekly_record;actual_score_created_from_missing_record,Info,
2023,12,AchaDe00,De'Von Achane,RB,MIA,00-0039040,0.0,0,True,False,weekly_roster_name_position_team,,no_actual_weekly_record;actual_score_created_from_missing_record,Info,
2023,12,HiggTe00,Tee Higgins,WR,CIN,00-0036410,0.0,0,True,False,weekly_roster_name_position_team,,no_actual_weekly_record;actual_score_created_from_missing_record,Info,
2023,12,WilsMi01,Michael Wilson,WR,ARI,00-0038559,0.0,0,True,False,weekly_roster_name_position_team,,no_actual_weekly_record;actual_score_created_from_missing_record,Info,
2023,12,BurkTr00,Treylon Burks,WR,WAS,00-0037742,0.0,0,True,False,master_name_position,,no_actual_weekly_record;actual_score_created_from_missing_record,Info,
2023,12,ReagJa00,Jalen Reagor,WR,MIA,00-0036387,0.0,0,True,False,master_name_position,,no_actual_weekly_record;actual_score_created_from_missing_record,Info,
2023,12,FehoSi00,Simi Fehoko,WR,ARI,00-0036646,0.0,0,True,False,master_name_position,,no_actual_weekly_record;actual_score_created_from_missing_record,Info,
2023,13,MahoPa00,Patrick Mahomes II,QB,KC,00-0033873,13.0,1,False,True,weekly_stats_name_position_team,,crosswalk_fields_disagree,Warning,crosswalk_fields_disagree
2023,13,MayfBa00,Baker Mayfield,QB,TB,00-0034855,9.88,1,False,True,weekly_stats_name_position_team,,crosswalk_fields_disagree,Warning,crosswalk_fields_disagree
2023,13,JoneMa04,Mac Jones,QB,SF,00-0036972,0.0,0,True,True,master_name_position,,crosswalk_fields_disagree;no_actual_weekly_record;actual_score_created_from_missing_record,Warning,crosswalk_fields_disagree
2023,13,AlleKe00,Keenan Allen,WR,IND,00-0030279,10.8,1,False,True,master_name_position,,crosswalk_fields_disagree,Warning,crosswalk_fields_disagree
2023,13,McCaCh00,Christian McCaffrey,RB,SF,00-0033280,22.3,1,False,True,weekly_stats_name_position_team,,crosswalk_fields_disagree,Warning,crosswalk_fields_disagree
2023,13,BrowAJ00,A.J. Brown,WR,NE,00-0035676,19.4,1,False,True,master_name_position,,crosswalk_fields_disagree,Warning,crosswalk_fields_disagree
2023,13,KamaAl00,Alvin Kamara,RB,NO,00-0033906,28.9,1,False,True,weekly_stats_name_position_team,,crosswalk_fields_disagree,Warning,crosswalk_fields_disagree
2023,13,KelcTr00,Travis Kelce,TE,KC,00-0030506,12.1,1,False,True,weekly_stats_name_position_team,,crosswalk_fields_disagree,Warning,crosswalk_fields_disagree
2023,13,OlavCh00,Chris Olave,WR,NO,00-0037239,16.9,1,False,True,weekly_stats_name_position_team,,crosswalk_fields_disagree,Warning,crosswalk_fields_disagree
2023,13,DellNa00,Tank Dell,WR,HOU,00-0038977,0.0,0,True,True,weekly_roster_name_position_team,,no_actual_weekly_record;actual_score_created_from_missing_record,Warning,
2023,13,EtieTr00,Travis Etienne Jr.,RB,NO,00-0036973,17.9,1,False,True,master_name_position,,crosswalk_fields_disagree,Warning,crosswalk_fields_disagree
2023,13,GibbJa00,Jahmyr Gibbs,RB,DET,00-0039139,6.4,1,False,True,weekly_stats_name_position_team,,crosswalk_fields_disagree,Warning,crosswalk_fields_disagree
2023,13,RiceRa01,Rashee Rice,WR,KC,00-0039067,14.4,1,False,True,weekly_stats_name_position_team,,crosswalk_fields_disagree,Warning,crosswalk_fields_disagree
2023,13,SmitDe04,DeVonta Smith,WR,PHI,00-0036912,24.6,1,False,True,weekly_stats_name_position_team,,crosswalk_fields_disagree,Warning,crosswalk_fields_disagree
2023,13,SamuDe00,Deebo Samuel Sr.,WR,SF,00-0035719,35.8,1,False,True,weekly_stats_name_position_team,,crosswalk_fields_disagree,Warning,crosswalk_fields_disagree
2023,13,StevRh00,Rhamondre Stevenson,RB,NE,00-0036875,2.9,1,False,True,weekly_stats_name_position_team,,crosswalk_fields_disagree,Warning,crosswalk_fields_disagree
2023,13,KirkCh00,Christian Kirk,WR,SF,00-0034775,3.6,1,False,True,master_name_position,,crosswalk_fields_disagree,Warning,crosswalk_fields_disagree
2023,13,GodwCh00,Chris Godwin Jr.,WR,TB,00-0033921,7.9,1,False,True,weekly_stats_name_position_team,,crosswalk_fields_disagree,Warning,crosswalk_fields_disagree
2023,13,HarrNa00,Najee Harris,RB,NYG,00-0036893,9.7,1,False,True,master_name_position,,crosswalk_fields_disagree,Warning,crosswalk_fields_disagree
2023,13,BrowMa05,Hollywood Brown,WR,PHI,00-0035662,0.0,1,False,True,manual_override,FBG uses Hollywood Brown and a stale PHI team in the historical export,master_name_conflict,Warning,manual_override_applied;master_name_conflict
2023,13,WatsCh00,Christian Watson,WR,GB,00-0038124,27.6,1,False,True,weekly_stats_name_position_team,,crosswalk_fields_disagree,Warning,crosswalk_fields_disagree
2023,13,DoubRo00,Romeo Doubs,WR,NE,00-0037816,11.2,1,False,True,master_name_position,,crosswalk_fields_disagree,Warning,crosswalk_fields_disagree
2023,13,HenrHu00,Hunter Henry,TE,NE,00-0033090,3.5,1,False,True,weekly_stats_name_position_team,,crosswalk_fields_disagree,Warning,crosswalk_fields_disagree
2023,13,JohnQu01,Quentin Johnston,WR,LAC,00-0038544,10.2,1,False,False,weekly_stats_name_position_team,,crosswalk_fields_disagree,Info,crosswalk_fields_disagree
2023,13,OttoCa00,Cade Otton,TE,TB,00-0038129,0.0,1,False,True,weekly_stats_name_position_team,,crosswalk_fields_disagree,Warning,crosswalk_fields_disagree
2023,13,SmitJa02,Jaxon Smith-Njigba,WR,SEA,00-0038543,13.2,1,False,True,weekly_stats_name_position_team,,crosswalk_fields_disagree,Warning,crosswalk_fields_disagree
2023,13,AtweTu00,Tutu Atwell,WR,LA,00-0036849,1.9,1,False,True,weekly_stats_name_position_team,,crosswalk_fields_disagree,Warning,crosswalk_fields_disagree
2023,13,PalmTr00,Trey Palmer,WR,NO,00-0039052,4.5,1,False,False,master_name_position,,crosswalk_fields_disagree,Info,crosswalk_fields_disagree
2023,13,OkonCh00,Chig Okonkwo,TE,WAS,00-0037809,9.4,1,False,True,master_name_position,,crosswalk_fields_disagree,Warning,crosswalk_fields_disagree
2023,13,GesiMi00,Mike Gesicki,TE,CIN,00-0034829,0.0,0,True,True,master_name_position,,no_actual_weekly_record;actual_score_created_from_missing_record,Warning,
2023,13,MoorCh00,Chris Moore,WR,BAL,00-0032398,2.2,1,False,False,master_name_position,,crosswalk_fields_disagree,Info,crosswalk_fields_disagree
2023,13,WillJa09,Jameson Williams,WR,DET,00-0037240,10.0,1,False,False,weekly_stats_name_position_team,,crosswalk_fields_disagree,Info,crosswalk_fields_disagree
2023,13,MoorSk00,Skyy Moore,WR,GB,00-0038090,1.5,1,False,False,master_name_position,,crosswalk_fields_disagree,Info,crosswalk_fields_disagree
2023,13,KrafTu00,Tucker Kraft,TE,GB,00-0038996,6.7,1,False,True,weekly_stats_name_position_team,,crosswalk_fields_disagree,Warning,crosswalk_fields_disagree
2023,13,FantNo00,Noah Fant,TE,NO,00-0035644,7.3,1,False,True,master_name_position,,crosswalk_fields_disagree,Warning,crosswalk_fields_disagree
2023,13,GainKe00,Kenny Gainwell,RB,TB,00-0036919,9.7,1,False,True,master_name_position,,crosswalk_fields_disagree,Warning,crosswalk_fields_disagree
2023,13,GrayNo00,Noah Gray,TE,KC,00-0036637,7.2,1,False,True,weekly_stats_name_position_team,,crosswalk_fields_disagree,Warning,crosswalk_fields_disagree
2023,13,McLaJa00,Jaleel McLaughlin,RB,CLE,00-0038794,4.1,1,False,True,master_name_position,,crosswalk_fields_disagree,Warning,crosswalk_fields_disagree
2023,13,BigsTa00,Tank Bigsby,RB,PHI,00-0038555,0.0,0,True,True,master_name_position,,no_actual_weekly_record;actual_score_created_from_missing_record,Warning,
2023,13,SmytDu00,Durham Smythe,TE,BAL,00-0034798,0.0,0,True,True,master_name_position,,no_actual_weekly_record;actual_score_created_from_missing_record,Warning,
2023,13,AbanIs00,Israel Abanikanda,RB,DAL,00-0038389,0.0,0,True,True,master_name_position,,no_actual_weekly_record;actual_score_created_from_missing_record,Warning,
2023,13,DallDe00,DeeJay Dallas,RB,MIN,00-0036425,0.6,1,False,True,master_name_position,,crosswalk_fields_disagree;master_team_context_differs,Warning,crosswalk_fields_disagree;master_team_context_differs
2023,13,HodgKh00,KhaDarel Hodge,WR,SF,00-0034854,0.0,1,False,False,master_name_position,,crosswalk_fields_disagree,Info,crosswalk_fields_disagree
2023,13,AlieMo00,Mo Alie-Cox,TE,IND,00-0033217,0.0,0,True,False,weekly_roster_name_position_team,,no_actual_weekly_record;actual_score_created_from_missing_record,Info,
2023,13,ParkCo00,Colby Parkinson,TE,LA,00-0036244,0.0,0,True,False,master_name_position,,crosswalk_fields_disagree;no_actual_weekly_record;actual_score_created_from_missing_record,Info,crosswalk_fields_disagree
2023,13,DemeEm00,Emari Demercado,RB,DAL,00-0038705,0.0,0,True,True,master_name_position,,crosswalk_fields_disagree;no_actual_weekly_record;actual_score_created_from_missing_record,Warning,crosswalk_fields_disagree
2023,13,ThomDe04,Deven Thompkins,WR,LV,00-0037487,2.1,1,False,False,master_name_position,,crosswalk_fields_disagree,Info,crosswalk_fields_disagree
2023,13,MillSc01,Scotty Miller,WR,CHI,00-0035298,0.0,0,True,False,pfr_crosswalk_verified,,master_name_conflict;no_actual_weekly_record;actual_score_created_from_missing_record,Info,master_name_conflict
2023,13,JuszKy00,Kyle Juszczyk,RB,SF,00-0029892,0.0,0,True,False,weekly_roster_name_position_team,,no_actual_weekly_record;actual_score_created_from_missing_record,Info,gsis_id_not_in_master
2023,13,WrigBr00,Brock Wright,TE,DET,00-0036754,1.8,1,False,False,weekly_stats_name_position_team,,crosswalk_fields_disagree,Info,crosswalk_fields_disagree
2023,13,BeckAn00,Andrew Beck,RB,NYJ,00-0034959,0.0,0,True,True,manual_override,FBG position and team differ from the weekly roster record,no_actual_weekly_record;actual_score_created_from_missing_record,Warning,manual_override_applied;gsis_id_not_in_master
2023,13,WashDa02,Darnell Washington,TE,PIT,00-0038558,0.0,0,True,False,weekly_roster_name_position_team,,no_actual_weekly_record;actual_score_created_from_missing_record,Info,
2023,13,StroPi00,Pierre Strong Jr,RB,GB,00-0038098,2.0,1,False,False,master_name_position,,crosswalk_fields_disagree,Info,crosswalk_fields_disagree
2023,13,BrowPh00,Pharaoh Brown,TE,IND,00-0033439,0.0,0,True,False,master_name_position,,crosswalk_fields_disagree;no_actual_weekly_record;actual_score_created_from_missing_record,Info,crosswalk_fields_disagree
2023,13,HeywCo00,Connor Heyward,TE,LV,00-0037304,0.0,0,True,False,manual_override,Top-player gate override because the historical FBG row uses a stale LV team while the weekly roster identifies Connor Heyward as TE 00-0037304 for PIT,no_actual_weekly_record;actual_score_created_from_missing_record,Info,manual_override_applied;gsis_id_not_in_master
2023,13,HillJu01,Julian Hill,TE,NE,00-0038720,4.3,1,False,False,master_name_position,,crosswalk_fields_disagree,Info,crosswalk_fields_disagree
2023,13,IngoAl00,Alec Ingold,RB,LAC,00-0035125,0.0,0,True,False,manual_override,Top-player gate override because the historical FBG row uses a stale LAC team while the weekly roster identifies Alec Ingold as RB 00-0035125 for MIA,no_actual_weekly_record;actual_score_created_from_missing_record,Info,manual_override_applied;gsis_id_not_in_master
2023,13,DaviDe01,Derius Davis,WR,LAC,00-0038573,0.0,1,False,False,weekly_stats_name_position_team,,crosswalk_fields_disagree,Info,crosswalk_fields_disagree
2023,13,DurhPa00,Payne Durham,TE,TB,00-0039050,0.0,0,True,False,weekly_roster_name_position_team,,crosswalk_fields_disagree;no_actual_weekly_record;actual_score_created_from_missing_record,Info,crosswalk_fields_disagree
2023,13,BurtMi00,Michael Burton,RB,CLE,00-0031595,0.0,0,True,False,pfr_crosswalk_verified,,no_actual_weekly_record;actual_score_created_from_missing_record,Info,gsis_id_not_in_master
2023,13,ZaccOl00,Olamide Zaccheaus,WR,ATL,00-0035208,0.0,0,True,False,master_name_position,,no_actual_weekly_record;actual_score_created_from_missing_record,Info,
2023,13,ThorTy00,Tyquan Thornton,WR,KC,00-0038104,3.9,1,False,False,master_name_position,,crosswalk_fields_disagree,Info,crosswalk_fields_disagree
2023,13,SmarSt00,Stone Smartt,TE,NO,00-0037475,0.0,1,False,False,master_name_position,,crosswalk_fields_disagree,Info,crosswalk_fields_disagree
2023,13,TuckSe00,Sean Tucker,RB,TB,00-0038951,0.0,0,True,False,weekly_roster_name_position_team,,crosswalk_fields_disagree;no_actual_weekly_record;actual_score_created_from_missing_record,Info,crosswalk_fields_disagree
2023,13,AlleDa01,Davis Allen,TE,LA,00-0039074,0.0,0,True,False,weekly_roster_name_position_team,,crosswalk_fields_disagree;no_actual_weekly_record;actual_score_created_from_missing_record,Info,crosswalk_fields_disagree
2023,13,OgunDa00,Dare Ogunbowale,RB,LV,00-0033854,2.5,1,False,False,master_name_position,,crosswalk_fields_disagree,Info,crosswalk_fields_disagree
2023,13,ReynCr00,Craig Reynolds,RB,WAS,00-0035567,0.0,1,False,False,master_name_position,,crosswalk_fields_disagree,Info,crosswalk_fields_disagree
2023,13,CharIr00,Irv Charles,WR,SEA,,,0,False,False,unmatched,,no_unique_gsis_id;crosswalk_fields_disagree;no_actual_weekly_record;actual_score_created_from_missing_record,Info,crosswalk_fields_disagree
2023,13,SermTr00,Trey Sermon,RB,ATL,00-0036984,0.0,1,False,True,master_name_position,,crosswalk_fields_disagree,Warning,crosswalk_fields_disagree
2023,13,JoneCh00,Charlie Jones,WR,NYG,,,0,False,False,unmatched,,no_unique_gsis_id;no_actual_weekly_record;actual_score_created_from_missing_record,Info,
2023,13,KiefKo00,Ko Kieft,TE,TB,00-0037311,0.0,1,False,False,weekly_stats_name_position_team,,crosswalk_fields_disagree,Info,crosswalk_fields_disagree
2023,13,LongHu00,Hunter Long,TE,ARI,00-0037004,0.0,1,False,False,master_name_position,,crosswalk_fields_disagree,Info,crosswalk_fields_disagree
2023,13,HollMa00,Mack Hollins,WR,NE,00-0033555,0.0,0,True,False,master_name_position,,crosswalk_fields_disagree;no_actual_weekly_record;actual_score_created_from_missing_record,Info,crosswalk_fields_disagree
2023,13,OgleAn00,Drew Ogletree,TE,IND,00-0037292,0.0,1,False,False,pfr_crosswalk_verified,,master_name_conflict,Info,master_name_conflict
2023,13,MoorDa01,David Moore,WR,CAR,00-0033589,0.0,0,True,False,master_name_position,,crosswalk_fields_disagree;no_actual_weekly_record;actual_score_created_from_missing_record,Info,crosswalk_fields_disagree
2023,13,JohnBr03,Brandon Johnson,WR,PIT,,,0,False,False,unmatched,,no_unique_gsis_id;no_actual_weekly_record;actual_score_created_from_missing_record,Info,
2023,13,PrenAd00,Adam Prentice,RB,DEN,00-0036727,0.0,0,True,False,pfr_crosswalk_verified,,no_actual_weekly_record;actual_score_created_from_missing_record,Info,gsis_id_not_in_master
2023,13,CalcGr00,Grant Calcaterra,TE,PHI,00-0037086,0.0,0,True,False,weekly_roster_name_position_team,,no_actual_weekly_record;actual_score_created_from_missing_record,Info,
2023,13,MontD.00,D.J. Montgomery,WR,IND,00-0035045,0.0,0,True,False,weekly_roster_name_position_team,,no_actual_weekly_record;actual_score_created_from_missing_record,Info,
2023,13,BurkTr00,Treylon Burks,WR,WAS,00-0037742,0.0,0,True,True,master_name_position,,no_actual_weekly_record;actual_score_created_from_missing_record,Warning,
2023,13,MillRy00,Ryan Miller,WR,MIA,00-0038824,0.0,0,True,False,master_name_position,,no_actual_weekly_record;actual_score_created_from_missing_record,Info,
2023,13,FantPr00,Princeton Fant,TE,DAL,00-0038735,0.0,0,True,False,weekly_roster_name_position_team,,no_actual_weekly_record;actual_score_created_from_missing_record,Info,
2023,13,StraBr00,Brenton Strange,TE,JAX,00-0038935,0.0,0,True,False,weekly_roster_name_position_team,,no_actual_weekly_record;actual_score_created_from_missing_record,Info,
2023,13,McClRa00,Ray-Ray McCloud III,WR,CHI,00-0034407,0.0,0,True,False,master_name_position,,crosswalk_fields_disagree;no_actual_weekly_record;actual_score_created_from_missing_record,Info,crosswalk_fields_disagree
2023,13,JoneAa00,Aaron Jones Sr.,RB,MIN,00-0033293,0.0,0,True,True,master_name_position,,no_actual_weekly_record;actual_score_created_from_missing_record,Warning,
2023,14,McCaCh00,Christian McCaffrey,RB,SF,00-0033280,16.3,1,False,True,weekly_stats_name_position_team,,crosswalk_fields_disagree,Warning,crosswalk_fields_disagree
2023,14,KamaAl00,Alvin Kamara,RB,NO,00-0033906,13.5,1,False,True,weekly_stats_name_position_team,,crosswalk_fields_disagree,Warning,crosswalk_fields_disagree
2023,14,MahoPa00,Patrick Mahomes II,QB,KC,00-0033873,13.64,1,False,True,weekly_stats_name_position_team,,crosswalk_fields_disagree,Warning,crosswalk_fields_disagree
2023,14,FielJu00,Justin Fields,QB,KC,00-0036945,24.72,1,False,True,master_name_position,,crosswalk_fields_disagree,Warning,crosswalk_fields_disagree
2023,14,AlleJo01,Josh Allen,QB,BUF,00-0034857,20.52,1,False,True,weekly_stats_name_position_team,,crosswalk_fields_disagree,Warning,crosswalk_fields_disagree
2023,14,AlleKe00,Keenan Allen,WR,IND,00-0030279,12.8,1,False,True,master_name_position,,crosswalk_fields_disagree,Warning,crosswalk_fields_disagree
2023,14,KelcTr00,Travis Kelce,TE,KC,00-0030506,14.3,1,False,True,weekly_stats_name_position_team,,crosswalk_fields_disagree,Warning,crosswalk_fields_disagree
2023,14,DobbJo00,Joshua Dobbs,QB,DET,00-0033949,4.62,1,False,True,master_name_position,,crosswalk_fields_disagree,Warning,crosswalk_fields_disagree
2023,14,BrowAJ00,A.J. Brown,WR,NE,00-0035676,16.4,1,False,True,master_name_position,,crosswalk_fields_disagree,Warning,crosswalk_fields_disagree
2023,14,MayfBa00,Baker Mayfield,QB,TB,00-0034855,20.06,1,False,True,weekly_stats_name_position_team,,crosswalk_fields_disagree,Warning,crosswalk_fields_disagree
2023,14,DiggSt00,Stefon Diggs,WR,WAS,00-0031588,6.4,1,False,True,master_name_position,,crosswalk_fields_disagree,Warning,crosswalk_fields_disagree
2023,14,OlavCh00,Chris Olave,WR,NO,00-0037239,12.8,1,False,True,weekly_stats_name_position_team,,crosswalk_fields_disagree,Warning,crosswalk_fields_disagree
2023,14,SamuDe00,Deebo Samuel Sr.,WR,SF,00-0035719,34.0,1,False,True,weekly_stats_name_position_team,,crosswalk_fields_disagree,Warning,crosswalk_fields_disagree
2023,14,GibbJa00,Jahmyr Gibbs,RB,DET,00-0039139,17.2,1,False,True,weekly_stats_name_position_team,,crosswalk_fields_disagree,Warning,crosswalk_fields_disagree
2023,14,WilsZa00,Zach Wilson,QB,NO,00-0037013,19.24,1,False,True,master_name_position,,crosswalk_fields_disagree,Warning,crosswalk_fields_disagree
2023,14,RiceRa01,Rashee Rice,WR,KC,00-0039067,18.2,1,False,True,weekly_stats_name_position_team,,crosswalk_fields_disagree,Warning,crosswalk_fields_disagree
2023,14,EtieTr00,Travis Etienne Jr.,RB,NO,00-0036973,17.2,1,False,True,master_name_position,,crosswalk_fields_disagree,Warning,crosswalk_fields_disagree
2023,14,SmitDe04,DeVonta Smith,WR,PHI,00-0036912,10.3,1,False,True,weekly_stats_name_position_team,,crosswalk_fields_disagree,Warning,crosswalk_fields_disagree
2023,14,DoubRo00,Romeo Doubs,WR,NE,00-0037816,7.2,1,False,True,master_name_position,,crosswalk_fields_disagree,Warning,crosswalk_fields_disagree
2023,14,GodwCh00,Chris Godwin Jr.,WR,TB,00-0033921,10.3,1,False,True,weekly_stats_name_position_team,,crosswalk_fields_disagree,Warning,crosswalk_fields_disagree
2023,14,SmitJa02,Jaxon Smith-Njigba,WR,SEA,00-0038543,6.5,1,False,True,weekly_stats_name_position_team,,crosswalk_fields_disagree,Warning,crosswalk_fields_disagree
2023,14,HarrNa00,Najee Harris,RB,NYG,00-0036893,7.8,1,False,True,master_name_position,,crosswalk_fields_disagree,Warning,crosswalk_fields_disagree
2023,14,WalkKe01,Ken Walker III,RB,KC,00-0038134,9.4,1,False,True,manual_override,FBG uses Ken Walker and a stale KC team in the historical export,master_name_conflict,Warning,manual_override_applied;master_name_conflict
2023,14,OttoCa00,Cade Otton,TE,TB,00-0038129,9.6,1,False,True,weekly_stats_name_position_team,,crosswalk_fields_disagree,Warning,crosswalk_fields_disagree
2023,14,HenrHu00,Hunter Henry,TE,NE,00-0033090,19.0,1,False,True,weekly_stats_name_position_team,,crosswalk_fields_disagree,Warning,crosswalk_fields_disagree
2023,14,JohnQu01,Quentin Johnston,WR,LAC,00-0038544,12.1,1,False,False,weekly_stats_name_position_team,,crosswalk_fields_disagree,Info,crosswalk_fields_disagree
2023,14,OkonCh00,Chig Okonkwo,TE,WAS,00-0037809,9.6,1,False,True,master_name_position,,crosswalk_fields_disagree,Warning,crosswalk_fields_disagree
2023,14,ThorTy00,Tyquan Thornton,WR,KC,00-0038104,4.7,1,False,False,master_name_position,,crosswalk_fields_disagree,Info,crosswalk_fields_disagree
2023,14,KrafTu00,Tucker Kraft,TE,GB,00-0038996,10.4,1,False,True,weekly_stats_name_position_team,,crosswalk_fields_disagree,Warning,crosswalk_fields_disagree
2023,14,WillJa09,Jameson Williams,WR,DET,00-0037240,0.4,1,False,False,weekly_stats_name_position_team,,crosswalk_fields_disagree,Info,crosswalk_fields_disagree
2023,14,PalmTr00,Trey Palmer,WR,NO,00-0039052,1.8,1,False,False,master_name_position,,crosswalk_fields_disagree,Info,crosswalk_fields_disagree
2023,14,SlayDa00,Darius Slayton,WR,NYG,00-0035535,3.4,1,False,False,weekly_stats_name_position_team,,crosswalk_fields_disagree,Info,crosswalk_fields_disagree
2023,14,MoorCh00,Chris Moore,WR,BAL,00-0032398,3.2,1,False,False,master_name_position,,crosswalk_fields_disagree,Info,crosswalk_fields_disagree
2023,14,FantNo00,Noah Fant,TE,NO,00-0035644,5.5,1,False,True,master_name_position,,crosswalk_fields_disagree,Warning,crosswalk_fields_disagree
2023,14,GainKe00,Kenny Gainwell,RB,TB,00-0036919,2.8,1,False,True,master_name_position,,crosswalk_fields_disagree,Warning,crosswalk_fields_disagree
2023,14,MoorSk00,Skyy Moore,WR,GB,00-0038090,0.0,1,False,False,master_name_position,,crosswalk_fields_disagree,Info,crosswalk_fields_disagree
2023,14,AlleDa01,Davis Allen,TE,LA,00-0039074,15.0,1,False,False,weekly_stats_name_position_team,,crosswalk_fields_disagree,Info,crosswalk_fields_disagree
2023,14,AtweTu00,Tutu Atwell,WR,LA,00-0036849,0.0,1,False,False,weekly_stats_name_position_team,,crosswalk_fields_disagree,Info,crosswalk_fields_disagree
2023,14,McLaJa00,Jaleel McLaughlin,RB,CLE,00-0038794,4.2,1,False,True,master_name_position,,crosswalk_fields_disagree,Warning,crosswalk_fields_disagree
2023,14,TonyRo00,Robert Tonyan Jr,TE,PIT,00-0033757,0.0,0,True,False,master_name_position,,no_actual_weekly_record;actual_score_created_from_missing_record,Info,
2023,14,HodgKh00,KhaDarel Hodge,WR,SF,00-0034854,2.8,1,False,False,master_name_position,,crosswalk_fields_disagree,Info,crosswalk_fields_disagree
2023,14,ThomIa00,Ian Thomas,TE,LV,00-0034365,0.0,0,True,False,master_name_position,,no_actual_weekly_record;actual_score_created_from_missing_record,Info,
2023,14,JohnTy00,Ty Johnson,RB,BUF,00-0035537,4.1,1,False,True,weekly_stats_name_position_team,,crosswalk_fields_disagree,Warning,crosswalk_fields_disagree
2023,14,GesiMi00,Mike Gesicki,TE,CIN,00-0034829,0.0,0,True,True,master_name_position,,no_actual_weekly_record;actual_score_created_from_missing_record,Warning,
2023,14,GrayNo00,Noah Gray,TE,KC,00-0036637,0.0,0,True,True,weekly_roster_name_position_team,,crosswalk_fields_disagree;no_actual_weekly_record;actual_score_created_from_missing_record,Warning,crosswalk_fields_disagree
2023,14,CracRi00,River Cracraft,WR,WAS,00-0034054,0.0,0,True,False,master_name_position,,no_actual_weekly_record;actual_score_created_from_missing_record,Info,
2023,14,OgleAn00,Drew Ogletree,TE,IND,00-0037292,0.0,1,False,False,pfr_crosswalk_verified,,master_name_conflict,Info,master_name_conflict
2023,14,SermTr00,Trey Sermon,RB,ATL,00-0036984,1.3,1,False,True,master_name_position,,crosswalk_fields_disagree,Warning,crosswalk_fields_disagree
2023,14,BoboJa00,Jake Bobo,WR,SEA,00-0038752,0.0,0,True,False,weekly_roster_name_position_team,,no_actual_weekly_record;actual_score_created_from_missing_record,Info,
2023,14,ThomDe04,Deven Thompkins,WR,LV,00-0037487,0.0,1,False,False,master_name_position,,crosswalk_fields_disagree,Info,crosswalk_fields_disagree
2023,14,MillSc01,Scotty Miller,WR,CHI,00-0035298,0.0,1,False,False,pfr_crosswalk_verified,,master_name_conflict,Info,master_name_conflict
2023,14,HeywCo00,Connor Heyward,TE,LV,00-0037304,0.0,0,True,False,manual_override,Top-player gate override because the historical FBG row uses a stale LV team while the weekly roster identifies Connor Heyward as TE 00-0037304 for PIT,no_actual_weekly_record;actual_score_created_from_missing_record,Info,manual_override_applied;gsis_id_not_in_master
2023,14,BeckAn00,Andrew Beck,RB,NYJ,00-0034959,0.0,0,True,False,manual_override,FBG position and team differ from the weekly roster record,no_actual_weekly_record;actual_score_created_from_missing_record,Info,manual_override_applied;gsis_id_not_in_master
2023,14,StroPi00,Pierre Strong Jr,RB,GB,00-0038098,0.0,1,False,False,master_name_position,,crosswalk_fields_disagree,Info,crosswalk_fields_disagree
2023,14,BrowPh00,Pharaoh Brown,TE,IND,00-0033439,1.4,1,False,False,master_name_position,,crosswalk_fields_disagree,Info,crosswalk_fields_disagree
2023,14,ParkCo00,Colby Parkinson,TE,LA,00-0036244,10.8,1,False,False,master_name_position,,crosswalk_fields_disagree,Info,crosswalk_fields_disagree
2023,14,JuszKy00,Kyle Juszczyk,RB,SF,00-0029892,0.0,0,True,True,weekly_roster_name_position_team,,no_actual_weekly_record;actual_score_created_from_missing_record,Warning,gsis_id_not_in_master
2023,14,WrigBr00,Brock Wright,TE,DET,00-0036754,2.6,1,False,False,weekly_stats_name_position_team,,crosswalk_fields_disagree,Info,crosswalk_fields_disagree
2023,14,DurhPa00,Payne Durham,TE,TB,00-0039050,0.0,0,True,False,weekly_roster_name_position_team,,crosswalk_fields_disagree;no_actual_weekly_record;actual_score_created_from_missing_record,Info,crosswalk_fields_disagree
2023,14,CharIr00,Irv Charles,WR,SEA,,,0,False,False,unmatched,,no_unique_gsis_id;crosswalk_fields_disagree;no_actual_weekly_record;actual_score_created_from_missing_record,Info,crosswalk_fields_disagree
2023,14,FarrLu00,Luke Farrell,TE,SF,00-0036887,0.0,0,True,False,master_name_position,,no_actual_weekly_record;actual_score_created_from_missing_record,Info,
2023,14,SimsBe00,Ben Sims,TE,MIA,00-0038809,0.0,0,True,False,master_name_position,,no_actual_weekly_record;actual_score_created_from_missing_record,Info,
2023,14,HillJu01,Julian Hill,TE,NE,00-0038720,0.0,0,True,False,master_name_position,,crosswalk_fields_disagree;no_actual_weekly_record;actual_score_created_from_missing_record,Info,crosswalk_fields_disagree
2023,14,OgunDa00,Dare Ogunbowale,RB,LV,00-0033854,2.1,1,False,False,master_name_position,,crosswalk_fields_disagree,Info,crosswalk_fields_disagree
2023,14,BigsTa00,Tank Bigsby,RB,PHI,00-0038555,0.0,0,True,False,master_name_position,,no_actual_weekly_record;actual_score_created_from_missing_record,Info,
2023,14,DaviDe01,Derius Davis,WR,LAC,00-0038573,0.0,1,False,False,weekly_stats_name_position_team,,crosswalk_fields_disagree,Info,crosswalk_fields_disagree
2023,14,HollMa00,Mack Hollins,WR,NE,00-0033555,1.4,1,False,False,master_name_position,,crosswalk_fields_disagree,Info,crosswalk_fields_disagree
2023,14,DallDe00,DeeJay Dallas,RB,MIN,00-0036425,0.0,1,False,False,master_name_position,,crosswalk_fields_disagree;master_team_context_differs,Info,crosswalk_fields_disagree;master_team_context_differs
2023,14,IosiAn00,Andrei Iosivas,WR,CIN,00-0038619,0.0,0,True,False,weekly_roster_name_position_team,,no_actual_weekly_record;actual_score_created_from_missing_record,Info,
2023,14,IngoAl00,Alec Ingold,RB,LAC,00-0035125,0.0,0,True,False,manual_override,Top-player gate override because the historical FBG row uses a stale LAC team while the weekly roster identifies Alec Ingold as RB 00-0035125 for MIA,no_actual_weekly_record;actual_score_created_from_missing_record,Info,manual_override_applied;gsis_id_not_in_master
2023,14,TuckSe00,Sean Tucker,RB,TB,00-0038951,0.0,0,True,False,weekly_roster_name_position_team,,crosswalk_fields_disagree;no_actual_weekly_record;actual_score_created_from_missing_record,Info,crosswalk_fields_disagree
2023,14,ReynCr00,Craig Reynolds,RB,WAS,00-0035567,0.0,1,False,False,master_name_position,,crosswalk_fields_disagree,Info,crosswalk_fields_disagree
2023,14,SaubEr00,Eric Saubert,TE,SEA,00-0033576,0.0,0,True,False,master_name_position,,no_actual_weekly_record;actual_score_created_from_missing_record,Info,
2023,14,JoneTi00,Tim Jones,WR,JAX,00-0036497,0.0,0,True,False,weekly_roster_name_position_team,,no_actual_weekly_record;actual_score_created_from_missing_record,Info,
2023,14,RicaPa00,Patrick Ricard,RB,NYG,00-0033376,0.0,0,True,False,master_name_position,,no_actual_weekly_record;actual_score_created_from_missing_record,Info,
2023,14,LongHu00,Hunter Long,TE,ARI,00-0037004,0.0,0,True,False,master_name_position,,crosswalk_fields_disagree;no_actual_weekly_record;actual_score_created_from_missing_record,Info,crosswalk_fields_disagree
2023,14,ManhCh00,Chris Manhertz,TE,NYG,00-0031484,0.0,0,True,False,master_name_position,,no_actual_weekly_record;actual_score_created_from_missing_record,Info,
2023,14,BurtMi00,Michael Burton,RB,CLE,00-0031595,0.0,0,True,False,pfr_crosswalk_verified,,no_actual_weekly_record;actual_score_created_from_missing_record,Info,gsis_id_not_in_master
2023,14,McNiJe00,Jeremy McNichols,RB,WAS,00-0033955,0.0,0,True,False,master_name_position,,no_actual_weekly_record;actual_score_created_from_missing_record,Info,
2023,14,LuepHu01,Hunter Luepke,RB,DAL,00-0038738,0.0,0,True,False,weekly_roster_name_position_team,,no_actual_weekly_record;actual_score_created_from_missing_record,Info,
2023,14,PrenAd00,Adam Prentice,RB,DEN,00-0036727,0.0,0,True,False,pfr_crosswalk_verified,,no_actual_weekly_record;actual_score_created_from_missing_record,Info,gsis_id_not_in_master
2023,14,JoneCh00,Charlie Jones,WR,NYG,,,0,False,False,unmatched,,no_unique_gsis_id;no_actual_weekly_record;actual_score_created_from_missing_record,Info,
2023,14,FantPr00,Princeton Fant,TE,DAL,00-0038735,0.0,0,True,False,weekly_roster_name_position_team,,no_actual_weekly_record;actual_score_created_from_missing_record,Info,
2023,14,MontD.00,D.J. Montgomery,WR,IND,00-0035045,0.0,0,True,False,weekly_roster_name_position_team,,no_actual_weekly_record;actual_score_created_from_missing_record,Info,
2023,14,MorrQu00,Quintin Morris,TE,JAX,00-0036590,0.0,0,True,False,master_name_position,,no_actual_weekly_record;actual_score_created_from_missing_record,Info,
2023,14,KiefKo00,Ko Kieft,TE,TB,00-0037311,0.0,1,False,False,weekly_stats_name_position_team,,crosswalk_fields_disagree,Info,crosswalk_fields_disagree
2023,14,GillRe00,Reggie Gilliam,RB,NE,00-0036187,0.0,0,True,False,master_name_position,,crosswalk_fields_disagree;no_actual_weekly_record;actual_score_created_from_missing_record,Info,crosswalk_fields_disagree
2023,14,CalcGr00,Grant Calcaterra,TE,PHI,00-0037086,0.0,0,True,False,weekly_roster_name_position_team,,no_actual_weekly_record;actual_score_created_from_missing_record,Info,
2023,14,JohnBr03,Brandon Johnson,WR,PIT,,,0,False,False,unmatched,,no_unique_gsis_id;no_actual_weekly_record;actual_score_created_from_missing_record,Info,
2023,14,WardJo00,Jonathan Ward,RB,BAL,00-0035924,0.0,0,True,False,master_name_position,,no_actual_weekly_record;actual_score_created_from_missing_record,Info,
2023,14,JoneVe00,Velus Jones Jr,RB,SEA,00-0037745,2.1,1,False,False,manual_override,Top-player gate override because the historical FBG row labels Velus Jones Jr as RB with stale teams while the weekly records identify GSIS 00-0037745 and the master position is WR,crosswalk_fields_disagree;master_position_conflict,Info,crosswalk_fields_disagree;manual_override_applied;master_position_conflict
2023,14,YounDa02,Dareke Young,WR,LV,00-0037093,0.0,0,True,False,master_name_position,,no_actual_weekly_record;actual_score_created_from_missing_record,Info,
2023,14,WillBr04,Brayden Willis,TE,SF,00-0038643,0.0,0,True,False,weekly_roster_name_position_team,,crosswalk_fields_disagree;no_actual_weekly_record;actual_score_created_from_missing_record,Info,crosswalk_fields_disagree
2023,14,MoorDa01,David Moore,WR,CAR,00-0033589,2.1,1,False,False,master_name_position,,crosswalk_fields_disagree,Info,crosswalk_fields_disagree
2023,14,VannNi00,Nick Vannett,TE,BAL,00-0032394,0.0,0,True,False,master_name_position,,crosswalk_fields_disagree;master_team_context_differs;no_actual_weekly_record;actual_score_created_from_missing_record,Info,crosswalk_fields_disagree;master_team_context_differs
2023,14,AdkiNa00,Nate Adkins,TE,DEN,00-0038783,0.0,0,True,False,weekly_roster_name_position_team,,no_actual_weekly_record;actual_score_created_from_missing_record,Info,
2023,14,BrooJa02,Jalen Brooks,WR,ARI,00-0038640,0.0,0,True,False,master_name_position,,no_actual_weekly_record;actual_score_created_from_missing_record,Info,
2023,15,AlleJo01,Josh Allen,QB,BUF,00-0034857,16.16,1,False,True,weekly_stats_name_position_team,,crosswalk_fields_disagree,Warning,crosswalk_fields_disagree
2023,15,MahoPa00,Patrick Mahomes II,QB,KC,00-0033873,15.7,1,False,True,weekly_stats_name_position_team,,crosswalk_fields_disagree,Warning,crosswalk_fields_disagree
2023,15,FielJu00,Justin Fields,QB,KC,00-0036945,9.64,1,False,True,master_name_position,,crosswalk_fields_disagree,Warning,crosswalk_fields_disagree
2023,15,MayfBa00,Baker Mayfield,QB,TB,00-0034855,29.04,1,False,True,weekly_stats_name_position_team,,crosswalk_fields_disagree,Warning,crosswalk_fields_disagree
2023,15,SticEa00,Easton Stick,QB,TB,00-0035282,17.38,1,False,True,master_name_position,,crosswalk_fields_disagree,Warning,crosswalk_fields_disagree
2023,15,WilsZa00,Zach Wilson,QB,NO,00-0037013,-0.96,1,False,True,master_name_position,,crosswalk_fields_disagree,Warning,crosswalk_fields_disagree
2023,15,SmitGe01,Geno Smith,QB,NYJ,00-0030565,0.0,0,True,True,master_name_position,,no_actual_weekly_record;actual_score_created_from_missing_record,Warning,
2023,15,McCaCh00,Christian McCaffrey,RB,SF,00-0033280,41.7,1,False,True,weekly_stats_name_position_team,,crosswalk_fields_disagree,Warning,crosswalk_fields_disagree
2023,15,GibbJa00,Jahmyr Gibbs,RB,DET,00-0039139,24.8,1,False,True,weekly_stats_name_position_team,,crosswalk_fields_disagree,Warning,crosswalk_fields_disagree
2023,15,EtieTr00,Travis Etienne Jr.,RB,NO,00-0036973,9.9,1,False,True,master_name_position,,crosswalk_fields_disagree,Warning,crosswalk_fields_disagree
2023,15,KamaAl00,Alvin Kamara,RB,NO,00-0033906,16.0,1,False,True,weekly_stats_name_position_team,,crosswalk_fields_disagree,Warning,crosswalk_fields_disagree
2023,15,WalkKe01,Ken Walker III,RB,KC,00-0038134,20.2,1,False,True,manual_override,FBG uses Ken Walker and a stale KC team in the historical export,master_name_conflict,Warning,manual_override_applied;master_name_conflict
2023,15,HarrNa00,Najee Harris,RB,NYG,00-0036893,1.3,1,False,True,master_name_position,,crosswalk_fields_disagree,Warning,crosswalk_fields_disagree
2023,15,McLaJa00,Jaleel McLaughlin,RB,CLE,00-0038794,3.8,1,False,True,master_name_position,,crosswalk_fields_disagree,Warning,crosswalk_fields_disagree
2023,15,GainKe00,Kenny Gainwell,RB,TB,00-0036919,2.1,1,False,True,master_name_position,,crosswalk_fields_disagree,Warning,crosswalk_fields_disagree
2023,15,DemeEm00,Emari Demercado,RB,DAL,00-0038705,14.0,1,False,False,master_name_position,,crosswalk_fields_disagree,Info,crosswalk_fields_disagree
2023,15,JohnTy00,Ty Johnson,RB,BUF,00-0035537,6.8,1,False,True,weekly_stats_name_position_team,,crosswalk_fields_disagree,Warning,crosswalk_fields_disagree
2023,15,SermTr00,Trey Sermon,RB,ATL,00-0036984,8.8,1,False,False,master_name_position,,crosswalk_fields_disagree,Info,crosswalk_fields_disagree
2023,15,OgunDa00,Dare Ogunbowale,RB,LV,00-0033854,1.7,1,False,False,master_name_position,,crosswalk_fields_disagree,Info,crosswalk_fields_disagree
2023,15,StroPi00,Pierre Strong Jr,RB,GB,00-0038098,3.1,1,False,False,master_name_position,,crosswalk_fields_disagree,Info,crosswalk_fields_disagree
2023,15,IngoAl00,Alec Ingold,RB,LAC,00-0035125,0.0,0,True,False,manual_override,Top-player gate override because the historical FBG row uses a stale LAC team while the weekly roster identifies Alec Ingold as RB 00-0035125 for MIA,no_actual_weekly_record;actual_score_created_from_missing_record,Info,manual_override_applied;gsis_id_not_in_master
2023,15,JuszKy00,Kyle Juszczyk,RB,SF,00-0029892,0.0,0,True,False,weekly_roster_name_position_team,,no_actual_weekly_record;actual_score_created_from_missing_record,Info,gsis_id_not_in_master
2023,15,BurtMi00,Michael Burton,RB,CLE,00-0031595,0.0,0,True,False,pfr_crosswalk_verified,,no_actual_weekly_record;actual_score_created_from_missing_record,Info,gsis_id_not_in_master
2023,15,KelcTr00,Travis Kelce,TE,KC,00-0030506,7.8,1,False,True,weekly_stats_name_position_team,,crosswalk_fields_disagree,Warning,crosswalk_fields_disagree
2023,15,KrafTu00,Tucker Kraft,TE,GB,00-0038996,15.7,1,False,True,weekly_stats_name_position_team,,crosswalk_fields_disagree,Warning,crosswalk_fields_disagree
2023,15,HenrHu00,Hunter Henry,TE,NE,00-0033090,19.6,1,False,True,weekly_stats_name_position_team,,crosswalk_fields_disagree,Warning,crosswalk_fields_disagree
2023,15,OkonCh00,Chig Okonkwo,TE,WAS,00-0037809,6.6,1,False,True,master_name_position,,crosswalk_fields_disagree,Warning,crosswalk_fields_disagree
2023,15,WallDa00,Darren Waller,TE,CAR,00-0031610,8.0,1,False,True,master_name_position,,crosswalk_fields_disagree,Warning,crosswalk_fields_disagree
2023,15,OttoCa00,Cade Otton,TE,TB,00-0038129,6.4,1,False,True,weekly_stats_name_position_team,,crosswalk_fields_disagree,Warning,crosswalk_fields_disagree
2023,15,FantNo00,Noah Fant,TE,NO,00-0035644,4.6,1,False,True,master_name_position,,crosswalk_fields_disagree,Warning,crosswalk_fields_disagree
2023,15,MallWi00,Will Mallory,TE,IND,00-0038394,0.0,0,True,True,weekly_roster_name_position_team,,no_actual_weekly_record;actual_score_created_from_missing_record,Warning,
2023,15,KnoxDa00,Dawson Knox,TE,BUF,00-0035689,0.0,0,True,True,weekly_roster_name_position_team,,no_actual_weekly_record;actual_score_created_from_missing_record,Warning,
2023,15,AlleDa01,Davis Allen,TE,LA,00-0039074,2.4,1,False,True,weekly_stats_name_position_team,,crosswalk_fields_disagree,Warning,crosswalk_fields_disagree
2023,15,GrayNo00,Noah Gray,TE,KC,00-0036637,5.7,1,False,False,weekly_stats_name_position_team,,crosswalk_fields_disagree,Info,crosswalk_fields_disagree
2023,15,SmarSt00,Stone Smartt,TE,NO,00-0037475,4.5,1,False,False,master_name_position,,crosswalk_fields_disagree,Info,crosswalk_fields_disagree
2023,15,WrigBr00,Brock Wright,TE,DET,00-0036754,0.0,0,True,False,weekly_roster_name_position_team,,crosswalk_fields_disagree;no_actual_weekly_record;actual_score_created_from_missing_record,Info,crosswalk_fields_disagree
2023,15,SchoLu00,Luke Schoonmaker,TE,DAL,00-0038547,0.0,0,True,False,weekly_roster_name_position_team,,no_actual_weekly_record;actual_score_created_from_missing_record,Info,
2023,15,HeywCo00,Connor Heyward,TE,LV,00-0037304,0.0,0,True,False,manual_override,Top-player gate override because the historical FBG row uses a stale LV team while the weekly roster identifies Connor Heyward as TE 00-0037304 for PIT,no_actual_weekly_record;actual_score_created_from_missing_record,Info,manual_override_applied;gsis_id_not_in_master
2023,15,BeckAn00,Andrew Beck,RB,NYJ,00-0034959,0.0,0,True,False,manual_override,FBG position and team differ from the weekly roster record,no_actual_weekly_record;actual_score_created_from_missing_record,Info,manual_override_applied;gsis_id_not_in_master
2023,15,OgleAn00,Drew Ogletree,TE,IND,00-0037292,0.0,1,False,False,pfr_crosswalk_verified,,master_name_conflict,Info,master_name_conflict
2023,15,ParkCo00,Colby Parkinson,TE,LA,00-0036244,1.6,1,False,False,master_name_position,,crosswalk_fields_disagree,Info,crosswalk_fields_disagree
2023,15,HillJu01,Julian Hill,TE,NE,00-0038720,0.0,1,False,False,master_name_position,,crosswalk_fields_disagree,Info,crosswalk_fields_disagree
2023,15,WashDa02,Darnell Washington,TE,PIT,00-0038558,0.0,0,True,False,weekly_roster_name_position_team,,no_actual_weekly_record;actual_score_created_from_missing_record,Info,
2023,15,DurhPa00,Payne Durham,TE,TB,00-0039050,0.0,0,True,False,weekly_roster_name_position_team,,crosswalk_fields_disagree;no_actual_weekly_record;actual_score_created_from_missing_record,Info,crosswalk_fields_disagree
2023,15,BrowPh00,Pharaoh Brown,TE,IND,00-0033439,1.4,1,False,False,master_name_position,,crosswalk_fields_disagree,Info,crosswalk_fields_disagree
2023,15,WoerCh00,Charlie Woerner,TE,ATL,00-0036429,0.0,0,True,False,master_name_position,,no_actual_weekly_record;actual_score_created_from_missing_record,Info,
2023,15,KiefKo00,Ko Kieft,TE,TB,00-0037311,7.2,1,False,False,weekly_stats_name_position_team,,crosswalk_fields_disagree,Info,crosswalk_fields_disagree
2023,15,ManhCh00,Chris Manhertz,TE,NYG,00-0031484,0.0,0,True,False,master_name_position,,no_actual_weekly_record;actual_score_created_from_missing_record,Info,
2023,15,DiggSt00,Stefon Diggs,WR,WAS,00-0031588,8.8,1,False,True,master_name_position,,crosswalk_fields_disagree,Warning,crosswalk_fields_disagree
2023,15,BrowAJ00,A.J. Brown,WR,NE,00-0035676,10.6,1,False,True,master_name_position,,crosswalk_fields_disagree,Warning,crosswalk_fields_disagree
2023,15,SamuDe00,Deebo Samuel Sr.,WR,SF,00-0035719,21.9,1,False,True,weekly_stats_name_position_team,,crosswalk_fields_disagree,Warning,crosswalk_fields_disagree
2023,15,SmitDe04,DeVonta Smith,WR,PHI,00-0036912,10.0,1,False,True,weekly_stats_name_position_team,,crosswalk_fields_disagree,Warning,crosswalk_fields_disagree
2023,15,PalmJo01,Joshua Palmer,WR,BUF,00-0036988,21.3,1,False,False,master_name_position,,master_name_conflict,Info,master_name_conflict
2023,15,RiceRa01,Rashee Rice,WR,KC,00-0039067,24.1,1,False,True,weekly_stats_name_position_team,,crosswalk_fields_disagree,Warning,crosswalk_fields_disagree
2023,15,DougDe00,DeMario Douglas,WR,NE,00-0038621,6.3,1,False,True,weekly_stats_name_position_team,,crosswalk_fields_disagree,Warning,crosswalk_fields_disagree
2023,15,DoubRo00,Romeo Doubs,WR,NE,00-0037816,6.0,1,False,True,master_name_position,,crosswalk_fields_disagree,Warning,crosswalk_fields_disagree
2023,15,GodwCh00,Chris Godwin Jr.,WR,TB,00-0033921,25.5,1,False,True,weekly_stats_name_position_team,,crosswalk_fields_disagree,Warning,crosswalk_fields_disagree
2023,15,JohnQu01,Quentin Johnston,WR,LAC,00-0038544,10.3,1,False,False,weekly_stats_name_position_team,,crosswalk_fields_disagree,Info,crosswalk_fields_disagree
2023,15,BrowMa05,Hollywood Brown,WR,PHI,00-0035662,0.0,0,True,True,manual_override,FBG uses Hollywood Brown and a stale PHI team in the historical export,master_name_conflict;no_actual_weekly_record;actual_score_created_from_missing_record,Warning,manual_override_applied;master_name_conflict
2023,15,SmitJa02,Jaxon Smith-Njigba,WR,SEA,00-0038543,14.8,1,False,False,weekly_stats_name_position_team,,crosswalk_fields_disagree,Info,crosswalk_fields_disagree
2023,15,PalmTr00,Trey Palmer,WR,NO,00-0039052,1.5,1,False,False,master_name_position,,crosswalk_fields_disagree,Info,crosswalk_fields_disagree
2023,15,ThorTy00,Tyquan Thornton,WR,KC,00-0038104,1.5,1,False,False,master_name_position,,crosswalk_fields_disagree,Info,crosswalk_fields_disagree
2023,15,SlayDa00,Darius Slayton,WR,NYG,00-0035535,10.3,1,False,False,weekly_stats_name_position_team,,crosswalk_fields_disagree,Info,crosswalk_fields_disagree
2023,15,CracRi00,River Cracraft,WR,WAS,00-0034054,0.0,0,True,False,master_name_position,,no_actual_weekly_record;actual_score_created_from_missing_record,Info,
2023,15,WillJa09,Jameson Williams,WR,DET,00-0037240,8.7,1,False,False,weekly_stats_name_position_team,,crosswalk_fields_disagree,Info,crosswalk_fields_disagree
2023,15,TolbJa00,Jalen Tolbert,WR,MIA,00-0037666,0.0,0,True,False,master_name_position,,no_actual_weekly_record;actual_score_created_from_missing_record,Info,
2023,15,DaviDe01,Derius Davis,WR,LAC,00-0038573,0.8,1,False,False,weekly_stats_name_position_team,,crosswalk_fields_disagree,Info,crosswalk_fields_disagree
2023,15,MoorCh00,Chris Moore,WR,BAL,00-0032398,6.9,1,False,False,master_name_position,,crosswalk_fields_disagree,Info,crosswalk_fields_disagree
2023,15,MillSc01,Scotty Miller,WR,CHI,00-0035298,0.0,1,False,False,pfr_crosswalk_verified,,master_name_conflict,Info,master_name_conflict
2023,15,SherTr00,Trent Sherfield,WR,BUF,00-0034487,0.0,0,True,False,weekly_roster_name_position_team,,no_actual_weekly_record;actual_score_created_from_missing_record,Info,
2023,15,MoorSk00,Skyy Moore,WR,GB,00-0038090,0.0,0,True,False,master_name_position,,crosswalk_fields_disagree;no_actual_weekly_record;actual_score_created_from_missing_record,Info,crosswalk_fields_disagree
2023,15,HodgKh00,KhaDarel Hodge,WR,SF,00-0034854,2.0,1,False,False,master_name_position,,crosswalk_fields_disagree,Info,crosswalk_fields_disagree
2023,15,ThomDe04,Deven Thompkins,WR,LV,00-0037487,-0.1,1,False,False,master_name_position,,crosswalk_fields_disagree,Info,crosswalk_fields_disagree
2023,15,AustCa00,Calvin Austin III,WR,NYG,00-0037837,0.0,0,True,False,master_name_position,,no_actual_weekly_record;actual_score_created_from_missing_record,Info,
2023,15,MoorDa01,David Moore,WR,CAR,00-0033589,14.8,1,False,False,master_name_position,,crosswalk_fields_disagree,Info,crosswalk_fields_disagree
2023,15,ZaccOl00,Olamide Zaccheaus,WR,ATL,00-0035208,0.0,0,True,False,master_name_position,,no_actual_weekly_record;actual_score_created_from_missing_record,Info,
2023,15,JoneVe00,Velus Jones Jr,RB,SEA,00-0037745,2.3,1,False,False,manual_override,Top-player gate override because the historical FBG row labels Velus Jones Jr as RB with stale teams while the weekly records identify GSIS 00-0037745 and the master position is WR,crosswalk_fields_disagree;master_position_conflict,Info,crosswalk_fields_disagree;manual_override_applied;master_position_conflict
2023,15,JoneTi00,Tim Jones,WR,JAX,00-0036497,0.0,0,True,False,weekly_roster_name_position_team,,no_actual_weekly_record;actual_score_created_from_missing_record,Info,
2023,15,WinsJa00,Jameis Winston,QB,NYG,00-0031503,0.0,0,True,True,master_name_position,,no_actual_weekly_record;actual_score_created_from_missing_record,Warning,
2023,15,TuckSe00,Sean Tucker,RB,TB,00-0038951,0.0,0,True,False,weekly_roster_name_position_team,,crosswalk_fields_disagree;no_actual_weekly_record;actual_score_created_from_missing_record,Info,crosswalk_fields_disagree
2023,15,RicaPa00,Patrick Ricard,RB,NYG,00-0033376,0.0,0,True,False,master_name_position,,no_actual_weekly_record;actual_score_created_from_missing_record,Info,
2023,15,CharIr00,Irv Charles,WR,SEA,,,0,False,False,unmatched,,no_unique_gsis_id;crosswalk_fields_disagree;no_actual_weekly_record;actual_score_created_from_missing_record,Info,crosswalk_fields_disagree
2023,15,YounDa02,Dareke Young,WR,LV,00-0037093,0.0,0,True,False,master_name_position,,no_actual_weekly_record;actual_score_created_from_missing_record,Info,
2023,15,DallDe00,DeeJay Dallas,RB,MIN,00-0036425,0.0,1,False,False,master_name_position,,crosswalk_fields_disagree;master_team_context_differs,Info,crosswalk_fields_disagree;master_team_context_differs
2023,15,ReynCr00,Craig Reynolds,RB,WAS,00-0035567,0.0,1,False,False,master_name_position,,crosswalk_fields_disagree,Info,crosswalk_fields_disagree
2023,15,DuveDe00,Devin Duvernay,WR,ARI,00-0036331,0.0,0,True,False,master_name_position,,no_actual_weekly_record;actual_score_created_from_missing_record,Info,
2023,15,JohnBr03,Brandon Johnson,WR,PIT,,,0,False,False,unmatched,,no_unique_gsis_id;no_actual_weekly_record;actual_score_created_from_missing_record,Info,
2023,15,WardJo00,Jonathan Ward,RB,BAL,00-0035924,0.0,0,True,False,master_name_position,,no_actual_weekly_record;actual_score_created_from_missing_record,Info,
2023,15,CalcGr00,Grant Calcaterra,TE,PHI,00-0037086,0.0,0,True,False,weekly_roster_name_position_team,,no_actual_weekly_record;actual_score_created_from_missing_record,Info,
2023,15,PrenAd00,Adam Prentice,RB,DEN,00-0036727,0.0,0,True,False,pfr_crosswalk_verified,,no_actual_weekly_record;actual_score_created_from_missing_record,Info,gsis_id_not_in_master
2023,15,MorrQu00,Quintin Morris,TE,JAX,00-0036590,0.0,0,True,False,master_name_position,,no_actual_weekly_record;actual_score_created_from_missing_record,Info,
2023,15,SaubEr00,Eric Saubert,TE,SEA,00-0033576,0.0,0,True,False,master_name_position,,no_actual_weekly_record;actual_score_created_from_missing_record,Info,
2023,15,RussBr00,Brady Russell,RB,SEA,00-0038488,0.0,0,True,False,master_name_position,,no_actual_weekly_record;actual_score_created_from_missing_record,Info,
2023,15,GillRe00,Reggie Gilliam,RB,NE,00-0036187,0.0,0,True,False,master_name_position,,crosswalk_fields_disagree;no_actual_weekly_record;actual_score_created_from_missing_record,Info,crosswalk_fields_disagree
2023,15,McNiJe00,Jeremy McNichols,RB,WAS,00-0033955,0.0,0,True,False,master_name_position,,no_actual_weekly_record;actual_score_created_from_missing_record,Info,
2023,15,WillBr04,Brayden Willis,TE,SF,00-0038643,0.0,0,True,False,weekly_roster_name_position_team,,crosswalk_fields_disagree;no_actual_weekly_record;actual_score_created_from_missing_record,Info,crosswalk_fields_disagree
2023,15,MeltBo00,Bo Melton,WR,GB,00-0037091,1.7,1,False,False,weekly_stats_name_position_team,,crosswalk_fields_disagree,Info,crosswalk_fields_disagree
2023,15,JoneCh00,Charlie Jones,WR,NYG,,,0,False,False,unmatched,,no_unique_gsis_id;no_actual_weekly_record;actual_score_created_from_missing_record,Info,
2023,15,VannNi00,Nick Vannett,TE,BAL,00-0032394,0.0,0,True,False,master_name_position,,crosswalk_fields_disagree;master_team_context_differs;no_actual_weekly_record;actual_score_created_from_missing_record,Info,crosswalk_fields_disagree;master_team_context_differs
2023,15,HollMa00,Mack Hollins,WR,NE,00-0033555,0.0,0,True,False,master_name_position,,crosswalk_fields_disagree;no_actual_weekly_record;actual_score_created_from_missing_record,Info,crosswalk_fields_disagree
2023,15,TurnCo00,Cole Turner,TE,MIA,00-0037078,0.0,0,True,False,master_name_position,,no_actual_weekly_record;actual_score_created_from_missing_record,Info,
2023,15,BoutKa00,Kayshon Boutte,WR,HOU,00-0038608,0.0,0,True,False,master_name_position,,crosswalk_fields_disagree;no_actual_weekly_record;actual_score_created_from_missing_record,Info,crosswalk_fields_disagree
2023,16,MahoPa00,Patrick Mahomes II,QB,KC,00-0033873,16.7,1,False,True,weekly_stats_name_position_team,,crosswalk_fields_disagree,Warning,crosswalk_fields_disagree
2023,16,MayfBa00,Baker Mayfield,QB,TB,00-0034855,19.82,1,False,True,weekly_stats_name_position_team,,crosswalk_fields_disagree,Warning,crosswalk_fields_disagree
2023,16,AlleJo01,Josh Allen,QB,BUF,00-0034857,24.98,1,False,True,weekly_stats_name_position_team,,crosswalk_fields_disagree,Warning,crosswalk_fields_disagree
2023,16,SticEa00,Easton Stick,QB,TB,00-0035282,17.1,1,False,True,master_name_position,,crosswalk_fields_disagree,Warning,crosswalk_fields_disagree
2023,16,FielJu00,Justin Fields,QB,KC,00-0036945,24.5,1,False,True,master_name_position,,crosswalk_fields_disagree,Warning,crosswalk_fields_disagree
2023,16,WinsJa00,Jameis Winston,QB,NYG,00-0031503,0.0,0,True,True,master_name_position,,no_actual_weekly_record;actual_score_created_from_missing_record,Warning,
2023,16,McCaCh00,Christian McCaffrey,RB,SF,00-0033280,25.1,1,False,True,weekly_stats_name_position_team,,crosswalk_fields_disagree,Warning,crosswalk_fields_disagree
2023,16,EtieTr00,Travis Etienne Jr.,RB,NO,00-0036973,6.1,1,False,True,master_name_position,,crosswalk_fields_disagree,Warning,crosswalk_fields_disagree
2023,16,WalkKe01,Ken Walker III,RB,KC,00-0038134,6.6,1,False,True,manual_override,FBG uses Ken Walker and a stale KC team in the historical export,master_name_conflict,Warning,manual_override_applied;master_name_conflict
2023,16,KamaAl00,Alvin Kamara,RB,NO,00-0033906,8.5,1,False,True,weekly_stats_name_position_team,,crosswalk_fields_disagree,Warning,crosswalk_fields_disagree
2023,16,HarrNa00,Najee Harris,RB,NYG,00-0036893,13.8,1,False,True,master_name_position,,crosswalk_fields_disagree,Warning,crosswalk_fields_disagree
2023,16,GibbJa00,Jahmyr Gibbs,RB,DET,00-0039139,24.0,1,False,True,weekly_stats_name_position_team,,crosswalk_fields_disagree,Warning,crosswalk_fields_disagree
2023,16,GainKe00,Kenny Gainwell,RB,TB,00-0036919,10.9,1,False,True,master_name_position,,crosswalk_fields_disagree,Warning,crosswalk_fields_disagree
2023,16,SermTr00,Trey Sermon,RB,ATL,00-0036984,0.3,1,False,True,master_name_position,,crosswalk_fields_disagree,Warning,crosswalk_fields_disagree
2023,16,McLaJa00,Jaleel McLaughlin,RB,CLE,00-0038794,10.7,1,False,True,master_name_position,,crosswalk_fields_disagree,Warning,crosswalk_fields_disagree
2023,16,DemeEm00,Emari Demercado,RB,DAL,00-0038705,12.0,1,False,False,master_name_position,,crosswalk_fields_disagree,Info,crosswalk_fields_disagree
2023,16,SamuDe00,Deebo Samuel Sr.,WR,SF,00-0035719,9.4,1,False,True,weekly_stats_name_position_team,,crosswalk_fields_disagree,Warning,crosswalk_fields_disagree
2023,16,StroPi00,Pierre Strong Jr,RB,GB,00-0038098,2.2,1,False,False,master_name_position,,crosswalk_fields_disagree,Info,crosswalk_fields_disagree
2023,16,BigsTa00,Tank Bigsby,RB,PHI,00-0038555,0.0,0,True,False,master_name_position,,no_actual_weekly_record;actual_score_created_from_missing_record,Info,
2023,16,DougDe00,DeMario Douglas,WR,NE,00-0038621,12.4,1,False,True,weekly_stats_name_position_team,,crosswalk_fields_disagree,Warning,crosswalk_fields_disagree
2023,16,JuszKy00,Kyle Juszczyk,RB,SF,00-0029892,0.0,0,True,False,weekly_roster_name_position_team,,no_actual_weekly_record;actual_score_created_from_missing_record,Info,gsis_id_not_in_master
2023,16,DaviMa02,Malik Davis,RB,DAL,00-0037563,0.0,0,True,False,weekly_roster_name_position_team,,no_actual_weekly_record;actual_score_created_from_missing_record,Info,
2023,16,BurtMi00,Michael Burton,RB,CLE,00-0031595,0.0,0,True,False,pfr_crosswalk_verified,,no_actual_weekly_record;actual_score_created_from_missing_record,Info,gsis_id_not_in_master
2023,16,OgunDa00,Dare Ogunbowale,RB,LV,00-0033854,0.6,1,False,False,master_name_position,,crosswalk_fields_disagree,Info,crosswalk_fields_disagree
2023,16,DaviDe01,Derius Davis,WR,LAC,00-0038573,2.4,1,False,False,weekly_stats_name_position_team,,crosswalk_fields_disagree,Info,crosswalk_fields_disagree
2023,16,ThomDe04,Deven Thompkins,WR,LV,00-0037487,0.0,1,False,False,master_name_position,,crosswalk_fields_disagree,Info,crosswalk_fields_disagree
2023,16,DallDe00,DeeJay Dallas,RB,MIN,00-0036425,0.2,1,False,False,master_name_position,,crosswalk_fields_disagree;master_team_context_differs,Info,crosswalk_fields_disagree;master_team_context_differs
2023,16,HodgKh00,KhaDarel Hodge,WR,SF,00-0034854,1.5,1,False,False,master_name_position,,crosswalk_fields_disagree,Info,crosswalk_fields_disagree
2023,16,HomeTr00,Travis Homer,RB,PIT,00-0035594,0.0,0,True,False,master_name_position,,no_actual_weekly_record;actual_score_created_from_missing_record,Info,
2023,16,PrenAd00,Adam Prentice,RB,DEN,00-0036727,0.0,0,True,False,pfr_crosswalk_verified,,no_actual_weekly_record;actual_score_created_from_missing_record,Info,gsis_id_not_in_master
2023,16,ReynCr00,Craig Reynolds,RB,WAS,00-0035567,0.0,0,True,False,master_name_position,,crosswalk_fields_disagree;no_actual_weekly_record;actual_score_created_from_missing_record,Info,crosswalk_fields_disagree
2023,16,RiceRa01,Rashee Rice,WR,KC,00-0039067,11.7,1,False,True,weekly_stats_name_position_team,,crosswalk_fields_disagree,Warning,crosswalk_fields_disagree
2023,16,MoorCh00,Chris Moore,WR,BAL,00-0032398,1.9,1,False,False,master_name_position,,crosswalk_fields_disagree,Info,crosswalk_fields_disagree
2023,16,PalmTr00,Trey Palmer,WR,NO,00-0039052,8.2,1,False,False,master_name_position,,crosswalk_fields_disagree,Info,crosswalk_fields_disagree
2023,16,TuckSe00,Sean Tucker,RB,TB,00-0038951,0.0,0,True,False,weekly_roster_name_position_team,,crosswalk_fields_disagree;no_actual_weekly_record;actual_score_created_from_missing_record,Info,crosswalk_fields_disagree
2023,16,BrowAJ00,A.J. Brown,WR,NE,00-0035676,14.0,1,False,True,master_name_position,,crosswalk_fields_disagree,Warning,crosswalk_fields_disagree
2023,16,KelcTr00,Travis Kelce,TE,KC,00-0030506,9.4,1,False,True,weekly_stats_name_position_team,,crosswalk_fields_disagree,Warning,crosswalk_fields_disagree
2023,16,OlavCh00,Chris Olave,WR,NO,00-0037239,23.3,1,False,True,weekly_stats_name_position_team,,crosswalk_fields_disagree,Warning,crosswalk_fields_disagree
2023,16,DiggSt00,Stefon Diggs,WR,WAS,00-0031588,7.9,1,False,True,master_name_position,,crosswalk_fields_disagree,Warning,crosswalk_fields_disagree
2023,16,SmitDe04,DeVonta Smith,WR,PHI,00-0036912,17.9,1,False,True,weekly_stats_name_position_team,,crosswalk_fields_disagree,Warning,crosswalk_fields_disagree
2023,16,GodwCh00,Chris Godwin Jr.,WR,TB,00-0033921,13.9,1,False,True,weekly_stats_name_position_team,,crosswalk_fields_disagree,Warning,crosswalk_fields_disagree
2023,16,PalmJo01,Joshua Palmer,WR,BUF,00-0036988,9.7,1,False,True,master_name_position,,master_name_conflict,Warning,master_name_conflict
2023,16,DoubRo00,Romeo Doubs,WR,NE,00-0037816,17.9,1,False,True,master_name_position,,crosswalk_fields_disagree,Warning,crosswalk_fields_disagree
2023,16,SlayDa00,Darius Slayton,WR,NYG,00-0035535,18.0,1,False,False,weekly_stats_name_position_team,,crosswalk_fields_disagree,Info,crosswalk_fields_disagree
2023,16,SmitJa02,Jaxon Smith-Njigba,WR,SEA,00-0038543,12.1,1,False,True,weekly_stats_name_position_team,,crosswalk_fields_disagree,Warning,crosswalk_fields_disagree
2023,16,JohnQu01,Quentin Johnston,WR,LAC,00-0038544,5.0,1,False,False,weekly_stats_name_position_team,,crosswalk_fields_disagree,Info,crosswalk_fields_disagree
2023,16,WallDa00,Darren Waller,TE,CAR,00-0031610,5.2,1,False,True,master_name_position,,crosswalk_fields_disagree,Warning,crosswalk_fields_disagree
2023,16,FreiPa00,Pat Freiermuth,TE,PIT,00-0036894,0.0,0,True,True,weekly_roster_name_position_team,,no_actual_weekly_record;actual_score_created_from_missing_record,Warning,
2023,16,OttoCa00,Cade Otton,TE,TB,00-0038129,1.7,1,False,True,weekly_stats_name_position_team,,crosswalk_fields_disagree,Warning,crosswalk_fields_disagree
2023,16,KrafTu00,Tucker Kraft,TE,GB,00-0038996,10.0,1,False,True,weekly_stats_name_position_team,,crosswalk_fields_disagree,Warning,crosswalk_fields_disagree
2023,16,OkonCh00,Chig Okonkwo,TE,WAS,00-0037809,18.3,1,False,True,master_name_position,,crosswalk_fields_disagree,Warning,crosswalk_fields_disagree
2023,16,WillJa09,Jameson Williams,WR,DET,00-0037240,9.3,1,False,False,weekly_stats_name_position_team,,crosswalk_fields_disagree,Info,crosswalk_fields_disagree
2023,16,HyatJa00,Jalin Hyatt,WR,NYG,00-0038938,0.0,0,True,False,weekly_roster_name_position_team,,no_actual_weekly_record;actual_score_created_from_missing_record,Info,
2023,16,FantNo00,Noah Fant,TE,NO,00-0035644,0.0,1,False,True,master_name_position,,crosswalk_fields_disagree,Warning,crosswalk_fields_disagree
2023,16,BrowPh00,Pharaoh Brown,TE,IND,00-0033439,4.5,1,False,True,master_name_position,,crosswalk_fields_disagree,Warning,crosswalk_fields_disagree
2023,16,ThorTy00,Tyquan Thornton,WR,KC,00-0038104,3.0,1,False,False,master_name_position,,crosswalk_fields_disagree,Info,crosswalk_fields_disagree
2023,16,HumpLi00,Lil'Jordan Humphrey,WR,DEN,00-0035406,0.0,0,True,False,weekly_roster_name_position_team,,no_actual_weekly_record;actual_score_created_from_missing_record,Info,
2023,16,AtweTu00,Tutu Atwell,WR,LA,00-0036849,0.0,0,True,False,weekly_roster_name_position_team,,crosswalk_fields_disagree;no_actual_weekly_record;actual_score_created_from_missing_record,Info,crosswalk_fields_disagree
2023,16,GrayNo00,Noah Gray,TE,KC,00-0036637,1.5,1,False,False,weekly_stats_name_position_team,,crosswalk_fields_disagree,Info,crosswalk_fields_disagree
2023,16,OgleAn00,Drew Ogletree,TE,IND,00-0037292,0.0,0,True,False,pfr_crosswalk_verified,,master_name_conflict;no_actual_weekly_record;actual_score_created_from_missing_record,Info,master_name_conflict
2023,16,RuckJe00,Jeremy Ruckert,TE,NYJ,00-0037805,0.0,0,True,False,weekly_roster_name_position_team,,no_actual_weekly_record;actual_score_created_from_missing_record,Info,
2023,16,MoorDa01,David Moore,WR,CAR,00-0033589,1.7,1,False,False,master_name_position,,crosswalk_fields_disagree,Info,crosswalk_fields_disagree
2023,16,MeltBo00,Bo Melton,WR,GB,00-0037091,9.1,1,False,False,weekly_stats_name_position_team,,crosswalk_fields_disagree,Info,crosswalk_fields_disagree
2023,16,WhylJo00,Josh Whyle,TE,GB,00-0038589,0.0,0,True,False,master_name_position,,no_actual_weekly_record;actual_score_created_from_missing_record,Info,
2023,16,ParkCo00,Colby Parkinson,TE,LA,00-0036244,10.7,1,False,False,master_name_position,,crosswalk_fields_disagree,Info,crosswalk_fields_disagree
2023,16,WhitBl01,Blake Whiteheart,TE,CLE,00-0038710,0.0,0,True,False,master_name_position,,no_actual_weekly_record;actual_score_created_from_missing_record,Info,
2023,16,SherTr00,Trent Sherfield,WR,BUF,00-0034487,0.0,0,True,False,weekly_roster_name_position_team,,no_actual_weekly_record;actual_score_created_from_missing_record,Info,
2023,16,JoneVe00,Velus Jones Jr,RB,SEA,00-0037745,0.4,1,False,False,manual_override,Top-player gate override because the historical FBG row labels Velus Jones Jr as RB with stale teams while the weekly records identify GSIS 00-0037745 and the master position is WR,crosswalk_fields_disagree;master_position_conflict,Info,crosswalk_fields_disagree;manual_override_applied;master_position_conflict
2023,16,HeywCo00,Connor Heyward,TE,LV,00-0037304,0.0,0,True,False,manual_override,Top-player gate override because the historical FBG row uses a stale LV team while the weekly roster identifies Connor Heyward as TE 00-0037304 for PIT,no_actual_weekly_record;actual_score_created_from_missing_record,Info,manual_override_applied;gsis_id_not_in_master
2023,16,MillSc01,Scotty Miller,WR,CHI,00-0035298,2.5,1,False,False,pfr_crosswalk_verified,,master_name_conflict,Info,master_name_conflict
2023,16,ThomIa00,Ian Thomas,TE,LV,00-0034365,0.0,0,True,False,master_name_position,,no_actual_weekly_record;actual_score_created_from_missing_record,Info,
2023,16,AlleDa01,Davis Allen,TE,LA,00-0039074,0.0,1,False,False,weekly_stats_name_position_team,,crosswalk_fields_disagree,Info,crosswalk_fields_disagree
2023,16,JoneCh00,Charlie Jones,WR,NYG,,,0,False,False,unmatched,,no_unique_gsis_id;no_actual_weekly_record;actual_score_created_from_missing_record,Info,
2023,16,DurhPa00,Payne Durham,TE,TB,00-0039050,3.5,1,False,False,weekly_stats_name_position_team,,crosswalk_fields_disagree,Info,crosswalk_fields_disagree
2023,16,SmarSt00,Stone Smartt,TE,NO,00-0037475,3.3,1,False,False,master_name_position,,crosswalk_fields_disagree,Info,crosswalk_fields_disagree
2023,16,BeckAn00,Andrew Beck,RB,NYJ,00-0034959,0.0,0,True,False,manual_override,FBG position and team differ from the weekly roster record,no_actual_weekly_record;actual_score_created_from_missing_record,Info,manual_override_applied;gsis_id_not_in_master
2023,16,SimsBe00,Ben Sims,TE,MIA,00-0038809,0.0,0,True,False,master_name_position,,no_actual_weekly_record;actual_score_created_from_missing_record,Info,
2023,16,WoerCh00,Charlie Woerner,TE,ATL,00-0036429,0.0,0,True,False,master_name_position,,no_actual_weekly_record;actual_score_created_from_missing_record,Info,
2023,16,HillJu01,Julian Hill,TE,NE,00-0038720,0.0,0,True,False,master_name_position,,crosswalk_fields_disagree;no_actual_weekly_record;actual_score_created_from_missing_record,Info,crosswalk_fields_disagree
2023,16,VannNi00,Nick Vannett,TE,BAL,00-0032394,0.0,0,True,False,master_name_position,,crosswalk_fields_disagree;master_team_context_differs;no_actual_weekly_record;actual_score_created_from_missing_record,Info,crosswalk_fields_disagree;master_team_context_differs
2023,16,KiefKo00,Ko Kieft,TE,TB,00-0037311,0.0,1,False,False,weekly_stats_name_position_team,,crosswalk_fields_disagree,Info,crosswalk_fields_disagree
2023,16,SkowBe00,Ben Skowronek,WR,PIT,00-0036862,0.0,0,True,False,master_name_position,,no_actual_weekly_record;actual_score_created_from_missing_record,Info,
2023,16,CharIr00,Irv Charles,WR,SEA,,,0,False,False,unmatched,,no_unique_gsis_id;crosswalk_fields_disagree;no_actual_weekly_record;actual_score_created_from_missing_record,Info,crosswalk_fields_disagree
2023,16,YounDa02,Dareke Young,WR,LV,00-0037093,0.0,0,True,False,master_name_position,,no_actual_weekly_record;actual_score_created_from_missing_record,Info,
2023,16,GillRe00,Reggie Gilliam,RB,NE,00-0036187,0.0,1,False,False,master_name_position,,crosswalk_fields_disagree,Info,crosswalk_fields_disagree
2023,16,DaviKa00,Kaden Davis,WR,CHI,00-0037380,0.0,0,True,False,master_name_position,,no_actual_weekly_record;actual_score_created_from_missing_record,Info,
2023,16,SaubEr00,Eric Saubert,TE,SEA,00-0033576,0.0,0,True,False,master_name_position,,no_actual_weekly_record;actual_score_created_from_missing_record,Info,
2023,16,IngoAl00,Alec Ingold,RB,LAC,00-0035125,0.0,0,True,False,manual_override,Top-player gate override because the historical FBG row uses a stale LAC team while the weekly roster identifies Alec Ingold as RB 00-0035125 for MIA,no_actual_weekly_record;actual_score_created_from_missing_record,Info,manual_override_applied;gsis_id_not_in_master
2023,16,JohnBr03,Brandon Johnson,WR,PIT,,,0,False,False,unmatched,,no_unique_gsis_id;no_actual_weekly_record;actual_score_created_from_missing_record,Info,
2023,16,MorrQu00,Quintin Morris,TE,JAX,00-0036590,0.0,0,True,False,master_name_position,,no_actual_weekly_record;actual_score_created_from_missing_record,Info,
2023,16,WillBr04,Brayden Willis,TE,SF,00-0038643,0.0,0,True,False,weekly_roster_name_position_team,,crosswalk_fields_disagree;no_actual_weekly_record;actual_score_created_from_missing_record,Info,crosswalk_fields_disagree
2023,16,BoutKa00,Kayshon Boutte,WR,HOU,00-0038608,0.0,0,True,False,master_name_position,,crosswalk_fields_disagree;no_actual_weekly_record;actual_score_created_from_missing_record,Info,crosswalk_fields_disagree
2023,16,TurnCo00,Cole Turner,TE,MIA,00-0037078,0.0,0,True,False,master_name_position,,no_actual_weekly_record;actual_score_created_from_missing_record,Info,
2023,16,StraBr00,Brenton Strange,TE,JAX,00-0038935,0.0,0,True,False,weekly_roster_name_position_team,,no_actual_weekly_record;actual_score_created_from_missing_record,Info,
2023,16,HollMa00,Mack Hollins,WR,NE,00-0033555,0.0,0,True,False,master_name_position,,crosswalk_fields_disagree;no_actual_weekly_record;actual_score_created_from_missing_record,Info,crosswalk_fields_disagree
2023,16,BrooCh01,Chris Brooks,RB,GB,00-0038685,0.0,0,True,False,master_name_position,,no_actual_weekly_record;actual_score_created_from_missing_record,Info,
2023,16,JacoJo00,Josh Jacobs,RB,GB,00-0035700,0.0,0,True,False,master_name_position,,no_actual_weekly_record;actual_score_created_from_missing_record,Info,
2023,16,JohnTy00,Ty Johnson,RB,BUF,00-0035537,0.0,0,True,False,weekly_roster_name_position_team,,crosswalk_fields_disagree;no_actual_weekly_record;actual_score_created_from_missing_record,Info,crosswalk_fields_disagree
2023,16,MusgLu00,Luke Musgrave,TE,GB,00-0039144,0.0,0,True,False,weekly_roster_name_position_team,,crosswalk_fields_disagree;no_actual_weekly_record;actual_score_created_from_missing_record,Info,crosswalk_fields_disagree
2023,16,LockDr00,Drew Lock,QB,SEA,00-0035704,0.0,0,True,True,weekly_roster_name_position_team,,no_actual_weekly_record;actual_score_created_from_missing_record,Warning,
2023,16,WrigBr00,Brock Wright,TE,DET,00-0036754,0.0,0,True,False,weekly_roster_name_position_team,,crosswalk_fields_disagree;no_actual_weekly_record;actual_score_created_from_missing_record,Info,crosswalk_fields_disagree
2023,16,JennJa00,Jauan Jennings,WR,MIN,00-0036259,0.0,0,True,False,master_name_position,,no_actual_weekly_record;actual_score_created_from_missing_record,Info,
2023,16,CracRi00,River Cracraft,WR,WAS,00-0034054,0.0,0,True,False,master_name_position,,no_actual_weekly_record;actual_score_created_from_missing_record,Info,
2023,16,BrooJa02,Jalen Brooks,WR,ARI,00-0038640,0.0,0,True,False,master_name_position,,no_actual_weekly_record;actual_score_created_from_missing_record,Info,
2023,16,MoorSk00,Skyy Moore,WR,GB,00-0038090,0.0,0,True,False,master_name_position,,crosswalk_fields_disagree;no_actual_weekly_record;actual_score_created_from_missing_record,Info,crosswalk_fields_disagree
2023,17,AlleJo01,Josh Allen,QB,BUF,00-0034857,21.16,1,False,True,weekly_stats_name_position_team,,crosswalk_fields_disagree,Warning,crosswalk_fields_disagree
2023,17,MahoPa00,Patrick Mahomes II,QB,KC,00-0033873,12.0,1,False,True,weekly_stats_name_position_team,,crosswalk_fields_disagree,Warning,crosswalk_fields_disagree
2023,17,FielJu00,Justin Fields,QB,KC,00-0036945,25.22,1,False,True,master_name_position,,crosswalk_fields_disagree,Warning,crosswalk_fields_disagree
2023,17,MayfBa00,Baker Mayfield,QB,TB,00-0034855,16.26,1,False,True,weekly_stats_name_position_team,,crosswalk_fields_disagree,Warning,crosswalk_fields_disagree
2023,17,TaylTy00,Tyrod Taylor,QB,GB,00-0028118,18.76,1,False,True,master_name_position,,crosswalk_fields_disagree,Warning,crosswalk_fields_disagree
2023,17,SticEa00,Easton Stick,QB,TB,00-0035282,11.9,1,False,True,master_name_position,,crosswalk_fields_disagree,Warning,crosswalk_fields_disagree
2023,17,WillMa05,Malik Willis,QB,MIA,00-0038128,0.0,0,True,True,master_name_position,,no_actual_weekly_record;actual_score_created_from_missing_record,Warning,
2023,17,McCaCh00,Christian McCaffrey,RB,SF,00-0033280,13.1,1,False,True,weekly_stats_name_position_team,,crosswalk_fields_disagree,Warning,crosswalk_fields_disagree
2023,17,KamaAl00,Alvin Kamara,RB,NO,00-0033906,6.9,1,False,True,weekly_stats_name_position_team,,crosswalk_fields_disagree,Warning,crosswalk_fields_disagree
2023,17,WalkKe01,Ken Walker III,RB,KC,00-0038134,16.5,1,False,True,manual_override,FBG uses Ken Walker and a stale KC team in the historical export,master_name_conflict,Warning,manual_override_applied;master_name_conflict
2023,17,EtieTr00,Travis Etienne Jr.,RB,NO,00-0036973,25.8,1,False,True,master_name_position,,crosswalk_fields_disagree,Warning,crosswalk_fields_disagree
2023,17,GibbJa00,Jahmyr Gibbs,RB,DET,00-0039139,5.3,1,False,True,weekly_stats_name_position_team,,crosswalk_fields_disagree,Warning,crosswalk_fields_disagree
2023,17,HarrNa00,Najee Harris,RB,NYG,00-0036893,24.2,1,False,True,master_name_position,,crosswalk_fields_disagree,Warning,crosswalk_fields_disagree
2023,17,GainKe00,Kenny Gainwell,RB,TB,00-0036919,6.68,1,False,True,master_name_position,,crosswalk_fields_disagree,Warning,crosswalk_fields_disagree
2023,17,McLaJa00,Jaleel McLaughlin,RB,CLE,00-0038794,9.2,1,False,True,master_name_position,,crosswalk_fields_disagree,Warning,crosswalk_fields_disagree
2023,17,SermTr00,Trey Sermon,RB,ATL,00-0036984,6.1,1,False,False,master_name_position,,crosswalk_fields_disagree,Info,crosswalk_fields_disagree
2023,17,DemeEm00,Emari Demercado,RB,DAL,00-0038705,1.9,1,False,True,master_name_position,,crosswalk_fields_disagree,Warning,crosswalk_fields_disagree
2023,17,JohnTy00,Ty Johnson,RB,BUF,00-0035537,2.2,1,False,False,weekly_stats_name_position_team,,crosswalk_fields_disagree,Info,crosswalk_fields_disagree
2023,17,IngoAl00,Alec Ingold,RB,LAC,00-0035125,0.0,0,True,False,manual_override,Top-player gate override because the historical FBG row uses a stale LAC team while the weekly roster identifies Alec Ingold as RB 00-0035125 for MIA,no_actual_weekly_record;actual_score_created_from_missing_record,Info,manual_override_applied;gsis_id_not_in_master
2023,17,StroPi00,Pierre Strong Jr,RB,GB,00-0038098,0.9,1,False,False,master_name_position,,crosswalk_fields_disagree,Info,crosswalk_fields_disagree
2023,17,RodrCh01,Chris Rodriguez Jr.,RB,JAX,00-0038611,0.0,0,True,False,master_name_position,,no_actual_weekly_record;actual_score_created_from_missing_record,Info,
2023,17,OgunDa00,Dare Ogunbowale,RB,LV,00-0033854,0.0,1,False,False,master_name_position,,crosswalk_fields_disagree,Info,crosswalk_fields_disagree
2023,17,BurtMi00,Michael Burton,RB,CLE,00-0031595,0.0,0,True,False,pfr_crosswalk_verified,,no_actual_weekly_record;actual_score_created_from_missing_record,Info,gsis_id_not_in_master
2023,17,JuszKy00,Kyle Juszczyk,RB,SF,00-0029892,0.0,0,True,False,weekly_roster_name_position_team,,no_actual_weekly_record;actual_score_created_from_missing_record,Info,gsis_id_not_in_master
2023,17,LuepHu01,Hunter Luepke,RB,DAL,00-0038738,0.0,0,True,False,weekly_roster_name_position_team,,no_actual_weekly_record;actual_score_created_from_missing_record,Info,
2023,17,DallDe00,DeeJay Dallas,RB,MIN,00-0036425,0.0,1,False,False,master_name_position,,crosswalk_fields_disagree;master_team_context_differs,Info,crosswalk_fields_disagree;master_team_context_differs
2023,17,KelcTr00,Travis Kelce,TE,KC,00-0030506,4.6,1,False,True,weekly_stats_name_position_team,,crosswalk_fields_disagree,Warning,crosswalk_fields_disagree
2023,17,KrafTu00,Tucker Kraft,TE,GB,00-0038996,10.8,1,False,True,weekly_stats_name_position_team,,crosswalk_fields_disagree,Warning,crosswalk_fields_disagree
2023,17,OkonCh00,Chig Okonkwo,TE,WAS,00-0037809,6.4,1,False,True,master_name_position,,crosswalk_fields_disagree,Warning,crosswalk_fields_disagree
2023,17,KmetCo00,Cole Kmet,TE,CHI,00-0036290,0.0,0,True,True,weekly_roster_name_position_team,,no_actual_weekly_record;actual_score_created_from_missing_record,Warning,
2023,17,WallDa00,Darren Waller,TE,CAR,00-0031610,10.1,1,False,True,master_name_position,,crosswalk_fields_disagree,Warning,crosswalk_fields_disagree
2023,17,OttoCa00,Cade Otton,TE,TB,00-0038129,3.0,1,False,True,weekly_stats_name_position_team,,crosswalk_fields_disagree,Warning,crosswalk_fields_disagree
2023,17,BrowPh00,Pharaoh Brown,TE,IND,00-0033439,-0.5,1,False,False,master_name_position,,crosswalk_fields_disagree,Info,crosswalk_fields_disagree
2023,17,FantNo00,Noah Fant,TE,NO,00-0035644,10.9,1,False,True,master_name_position,,crosswalk_fields_disagree,Warning,crosswalk_fields_disagree
2023,17,KnoxDa00,Dawson Knox,TE,BUF,00-0035689,0.0,0,True,True,weekly_roster_name_position_team,,no_actual_weekly_record;actual_score_created_from_missing_record,Warning,
2023,17,GrayNo00,Noah Gray,TE,KC,00-0036637,4.7,1,False,False,weekly_stats_name_position_team,,crosswalk_fields_disagree,Info,crosswalk_fields_disagree
2023,17,ParkCo00,Colby Parkinson,TE,LA,00-0036244,5.8,1,False,False,master_name_position,,crosswalk_fields_disagree,Info,crosswalk_fields_disagree
2023,17,SmarSt00,Stone Smartt,TE,NO,00-0037475,4.3,1,False,False,master_name_position,,crosswalk_fields_disagree,Info,crosswalk_fields_disagree
2023,17,DurhPa00,Payne Durham,TE,TB,00-0039050,0.0,0,True,False,weekly_roster_name_position_team,,crosswalk_fields_disagree;no_actual_weekly_record;actual_score_created_from_missing_record,Info,crosswalk_fields_disagree
2023,17,DulcGr00,Greg Dulcich,TE,MIA,00-0037252,0.0,0,True,False,master_name_position,,no_actual_weekly_record;actual_score_created_from_missing_record,Info,
2023,17,BeckAn00,Andrew Beck,RB,NYJ,00-0034959,0.0,0,True,False,manual_override,FBG position and team differ from the weekly roster record,no_actual_weekly_record;actual_score_created_from_missing_record,Info,manual_override_applied;gsis_id_not_in_master
2023,17,HeywCo00,Connor Heyward,TE,LV,00-0037304,0.0,0,True,False,manual_override,Top-player gate override because the historical FBG row uses a stale LV team while the weekly roster identifies Connor Heyward as TE 00-0037304 for PIT,no_actual_weekly_record;actual_score_created_from_missing_record,Info,manual_override_applied;gsis_id_not_in_master
2023,17,WashDa02,Darnell Washington,TE,PIT,00-0038558,0.0,0,True,False,weekly_roster_name_position_team,,no_actual_weekly_record;actual_score_created_from_missing_record,Info,
2023,17,AlleDa01,Davis Allen,TE,LA,00-0039074,0.0,1,False,False,weekly_stats_name_position_team,,crosswalk_fields_disagree,Info,crosswalk_fields_disagree
2023,17,SchoLu00,Luke Schoonmaker,TE,DAL,00-0038547,0.0,0,True,False,weekly_roster_name_position_team,,no_actual_weekly_record;actual_score_created_from_missing_record,Info,
2023,17,HillJu01,Julian Hill,TE,NE,00-0038720,1.9,1,False,False,master_name_position,,crosswalk_fields_disagree,Info,crosswalk_fields_disagree
2023,17,CalcGr00,Grant Calcaterra,TE,PHI,00-0037086,0.0,0,True,False,weekly_roster_name_position_team,,no_actual_weekly_record;actual_score_created_from_missing_record,Info,
2023,17,WoerCh00,Charlie Woerner,TE,ATL,00-0036429,0.0,0,True,False,master_name_position,,no_actual_weekly_record;actual_score_created_from_missing_record,Info,
2023,17,BrowAJ00,A.J. Brown,WR,NE,00-0035676,9.3,1,False,True,master_name_position,,crosswalk_fields_disagree,Warning,crosswalk_fields_disagree
2023,17,DiggSt00,Stefon Diggs,WR,WAS,00-0031588,7.1,1,False,True,master_name_position,,crosswalk_fields_disagree,Warning,crosswalk_fields_disagree
2023,17,RiceRa01,Rashee Rice,WR,KC,00-0039067,17.7,1,False,True,weekly_stats_name_position_team,,crosswalk_fields_disagree,Warning,crosswalk_fields_disagree
2023,17,SamuDe00,Deebo Samuel Sr.,WR,SF,00-0035719,18.2,1,False,True,weekly_stats_name_position_team,,crosswalk_fields_disagree,Warning,crosswalk_fields_disagree
2023,17,OlavCh00,Chris Olave,WR,NO,00-0037239,5.6,1,False,True,weekly_stats_name_position_team,,crosswalk_fields_disagree,Warning,crosswalk_fields_disagree
2023,17,GodwCh00,Chris Godwin Jr.,WR,TB,00-0033921,17.1,1,False,True,weekly_stats_name_position_team,,crosswalk_fields_disagree,Warning,crosswalk_fields_disagree
2023,17,SmitDe04,DeVonta Smith,WR,PHI,00-0036912,6.0,1,False,True,weekly_stats_name_position_team,,crosswalk_fields_disagree,Warning,crosswalk_fields_disagree
2023,17,JohnQu01,Quentin Johnston,WR,LAC,00-0038544,5.9,1,False,True,weekly_stats_name_position_team,,crosswalk_fields_disagree,Warning,crosswalk_fields_disagree
2023,17,SmitJa02,Jaxon Smith-Njigba,WR,SEA,00-0038543,8.2,1,False,True,weekly_stats_name_position_team,,crosswalk_fields_disagree,Warning,crosswalk_fields_disagree
2023,17,DougDe00,DeMario Douglas,WR,NE,00-0038621,7.3,1,False,True,weekly_stats_name_position_team,,crosswalk_fields_disagree,Warning,crosswalk_fields_disagree
2023,17,MeltBo00,Bo Melton,WR,GB,00-0037091,22.5,1,False,False,weekly_stats_name_position_team,,crosswalk_fields_disagree,Info,crosswalk_fields_disagree
2023,17,SlayDa00,Darius Slayton,WR,NYG,00-0035535,20.6,1,False,False,weekly_stats_name_position_team,,crosswalk_fields_disagree,Info,crosswalk_fields_disagree
2023,17,DoubRo00,Romeo Doubs,WR,NE,00-0037816,5.8,1,False,True,master_name_position,,crosswalk_fields_disagree,Warning,crosswalk_fields_disagree
2023,17,JohnBr03,Brandon Johnson,WR,PIT,,,0,False,False,unmatched,,no_unique_gsis_id;no_actual_weekly_record;actual_score_created_from_missing_record,Info,
2023,17,WillJa09,Jameson Williams,WR,DET,00-0037240,9.5,1,False,False,weekly_stats_name_position_team,,crosswalk_fields_disagree,Info,crosswalk_fields_disagree
2023,17,OsboKJ00,K.J. Osborn,WR,TEN,00-0036345,0.0,0,True,False,master_name_position,,no_actual_weekly_record;actual_score_created_from_missing_record,Info,
2023,17,PalmTr00,Trey Palmer,WR,NO,00-0039052,16.4,1,False,False,master_name_position,,crosswalk_fields_disagree,Info,crosswalk_fields_disagree
2023,17,DaviDe01,Derius Davis,WR,LAC,00-0038573,0.2,1,False,False,weekly_stats_name_position_team,,crosswalk_fields_disagree,Info,crosswalk_fields_disagree
2023,17,ThorTy00,Tyquan Thornton,WR,KC,00-0038104,5.4,1,False,False,master_name_position,,crosswalk_fields_disagree,Info,crosswalk_fields_disagree
2023,17,MoorCh00,Chris Moore,WR,BAL,00-0032398,4.2,1,False,False,master_name_position,,crosswalk_fields_disagree,Info,crosswalk_fields_disagree
2023,17,JoneVe00,Velus Jones Jr,RB,SEA,00-0037745,0.2,1,False,False,manual_override,Top-player gate override because the historical FBG row labels Velus Jones Jr as RB with stale teams while the weekly records identify GSIS 00-0037745 and the master position is WR,crosswalk_fields_disagree;master_position_conflict,Info,crosswalk_fields_disagree;manual_override_applied;master_position_conflict
2023,17,IosiAn00,Andrei Iosivas,WR,CIN,00-0038619,0.0,0,True,False,weekly_roster_name_position_team,,no_actual_weekly_record;actual_score_created_from_missing_record,Info,
2023,17,HodgKh00,KhaDarel Hodge,WR,SF,00-0034854,0.0,1,False,False,master_name_position,,crosswalk_fields_disagree,Info,crosswalk_fields_disagree
2023,17,AtweTu00,Tutu Atwell,WR,LA,00-0036849,0.0,0,True,False,weekly_roster_name_position_team,,crosswalk_fields_disagree;no_actual_weekly_record;actual_score_created_from_missing_record,Info,crosswalk_fields_disagree
2023,17,MillSc01,Scotty Miller,WR,CHI,00-0035298,0.0,0,True,False,pfr_crosswalk_verified,,master_name_conflict;no_actual_weekly_record;actual_score_created_from_missing_record,Info,master_name_conflict
2023,17,MoorDa01,David Moore,WR,CAR,00-0033589,0.0,1,False,False,master_name_position,,crosswalk_fields_disagree,Info,crosswalk_fields_disagree
2023,17,BrowDy00,Dyami Brown,WR,WAS,00-0036626,0.0,0,True,False,weekly_roster_name_position_team,,no_actual_weekly_record;actual_score_created_from_missing_record,Info,
2023,17,ZaccOl00,Olamide Zaccheaus,WR,ATL,00-0035208,0.0,0,True,False,master_name_position,,no_actual_weekly_record;actual_score_created_from_missing_record,Info,
2023,17,ThomDe04,Deven Thompkins,WR,LV,00-0037487,1.0,1,False,False,master_name_position,,crosswalk_fields_disagree,Info,crosswalk_fields_disagree
2023,17,HollMa00,Mack Hollins,WR,NE,00-0033555,0.0,1,False,False,master_name_position,,crosswalk_fields_disagree,Info,crosswalk_fields_disagree
2023,17,CoveBr00,Britain Covey,WR,PHI,00-0037132,0.0,0,True,False,weekly_roster_name_position_team,,no_actual_weekly_record;actual_score_created_from_missing_record,Info,
2023,17,WinsJa00,Jameis Winston,QB,NYG,00-0031503,0.0,0,True,True,master_name_position,,no_actual_weekly_record;actual_score_created_from_missing_record,Warning,
2023,17,PrenAd00,Adam Prentice,RB,DEN,00-0036727,0.0,0,True,False,pfr_crosswalk_verified,,no_actual_weekly_record;actual_score_created_from_missing_record,Info,gsis_id_not_in_master
2023,17,ReynCr00,Craig Reynolds,RB,WAS,00-0035567,0.0,0,True,False,master_name_position,,crosswalk_fields_disagree;no_actual_weekly_record;actual_score_created_from_missing_record,Info,crosswalk_fields_disagree
2023,17,HomeTr00,Travis Homer,RB,PIT,00-0035594,0.0,0,True,False,master_name_position,,no_actual_weekly_record;actual_score_created_from_missing_record,Info,
2023,17,GillRe00,Reggie Gilliam,RB,NE,00-0036187,0.0,1,False,False,master_name_position,,crosswalk_fields_disagree,Info,crosswalk_fields_disagree
2023,17,MontD.00,D.J. Montgomery,WR,IND,00-0035045,0.0,0,True,False,weekly_roster_name_position_team,,no_actual_weekly_record;actual_score_created_from_missing_record,Info,
2023,17,TreaLa00,Laquon Treadwell,WR,IND,00-0032951,0.0,0,True,False,master_name_position,,no_actual_weekly_record;actual_score_created_from_missing_record,Info,
2023,17,RussBr00,Brady Russell,RB,SEA,00-0038488,0.0,0,True,False,master_name_position,,no_actual_weekly_record;actual_score_created_from_missing_record,Info,
2023,17,ManhCh00,Chris Manhertz,TE,NYG,00-0031484,0.0,0,True,False,master_name_position,,no_actual_weekly_record;actual_score_created_from_missing_record,Info,
2023,17,JackLu00,Lucky Jackson,WR,DET,00-0038181,0.0,0,True,False,master_name_position,,crosswalk_fields_disagree;no_actual_weekly_record;actual_score_created_from_missing_record,Info,crosswalk_fields_disagree
2023,17,MorrQu00,Quintin Morris,TE,JAX,00-0036590,0.0,0,True,False,master_name_position,,no_actual_weekly_record;actual_score_created_from_missing_record,Info,
2023,17,CharIr00,Irv Charles,WR,SEA,,,0,False,False,unmatched,,no_unique_gsis_id;crosswalk_fields_disagree;no_actual_weekly_record;actual_score_created_from_missing_record,Info,crosswalk_fields_disagree
2023,17,AdkiNa00,Nate Adkins,TE,DEN,00-0038783,0.0,0,True,False,weekly_roster_name_position_team,,no_actual_weekly_record;actual_score_created_from_missing_record,Info,
2023,17,WillBr04,Brayden Willis,TE,SF,00-0038643,0.0,0,True,False,weekly_roster_name_position_team,,crosswalk_fields_disagree;no_actual_weekly_record;actual_score_created_from_missing_record,Info,crosswalk_fields_disagree
2023,17,YounDa02,Dareke Young,WR,LV,00-0037093,0.0,0,True,False,master_name_position,,no_actual_weekly_record;actual_score_created_from_missing_record,Info,
2023,17,MuseNi00,Nick Muse,TE,ATL,00-0037317,0.0,0,True,False,master_name_position,,crosswalk_fields_disagree;no_actual_weekly_record;actual_score_created_from_missing_record,Info,crosswalk_fields_disagree
2023,17,TuckSe00,Sean Tucker,RB,TB,00-0038951,0.0,0,True,False,weekly_roster_name_position_team,,crosswalk_fields_disagree;no_actual_weekly_record;actual_score_created_from_missing_record,Info,crosswalk_fields_disagree
2023,17,JoneCh00,Charlie Jones,WR,NYG,,,0,False,False,unmatched,,no_unique_gsis_id;no_actual_weekly_record;actual_score_created_from_missing_record,Info,
2023,17,VannNi00,Nick Vannett,TE,BAL,00-0032394,0.0,0,True,False,master_name_position,,crosswalk_fields_disagree;master_team_context_differs;no_actual_weekly_record;actual_score_created_from_missing_record,Info,crosswalk_fields_disagree;master_team_context_differs
2023,17,MartTa00,Tay Martin,WR,DET,00-0037524,0.0,0,True,False,master_name_position,,no_actual_weekly_record;actual_score_created_from_missing_record,Info,
2023,17,BrooJa02,Jalen Brooks,WR,ARI,00-0038640,0.0,0,True,False,master_name_position,,no_actual_weekly_record;actual_score_created_from_missing_record,Info,
2023,17,HenrHu00,Hunter Henry,TE,NE,00-0033090,0.0,0,True,False,weekly_roster_name_position_team,,crosswalk_fields_disagree;no_actual_weekly_record;actual_score_created_from_missing_record,Info,crosswalk_fields_disagree
2023,17,MusgLu00,Luke Musgrave,TE,GB,00-0039144,0.0,0,True,False,weekly_roster_name_position_team,,crosswalk_fields_disagree;no_actual_weekly_record;actual_score_created_from_missing_record,Info,crosswalk_fields_disagree
2023,17,WhylJo00,Josh Whyle,TE,GB,00-0038589,0.0,0,True,False,master_name_position,,no_actual_weekly_record;actual_score_created_from_missing_record,Info,
2023,17,WickDo00,Dontayvion Wicks,WR,PHI,00-0038393,0.0,0,True,False,master_name_position,,no_actual_weekly_record;actual_score_created_from_missing_record,Info,
2023,17,BoutKa00,Kayshon Boutte,WR,HOU,00-0038608,0.0,0,True,False,master_name_position,,crosswalk_fields_disagree;no_actual_weekly_record;actual_score_created_from_missing_record,Info,crosswalk_fields_disagree
2023,17,DowdDa00,Rico Dowdle,RB,PIT,00-0036139,0.0,0,True,False,master_name_position,,no_actual_weekly_record;actual_score_created_from_missing_record,Info,
2023,17,MimsMa00,Marvin Mims Jr.,WR,DEN,00-0038976,0.0,0,True,False,weekly_roster_name_position_team,,no_actual_weekly_record;actual_score_created_from_missing_record,Info,
2023,17,BrisJa00,Jacoby Brissett,QB,ARI,00-0033119,0.0,0,True,True,master_name_position,,no_actual_weekly_record;actual_score_created_from_missing_record,Warning,
2024,1,AlleJo01,Josh Allen,QB,BUF,00-0034857,31.18,1,False,True,weekly_stats_name_position_team,,crosswalk_fields_disagree,Warning,crosswalk_fields_disagree
2024,1,MahoPa00,Patrick Mahomes II,QB,KC,00-0033873,15.14,1,False,True,weekly_stats_name_position_team,,crosswalk_fields_disagree,Warning,crosswalk_fields_disagree
2024,1,MayfBa00,Baker Mayfield,QB,TB,00-0034855,29.66,1,False,True,weekly_stats_name_position_team,,crosswalk_fields_disagree,Warning,crosswalk_fields_disagree
2024,1,FielJu00,Justin Fields,QB,KC,00-0036945,11.94,1,False,True,master_name_position,,crosswalk_fields_disagree,Warning,crosswalk_fields_disagree
2024,1,GibbJa00,Jahmyr Gibbs,RB,DET,00-0039139,17.4,1,False,True,weekly_stats_name_position_team,,crosswalk_fields_disagree,Warning,crosswalk_fields_disagree
2024,1,EtieTr00,Travis Etienne Jr.,RB,NO,00-0036973,11.9,1,False,True,master_name_position,,crosswalk_fields_disagree,Warning,crosswalk_fields_disagree
2024,1,KamaAl00,Alvin Kamara,RB,NO,00-0033906,22.0,1,False,True,weekly_stats_name_position_team,,crosswalk_fields_disagree,Warning,crosswalk_fields_disagree
2024,1,WalkKe01,Ken Walker III,RB,KC,00-0038134,18.9,1,False,True,manual_override,FBG uses Ken Walker and a stale KC team in the historical export,master_name_conflict,Warning,manual_override_applied;master_name_conflict
2024,1,HarrNa00,Najee Harris,RB,NYG,00-0036893,8.9,1,False,True,master_name_position,,crosswalk_fields_disagree,Warning,crosswalk_fields_disagree
2024,1,StevRh00,Rhamondre Stevenson,RB,NE,00-0036875,21.6,1,False,True,weekly_stats_name_position_team,,crosswalk_fields_disagree,Warning,crosswalk_fields_disagree
2024,1,McLaJa00,Jaleel McLaughlin,RB,CLE,00-0038794,5.8,1,False,True,master_name_position,,crosswalk_fields_disagree,Warning,crosswalk_fields_disagree
2024,1,IrviBu00,Bucky Irving,RB,TB,00-0039361,9.6,1,False,True,weekly_stats_name_position_team,,crosswalk_fields_disagree,Warning,crosswalk_fields_disagree
2024,1,AlleBr01,Braelon Allen,RB,NYJ,00-0039794,2.7,1,False,False,weekly_stats_name_position_team,,crosswalk_fields_disagree,Info,crosswalk_fields_disagree
2024,1,StroPi00,Pierre Strong Jr,RB,GB,00-0038098,5.0,1,False,False,master_name_position,,crosswalk_fields_disagree,Info,crosswalk_fields_disagree
2024,1,GainKe00,Kenny Gainwell,RB,TB,00-0036919,2.2,1,False,False,master_name_position,,crosswalk_fields_disagree,Info,crosswalk_fields_disagree
2024,1,SermTr00,Trey Sermon,RB,ATL,00-0036984,0.0,0,True,False,master_name_position,,crosswalk_fields_disagree;no_actual_weekly_record;actual_score_created_from_missing_record,Info,crosswalk_fields_disagree
2024,1,JohnTy00,Ty Johnson,RB,BUF,00-0035537,0.7,1,False,False,weekly_stats_name_position_team,,crosswalk_fields_disagree,Info,crosswalk_fields_disagree
2024,1,DemeEm00,Emari Demercado,RB,DAL,00-0038705,4.6,1,False,False,master_name_position,,crosswalk_fields_disagree,Info,crosswalk_fields_disagree
2024,1,LaubDy00,Dylan Laube,RB,LV,00-0039407,0.0,0,True,False,weekly_roster_name_position_team,,no_actual_weekly_record;actual_score_created_from_missing_record,Info,
2024,1,WrigJa04,Jaylen Wright,RB,MIA,00-0039874,0.0,0,True,False,weekly_roster_name_position_team,,no_actual_weekly_record;actual_score_created_from_missing_record,Info,
2024,1,JohnRo07,Roschon Johnson,RB,CHI,00-0039021,0.0,0,True,False,weekly_roster_name_position_team,,no_actual_weekly_record;actual_score_created_from_missing_record,Info,
2024,1,EstiAu00,Audric EstimC),RB,NO,00-0039373,1.4,1,False,False,master_name_position,,crosswalk_fields_disagree,Info,crosswalk_fields_disagree
2024,1,VidaKi00,Kimani Vidal,RB,LAC,00-0039391,0.0,0,True,False,weekly_roster_name_position_team,,no_actual_weekly_record;actual_score_created_from_missing_record,Info,
2024,1,TuckSe00,Sean Tucker,RB,TB,00-0038951,0.0,1,False,False,weekly_stats_name_position_team,,crosswalk_fields_disagree,Info,crosswalk_fields_disagree
2024,1,DaviIs00,Isaiah Davis,RB,NYJ,00-0039798,0.0,0,True,False,weekly_roster_name_position_team,,no_actual_weekly_record;actual_score_created_from_missing_record,Info,
2024,1,IngoAl00,Alec Ingold,RB,LAC,00-0035125,0.0,0,True,False,manual_override,Top-player gate override because the historical FBG row uses a stale LAC team while the weekly roster identifies Alec Ingold as RB 00-0035125 for MIA,no_actual_weekly_record;actual_score_created_from_missing_record,Info,manual_override_applied;gsis_id_not_in_master
2024,1,JuszKy00,Kyle Juszczyk,RB,SF,00-0029892,0.0,0,True,False,weekly_roster_name_position_team,,no_actual_weekly_record;actual_score_created_from_missing_record,Info,gsis_id_not_in_master
2024,1,RicaPa00,Patrick Ricard,RB,NYG,00-0033376,0.0,0,True,False,master_name_position,,no_actual_weekly_record;actual_score_created_from_missing_record,Info,
2024,1,OgunDa00,Dare Ogunbowale,RB,LV,00-0033854,1.3,1,False,False,master_name_position,,crosswalk_fields_disagree,Info,crosswalk_fields_disagree
2024,1,ReynCr00,Craig Reynolds,RB,WAS,00-0035567,0.0,0,True,False,master_name_position,,crosswalk_fields_disagree;no_actual_weekly_record;actual_score_created_from_missing_record,Info,crosswalk_fields_disagree
2024,1,PrenAd00,Adam Prentice,RB,DEN,00-0036727,0.0,0,True,False,pfr_crosswalk_verified,,no_actual_weekly_record;actual_score_created_from_missing_record,Info,gsis_id_not_in_master
2024,1,KelcTr00,Travis Kelce,TE,KC,00-0030506,6.4,1,False,True,weekly_stats_name_position_team,,crosswalk_fields_disagree,Warning,crosswalk_fields_disagree
2024,1,HenrHu00,Hunter Henry,TE,NE,00-0033090,3.8,1,False,True,weekly_stats_name_position_team,,crosswalk_fields_disagree,Warning,crosswalk_fields_disagree
2024,1,OttoCa00,Cade Otton,TE,TB,00-0038129,1.5,1,False,True,weekly_stats_name_position_team,,crosswalk_fields_disagree,Warning,crosswalk_fields_disagree
2024,1,FantNo00,Noah Fant,TE,NO,00-0035644,3.1,1,False,True,master_name_position,,crosswalk_fields_disagree,Warning,crosswalk_fields_disagree
2024,1,OkonCh00,Chig Okonkwo,TE,WAS,00-0037809,9.5,1,False,True,master_name_position,,crosswalk_fields_disagree,Warning,crosswalk_fields_disagree
2024,1,MusgLu00,Luke Musgrave,TE,GB,00-0039144,0.0,1,False,True,weekly_stats_name_position_team,,crosswalk_fields_disagree,Warning,crosswalk_fields_disagree
2024,1,ParkCo00,Colby Parkinson,TE,LA,00-0036244,8.7,1,False,True,weekly_stats_name_position_team,,crosswalk_fields_disagree,Warning,crosswalk_fields_disagree
2024,1,SandJa00,Ja'Tavion Sanders,TE,CAR,00-0039356,1.4,1,False,True,weekly_stats_name_position_team,,crosswalk_fields_disagree,Warning,crosswalk_fields_disagree
2024,1,KrafTu00,Tucker Kraft,TE,GB,00-0038996,5.7,1,False,True,weekly_stats_name_position_team,,crosswalk_fields_disagree,Warning,crosswalk_fields_disagree
2024,1,SinnBe00,Ben Sinnott,TE,WAS,00-0039912,0.0,0,True,False,weekly_roster_name_position_team,,no_actual_weekly_record;actual_score_created_from_missing_record,Info,
2024,1,GrayNo00,Noah Gray,TE,KC,00-0036637,6.7,1,False,False,weekly_stats_name_position_team,,crosswalk_fields_disagree,Info,crosswalk_fields_disagree
2024,1,WhylJo00,Josh Whyle,TE,GB,00-0038589,0.0,0,True,False,master_name_position,,no_actual_weekly_record;actual_score_created_from_missing_record,Info,
2024,1,AlleDa01,Davis Allen,TE,LA,00-0039074,0.0,1,False,False,weekly_stats_name_position_team,,crosswalk_fields_disagree,Info,crosswalk_fields_disagree
2024,1,RuckJe00,Jeremy Ruckert,TE,NYJ,00-0037805,0.0,0,True,False,weekly_roster_name_position_team,,no_actual_weekly_record;actual_score_created_from_missing_record,Info,
2024,1,AllxEr00,Erick All Jr.,TE,CIN,00-0039814,0.0,0,True,False,weekly_roster_name_position_team,,no_actual_weekly_record;actual_score_created_from_missing_record,Info,
2024,1,SampDr00,Drew Sample,TE,CIN,00-0035631,0.0,0,True,False,weekly_roster_name_position_team,,no_actual_weekly_record;actual_score_created_from_missing_record,Info,
2024,1,BrowPh00,Pharaoh Brown,TE,IND,00-0033439,0.0,0,True,False,master_name_position,,crosswalk_fields_disagree;no_actual_weekly_record;actual_score_created_from_missing_record,Info,crosswalk_fields_disagree
2024,1,WrigBr00,Brock Wright,TE,DET,00-0036754,1.2,1,False,False,weekly_stats_name_position_team,,crosswalk_fields_disagree,Info,crosswalk_fields_disagree
2024,1,HeywCo00,Connor Heyward,TE,LV,00-0037304,0.0,0,True,False,manual_override,Top-player gate override because the historical FBG row uses a stale LV team while the weekly roster identifies Connor Heyward as TE 00-0037304 for PIT,no_actual_weekly_record;actual_score_created_from_missing_record,Info,manual_override_applied;gsis_id_not_in_master
2024,1,DurhPa00,Payne Durham,TE,TB,00-0039050,0.0,0,True,False,weekly_roster_name_position_team,,crosswalk_fields_disagree;no_actual_weekly_record;actual_score_created_from_missing_record,Info,crosswalk_fields_disagree
2024,1,OgleAn00,Drew Ogletree,TE,IND,00-0037292,0.0,0,True,False,pfr_crosswalk_verified,,master_name_conflict;no_actual_weekly_record;actual_score_created_from_missing_record,Info,master_name_conflict
2024,1,SmarSt00,Stone Smartt,TE,NO,00-0037475,0.0,0,True,False,master_name_position,,crosswalk_fields_disagree;no_actual_weekly_record;actual_score_created_from_missing_record,Info,crosswalk_fields_disagree
2024,1,KrulLu00,Lucas Krull,TE,DEN,00-0037539,0.0,0,True,False,weekly_roster_name_position_team,,no_actual_weekly_record;actual_score_created_from_missing_record,Info,
2024,1,SchoLu00,Luke Schoonmaker,TE,DAL,00-0038547,0.0,0,True,False,weekly_roster_name_position_team,,no_actual_weekly_record;actual_score_created_from_missing_record,Info,
2024,1,KiefKo00,Ko Kieft,TE,TB,00-0037311,0.0,0,True,False,weekly_roster_name_position_team,,crosswalk_fields_disagree;no_actual_weekly_record;actual_score_created_from_missing_record,Info,crosswalk_fields_disagree
2024,1,StovCa00,Cade Stover,TE,HOU,00-0039359,0.0,0,True,False,weekly_roster_name_position_team,,no_actual_weekly_record;actual_score_created_from_missing_record,Info,
2024,1,ReimTi00,Tip Reiman,TE,ARI,00-0039737,0.0,0,True,False,weekly_roster_name_position_team,,no_actual_weekly_record;actual_score_created_from_missing_record,Info,
2024,1,HillJu01,Julian Hill,TE,NE,00-0038720,1.6,1,False,False,master_name_position,,crosswalk_fields_disagree,Info,crosswalk_fields_disagree
2024,1,KolaCh00,Charlie Kolar,TE,LAC,00-0038046,0.0,0,True,False,master_name_position,,no_actual_weekly_record;actual_score_created_from_missing_record,Info,
2024,1,LongHu00,Hunter Long,TE,ARI,00-0037004,0.0,0,True,False,master_name_position,,crosswalk_fields_disagree;no_actual_weekly_record;actual_score_created_from_missing_record,Info,crosswalk_fields_disagree
2024,1,WileJa00,Jared Wiley,TE,KC,00-0039824,0.0,0,True,False,weekly_roster_name_position_team,,crosswalk_fields_disagree;no_actual_weekly_record;actual_score_created_from_missing_record,Info,crosswalk_fields_disagree
2024,1,BrowAJ00,A.J. Brown,WR,NE,00-0035676,22.9,1,False,True,master_name_position,,crosswalk_fields_disagree,Warning,crosswalk_fields_disagree
2024,1,OlavCh00,Chris Olave,WR,NO,00-0037239,3.1,1,False,True,weekly_stats_name_position_team,,crosswalk_fields_disagree,Warning,crosswalk_fields_disagree
2024,1,HarrMa05,Marvin Harrison Jr.,WR,ARI,00-0039849,1.4,1,False,True,weekly_stats_name_position_team,,crosswalk_fields_disagree,Warning,crosswalk_fields_disagree
2024,1,RiceRa01,Rashee Rice,WR,KC,00-0039067,17.3,1,False,True,weekly_stats_name_position_team,,crosswalk_fields_disagree,Warning,crosswalk_fields_disagree
2024,1,SamuDe00,Deebo Samuel Sr.,WR,SF,00-0035719,18.7,1,False,True,weekly_stats_name_position_team,,crosswalk_fields_disagree,Warning,crosswalk_fields_disagree
2024,1,SmitDe04,DeVonta Smith,WR,PHI,00-0036912,15.4,1,False,True,weekly_stats_name_position_team,,crosswalk_fields_disagree,Warning,crosswalk_fields_disagree
2024,1,DiggSt00,Stefon Diggs,WR,WAS,00-0031588,21.9,1,False,True,master_name_position,,crosswalk_fields_disagree,Warning,crosswalk_fields_disagree
2024,1,GodwCh00,Chris Godwin Jr.,WR,TB,00-0033921,22.3,1,False,True,weekly_stats_name_position_team,,crosswalk_fields_disagree,Warning,crosswalk_fields_disagree
2024,1,KirkCh00,Christian Kirk,WR,SF,00-0034775,4.0,1,False,True,master_name_position,,crosswalk_fields_disagree,Warning,crosswalk_fields_disagree
2024,1,SmitJa02,Jaxon Smith-Njigba,WR,SEA,00-0038543,3.9,1,False,True,weekly_stats_name_position_team,,crosswalk_fields_disagree,Warning,crosswalk_fields_disagree
2024,1,ThomBr01,Brian Thomas Jr.,WR,JAX,00-0039893,14.7,1,False,True,weekly_stats_name_position_team,,crosswalk_fields_disagree,Warning,crosswalk_fields_disagree
2024,1,PalmJo01,Joshua Palmer,WR,BUF,00-0036988,3.5,1,False,True,master_name_position,,master_name_conflict,Warning,master_name_conflict
2024,1,WortXa00,Xavier Worthy,WR,KC,00-0039894,20.8,1,False,True,weekly_stats_name_position_team,,crosswalk_fields_disagree,Warning,crosswalk_fields_disagree
2024,1,AlleKe00,Keenan Allen,WR,IND,00-0030279,6.9,1,False,True,master_name_position,,crosswalk_fields_disagree,Warning,crosswalk_fields_disagree
2024,1,WatsCh00,Christian Watson,WR,GB,00-0038124,10.3,1,False,False,weekly_stats_name_position_team,,crosswalk_fields_disagree,Info,crosswalk_fields_disagree
2024,1,WillJa09,Jameson Williams,WR,DET,00-0037240,24.4,1,False,False,weekly_stats_name_position_team,,crosswalk_fields_disagree,Info,crosswalk_fields_disagree
2024,1,DougDe00,DeMario Douglas,WR,NE,00-0038621,3.2,1,False,False,weekly_stats_name_position_team,,crosswalk_fields_disagree,Info,crosswalk_fields_disagree
2024,1,DoubRo00,Romeo Doubs,WR,NE,00-0037816,9.0,1,False,False,master_name_position,,crosswalk_fields_disagree,Info,crosswalk_fields_disagree
2024,1,SlayDa00,Darius Slayton,WR,NYG,00-0035535,5.6,1,False,False,weekly_stats_name_position_team,,crosswalk_fields_disagree,Info,crosswalk_fields_disagree
2024,1,McMiJa00,Jalen McMillan,WR,TB,00-0039855,10.2,1,False,False,weekly_stats_name_position_team,,crosswalk_fields_disagree,Info,crosswalk_fields_disagree
2024,1,JohnQu01,Quentin Johnston,WR,LAC,00-0038544,6.8,1,False,False,weekly_stats_name_position_team,,crosswalk_fields_disagree,Info,crosswalk_fields_disagree
2024,1,BrowDy00,Dyami Brown,WR,WAS,00-0036626,0.0,0,True,False,weekly_roster_name_position_team,,no_actual_weekly_record;actual_score_created_from_missing_record,Info,
2024,1,McClRa00,Ray-Ray McCloud III,WR,CHI,00-0034407,9.2,1,False,False,master_name_position,,crosswalk_fields_disagree,Info,crosswalk_fields_disagree
2024,1,PalmTr00,Trey Palmer,WR,NO,00-0039052,2.9,1,False,False,master_name_position,,crosswalk_fields_disagree,Info,crosswalk_fields_disagree
2024,1,CorlMa00,Malachi Corley,WR,CLE,00-0039920,0.0,0,True,False,master_name_position,,no_actual_weekly_record;actual_score_created_from_missing_record,Info,
2024,1,AtweTu00,Tutu Atwell,WR,LA,00-0036849,0.0,0,True,False,weekly_roster_name_position_team,,crosswalk_fields_disagree;no_actual_weekly_record;actual_score_created_from_missing_record,Info,crosswalk_fields_disagree
2024,1,JoneVe00,Velus Jones Jr,RB,SEA,00-0037745,2.9,1,False,False,manual_override,Top-player gate override because the historical FBG row labels Velus Jones Jr as RB with stale teams while the weekly records identify GSIS 00-0037745 and the master position is WR,crosswalk_fields_disagree;master_position_conflict,Info,crosswalk_fields_disagree;manual_override_applied;master_position_conflict
2024,1,HollMa00,Mack Hollins,WR,NE,00-0033555,10.5,1,False,False,master_name_position,,crosswalk_fields_disagree,Info,crosswalk_fields_disagree
2024,1,ThorTy00,Tyquan Thornton,WR,KC,00-0038104,4.7,1,False,False,master_name_position,,crosswalk_fields_disagree,Info,crosswalk_fields_disagree
2024,1,BoboJa00,Jake Bobo,WR,SEA,00-0038752,0.0,0,True,False,weekly_roster_name_position_team,,no_actual_weekly_record;actual_score_created_from_missing_record,Info,
2024,1,MetcJo00,John Metchie III,WR,CAR,00-0037614,0.0,0,True,False,master_name_position,,no_actual_weekly_record;actual_score_created_from_missing_record,Info,
2024,1,DaviDe01,Derius Davis,WR,LAC,00-0038573,0.9,1,False,False,weekly_stats_name_position_team,,crosswalk_fields_disagree,Info,crosswalk_fields_disagree
2024,1,HodgKh00,KhaDarel Hodge,WR,SF,00-0034854,0.0,1,False,False,master_name_position,,crosswalk_fields_disagree,Info,crosswalk_fields_disagree
2024,1,MeltBo00,Bo Melton,WR,GB,00-0037091,0.0,1,False,False,weekly_stats_name_position_team,,crosswalk_fields_disagree,Info,crosswalk_fields_disagree
2024,1,FranTr00,Troy Franklin,WR,DEN,00-0039868,0.0,0,True,False,weekly_roster_name_position_team,,no_actual_weekly_record;actual_score_created_from_missing_record,Info,
2024,1,WallTy00,Tylan Wallace,WR,CLE,00-0036630,0.0,0,True,False,master_name_position,,no_actual_weekly_record;actual_score_created_from_missing_record,Info,
2024,1,JoneCh00,Charlie Jones,WR,NYG,,,0,False,False,unmatched,,no_unique_gsis_id;no_actual_weekly_record;actual_score_created_from_missing_record,Info,
2024,1,GoodTy00,Tyler Goodson,RB,ATL,00-0037120,0.0,0,True,False,master_name_position,,no_actual_weekly_record;actual_score_created_from_missing_record,Info,
2024,1,HaskHa00,Hassan Haskins,RB,NE,00-0037617,0.0,0,True,False,master_name_position,,crosswalk_fields_disagree;no_actual_weekly_record;actual_score_created_from_missing_record,Info,crosswalk_fields_disagree
2024,1,AlixRa00,Rasheen Ali,RB,BAL,00-0039796,0.0,0,True,False,weekly_roster_name_position_team,,no_actual_weekly_record;actual_score_created_from_missing_record,Info,
2024,1,AbanIs00,Israel Abanikanda,RB,DAL,00-0038389,0.0,0,True,False,master_name_position,,no_actual_weekly_record;actual_score_created_from_missing_record,Info,
2024,1,DallDe00,DeeJay Dallas,RB,MIN,00-0036425,6.0,1,False,False,master_name_position,,crosswalk_fields_disagree;master_team_context_differs,Info,crosswalk_fields_disagree;master_team_context_differs
2024,1,BurtMi00,Michael Burton,RB,CLE,00-0031595,0.0,0,True,False,pfr_crosswalk_verified,,no_actual_weekly_record;actual_score_created_from_missing_record,Info,gsis_id_not_in_master
2024,1,GillRe00,Reggie Gilliam,RB,NE,00-0036187,0.0,0,True,False,master_name_position,,crosswalk_fields_disagree;no_actual_weekly_record;actual_score_created_from_missing_record,Info,crosswalk_fields_disagree
2024,1,MuseNi00,Nick Muse,TE,ATL,00-0037317,0.0,0,True,False,master_name_position,,crosswalk_fields_disagree;no_actual_weekly_record;actual_score_created_from_missing_record,Info,crosswalk_fields_disagree
2024,1,BarnAJ00,AJ Barner,TE,SEA,00-0039793,0.0,0,True,False,weekly_roster_name_position_team,,no_actual_weekly_record;actual_score_created_from_missing_record,Info,
2024,1,SpanBr00,Brevyn Spann-Ford,TE,DAL,00-0039530,0.0,0,True,False,weekly_roster_name_position_team,,no_actual_weekly_record;actual_score_created_from_missing_record,Info,
2024,1,StraBr00,Brenton Strange,TE,JAX,00-0038935,0.0,0,True,False,weekly_roster_name_position_team,,no_actual_weekly_record;actual_score_created_from_missing_record,Info,
2024,1,TongJa00,Jake Tonges,TE,SF,00-0037112,0.0,0,True,False,weekly_roster_name_position_team,,no_actual_weekly_record;actual_score_created_from_missing_record,Info,
2024,1,ManhCh00,Chris Manhertz,TE,NYG,00-0031484,0.0,0,True,False,weekly_roster_name_position_team,,no_actual_weekly_record;actual_score_created_from_missing_record,Info,
2024,1,BeckAn00,Andrew Beck,RB,NYJ,00-0034959,0.0,0,True,False,manual_override,FBG position and team differ from the weekly roster record,no_actual_weekly_record;actual_score_created_from_missing_record,Info,manual_override_applied;gsis_id_not_in_master
2024,1,SimsBe00,Ben Sims,TE,MIA,00-0038809,0.0,0,True,False,master_name_position,,no_actual_weekly_record;actual_score_created_from_missing_record,Info,
2024,1,QuitTe00,Teagan Quitoriano,TE,ARI,00-0037277,0.0,0,True,False,master_name_position,,no_actual_weekly_record;actual_score_created_from_missing_record,Info,
2024,1,OkwuAl00,Albert Okwuegbunam Jr.,TE,LV,00-0036423,0.0,0,True,False,master_name_position,,no_actual_weekly_record;actual_score_created_from_missing_record,Info,
2024,1,MoorSk00,Skyy Moore,WR,GB,00-0038090,0.0,0,True,False,master_name_position,,crosswalk_fields_disagree;no_actual_weekly_record;actual_score_created_from_missing_record,Info,crosswalk_fields_disagree
2024,1,FehoSi00,Simi Fehoko,WR,ARI,00-0036646,0.0,0,True,False,master_name_position,,no_actual_weekly_record;actual_score_created_from_missing_record,Info,
2024,1,MontD.00,D.J. Montgomery,WR,IND,00-0035045,0.0,0,True,False,weekly_roster_name_position_team,,no_actual_weekly_record;actual_score_created_from_missing_record,Info,
2024,1,SherTr00,Trent Sherfield,WR,BUF,00-0034487,0.0,0,True,False,master_name_position,,no_actual_weekly_record;actual_score_created_from_missing_record,Info,
2024,1,MoorCh00,Chris Moore,WR,BAL,00-0032398,0.0,0,True,False,master_name_position,,crosswalk_fields_disagree;no_actual_weekly_record;actual_score_created_from_missing_record,Info,crosswalk_fields_disagree
2024,1,FlouRy00,Ryan Flournoy,WR,DAL,00-0039410,0.0,0,True,False,weekly_roster_name_position_team,,no_actual_weekly_record;actual_score_created_from_missing_record,Info,
2024,1,ThraJa01,Jamari Thrash,WR,CLE,00-0039379,0.0,0,True,False,weekly_roster_name_position_team,,no_actual_weekly_record;actual_score_created_from_missing_record,Info,
2024,1,WiliIs00,Isaiah Williams,WR,NYJ,,,0,False,False,unmatched,,no_unique_gsis_id;no_actual_weekly_record;actual_score_created_from_missing_record,Info,
2024,1,SmitIh00,Ihmir Smith-Marsette,WR,ARI,00-0036635,0.0,0,True,False,master_name_position,,no_actual_weekly_record;actual_score_created_from_missing_record,Info,
2024,1,MoorDa01,David Moore,WR,CAR,00-0033589,2.4,1,False,False,weekly_stats_name_position_team,,crosswalk_fields_disagree,Info,crosswalk_fields_disagree
2024,1,CokeJa01,Jalen Coker,WR,CAR,00-0039491,0.0,0,True,False,weekly_roster_name_position_team,,no_actual_weekly_record;actual_score_created_from_missing_record,Info,
2024,1,WilsRo02,Roman Wilson,WR,PIT,00-0039739,0.0,0,True,False,weekly_roster_name_position_team,,no_actual_weekly_record;actual_score_created_from_missing_record,Info,
2024,1,ThomDe04,Deven Thompkins,WR,LV,00-0037487,0.0,0,True,False,master_name_position,,crosswalk_fields_disagree;no_actual_weekly_record;actual_score_created_from_missing_record,Info,crosswalk_fields_disagree
2024,1,VeleDe00,Devaughn Vele,WR,NO,00-0039424,11.9,1,False,False,master_name_position,,crosswalk_fields_disagree,Info,crosswalk_fields_disagree
2024,1,AdkiNa00,Nate Adkins,TE,DEN,00-0038783,0.0,0,True,False,weekly_roster_name_position_team,,no_actual_weekly_record;actual_score_created_from_missing_record,Info,
2024,1,CharIr00,Irv Charles,WR,SEA,,,0,False,False,unmatched,,no_unique_gsis_id;crosswalk_fields_disagree;no_actual_weekly_record;actual_score_created_from_missing_record,Info,crosswalk_fields_disagree
2024,1,BoutKa00,Kayshon Boutte,WR,HOU,00-0038608,0.0,0,True,False,master_name_position,,crosswalk_fields_disagree;no_actual_weekly_record;actual_score_created_from_missing_record,Info,crosswalk_fields_disagree
2024,1,OlszGu00,Gunner Olszewski,WR,NYG,00-0035645,0.0,0,True,False,weekly_roster_name_position_team,,no_actual_weekly_record;actual_score_created_from_missing_record,Info,
2024,1,MillSc01,Scotty Miller,WR,CHI,00-0035298,0.0,1,False,False,pfr_crosswalk_verified,,master_name_conflict,Info,master_name_conflict
2024,1,TiptMa00,Mason Tipton,WR,NO,00-0039623,1.6,1,False,False,weekly_stats_name_position_team,,crosswalk_fields_disagree,Info,crosswalk_fields_disagree
2024,1,BlaiCh00,Chris Blair,WR,ATL,00-0036463,0.0,0,True,False,weekly_roster_name_position_team,,no_actual_weekly_record;actual_score_created_from_missing_record,Info,
2024,1,YankCo00,Colson Yankoff,TE,WAS,00-0039686,0.0,0,True,False,master_name_position,,no_actual_weekly_record;actual_score_created_from_missing_record,Info,
2024,1,KennTo01,Tom Kennedy,WR,DET,00-0035544,0.0,0,True,False,weekly_roster_name_position_team,,no_actual_weekly_record;actual_score_created_from_missing_record,Info,
2024,1,JenkEJ00,E.J. Jenkins,TE,PHI,00-0038498,0.0,0,True,False,weekly_roster_name_position_team,,no_actual_weekly_record;actual_score_created_from_missing_record,Info,
2024,1,ThomJe05,Je'Quan Thomas,WR,MIA,,,0,False,False,unmatched,,no_unique_gsis_id;no_actual_weekly_record;actual_score_created_from_missing_record,Info,
2024,1,VannNi00,Nick Vannett,TE,BAL,00-0032394,3.1,1,False,False,master_name_position,,crosswalk_fields_disagree;master_team_context_differs,Info,crosswalk_fields_disagree;master_team_context_differs
2024,1,SkowBe00,Ben Skowronek,WR,PIT,00-0036862,0.0,0,True,False,weekly_roster_name_position_team,,no_actual_weekly_record;actual_score_created_from_missing_record,Info,
2024,2,MahoPa00,Patrick Mahomes II,QB,KC,00-0033873,12.94,1,False,True,weekly_stats_name_position_team,,crosswalk_fields_disagree,Warning,crosswalk_fields_disagree
2024,2,MayfBa00,Baker Mayfield,QB,TB,00-0034855,18.8,1,False,True,weekly_stats_name_position_team,,crosswalk_fields_disagree,Warning,crosswalk_fields_disagree
2024,2,AlleJo01,Josh Allen,QB,BUF,00-0034857,9.76,1,False,True,weekly_stats_name_position_team,,crosswalk_fields_disagree,Warning,crosswalk_fields_disagree
2024,2,FielJu00,Justin Fields,QB,KC,00-0036945,11.38,1,False,True,master_name_position,,crosswalk_fields_disagree,Warning,crosswalk_fields_disagree
2024,2,RiceRa01,Rashee Rice,WR,KC,00-0039067,18.5,1,False,True,weekly_stats_name_position_team,,crosswalk_fields_disagree,Warning,crosswalk_fields_disagree
2024,2,SamuDe00,Deebo Samuel Sr.,WR,SF,00-0035719,18.0,1,False,True,weekly_stats_name_position_team,,crosswalk_fields_disagree,Warning,crosswalk_fields_disagree
2024,2,GibbJa00,Jahmyr Gibbs,RB,DET,00-0039139,17.6,1,False,True,weekly_stats_name_position_team,,crosswalk_fields_disagree,Warning,crosswalk_fields_disagree
2024,2,GodwCh00,Chris Godwin Jr.,WR,TB,00-0033921,24.7,1,False,True,weekly_stats_name_position_team,,crosswalk_fields_disagree,Warning,crosswalk_fields_disagree
2024,2,SmitDe04,DeVonta Smith,WR,PHI,00-0036912,20.6,1,False,True,weekly_stats_name_position_team,,crosswalk_fields_disagree,Warning,crosswalk_fields_disagree
2024,2,StevRh00,Rhamondre Stevenson,RB,NE,00-0036875,17.0,1,False,True,weekly_stats_name_position_team,,crosswalk_fields_disagree,Warning,crosswalk_fields_disagree
2024,2,KamaAl00,Alvin Kamara,RB,NO,00-0033906,44.0,1,False,True,weekly_stats_name_position_team,,crosswalk_fields_disagree,Warning,crosswalk_fields_disagree
2024,2,DiggSt00,Stefon Diggs,WR,WAS,00-0031588,7.7,1,False,True,master_name_position,,crosswalk_fields_disagree,Warning,crosswalk_fields_disagree
2024,2,KelcTr00,Travis Kelce,TE,KC,00-0030506,1.6,1,False,True,weekly_stats_name_position_team,,crosswalk_fields_disagree,Warning,crosswalk_fields_disagree
2024,2,EtieTr00,Travis Etienne Jr.,RB,NO,00-0036973,14.8,1,False,True,master_name_position,,crosswalk_fields_disagree,Warning,crosswalk_fields_disagree
2024,2,HarrMa05,Marvin Harrison Jr.,WR,ARI,00-0039849,29.0,1,False,True,weekly_stats_name_position_team,,crosswalk_fields_disagree,Warning,crosswalk_fields_disagree
2024,2,OlavCh00,Chris Olave,WR,NO,00-0037239,12.8,1,False,True,weekly_stats_name_position_team,,crosswalk_fields_disagree,Warning,crosswalk_fields_disagree
2024,2,KirkCh00,Christian Kirk,WR,SF,00-0034775,0.9,1,False,True,master_name_position,,crosswalk_fields_disagree,Warning,crosswalk_fields_disagree
2024,2,WillJa09,Jameson Williams,WR,DET,00-0037240,14.4,1,False,True,weekly_stats_name_position_team,,crosswalk_fields_disagree,Warning,crosswalk_fields_disagree
2024,2,ThomBr01,Brian Thomas Jr.,WR,JAX,00-0039893,11.4,1,False,True,weekly_stats_name_position_team,,crosswalk_fields_disagree,Warning,crosswalk_fields_disagree
2024,2,WortXa00,Xavier Worthy,WR,KC,00-0039894,4.2,1,False,True,weekly_stats_name_position_team,,crosswalk_fields_disagree,Warning,crosswalk_fields_disagree
2024,2,HarrNa00,Najee Harris,RB,NYG,00-0036893,8.4,1,False,True,master_name_position,,crosswalk_fields_disagree,Warning,crosswalk_fields_disagree
2024,2,ParkCo00,Colby Parkinson,TE,LA,00-0036244,2.2,1,False,True,weekly_stats_name_position_team,,crosswalk_fields_disagree,Warning,crosswalk_fields_disagree
2024,2,SmitJa02,Jaxon Smith-Njigba,WR,SEA,00-0038543,23.7,1,False,False,weekly_stats_name_position_team,,crosswalk_fields_disagree,Info,crosswalk_fields_disagree
2024,2,DougDe00,DeMario Douglas,WR,NE,00-0038621,0.0,0,True,False,weekly_roster_name_position_team,,crosswalk_fields_disagree;no_actual_weekly_record;actual_score_created_from_missing_record,Info,crosswalk_fields_disagree
2024,2,JohnQu01,Quentin Johnston,WR,LAC,00-0038544,22.1,1,False,False,weekly_stats_name_position_team,,crosswalk_fields_disagree,Info,crosswalk_fields_disagree
2024,2,McLaJa00,Jaleel McLaughlin,RB,CLE,00-0038794,0.6,1,False,True,master_name_position,,crosswalk_fields_disagree,Warning,crosswalk_fields_disagree
2024,2,McMiJa00,Jalen McMillan,WR,TB,00-0039855,3.1,1,False,False,weekly_stats_name_position_team,,crosswalk_fields_disagree,Info,crosswalk_fields_disagree
2024,2,LegeXa00,Xavier Legette,WR,CAR,00-0039342,0.0,0,True,False,weekly_roster_name_position_team,,no_actual_weekly_record;actual_score_created_from_missing_record,Info,
2024,2,PalmJo01,Joshua Palmer,WR,BUF,00-0036988,3.9,1,False,False,master_name_position,,master_name_conflict,Info,master_name_conflict
2024,2,DoubRo00,Romeo Doubs,WR,NE,00-0037816,9.2,1,False,False,master_name_position,,crosswalk_fields_disagree,Info,crosswalk_fields_disagree
2024,2,McClRa00,Ray-Ray McCloud III,WR,CHI,00-0034407,7.5,1,False,False,master_name_position,,crosswalk_fields_disagree,Info,crosswalk_fields_disagree
2024,2,HenrHu00,Hunter Henry,TE,NE,00-0033090,18.9,1,False,True,weekly_stats_name_position_team,,crosswalk_fields_disagree,Warning,crosswalk_fields_disagree
2024,2,JohnTh00,Theo Johnson,TE,NYG,00-0039847,0.0,0,True,True,weekly_roster_name_position_team,,no_actual_weekly_record;actual_score_created_from_missing_record,Warning,
2024,2,McCaLu00,Luke McCaffrey,WR,WAS,00-0039355,0.0,0,True,False,weekly_roster_name_position_team,,no_actual_weekly_record;actual_score_created_from_missing_record,Info,
2024,2,OttoCa00,Cade Otton,TE,TB,00-0038129,-0.4,1,False,True,weekly_stats_name_position_team,,crosswalk_fields_disagree,Warning,crosswalk_fields_disagree
2024,2,SlayDa00,Darius Slayton,WR,NYG,00-0035535,6.3,1,False,False,weekly_stats_name_position_team,,crosswalk_fields_disagree,Info,crosswalk_fields_disagree
2024,2,SandJa00,Ja'Tavion Sanders,TE,CAR,00-0039356,2.8,1,False,False,weekly_stats_name_position_team,,crosswalk_fields_disagree,Info,crosswalk_fields_disagree
2024,2,FantNo00,Noah Fant,TE,NO,00-0035644,2.4,1,False,True,master_name_position,,crosswalk_fields_disagree,Warning,crosswalk_fields_disagree
2024,2,WatsCh00,Christian Watson,WR,GB,00-0038124,0.0,0,True,False,weekly_roster_name_position_team,,crosswalk_fields_disagree;no_actual_weekly_record;actual_score_created_from_missing_record,Info,crosswalk_fields_disagree
2024,2,JohnJu00,Juwan Johnson,TE,NO,00-0036040,0.0,0,True,True,weekly_roster_name_position_team,,no_actual_weekly_record;actual_score_created_from_missing_record,Warning,
2024,2,HollMa00,Mack Hollins,WR,NE,00-0033555,0.0,1,False,False,master_name_position,,crosswalk_fields_disagree,Info,crosswalk_fields_disagree
2024,2,IrviBu00,Bucky Irving,RB,TB,00-0039361,2.2,1,False,True,weekly_stats_name_position_team,,crosswalk_fields_disagree,Warning,crosswalk_fields_disagree
2024,2,KrafTu00,Tucker Kraft,TE,GB,00-0038996,3.6,1,False,True,weekly_stats_name_position_team,,crosswalk_fields_disagree,Warning,crosswalk_fields_disagree
2024,2,ThorTy00,Tyquan Thornton,WR,KC,00-0038104,0.0,0,True,False,master_name_position,,crosswalk_fields_disagree;no_actual_weekly_record;actual_score_created_from_missing_record,Info,crosswalk_fields_disagree
2024,2,OkonCh00,Chig Okonkwo,TE,WAS,00-0037809,4.6,1,False,True,master_name_position,,crosswalk_fields_disagree,Warning,crosswalk_fields_disagree
2024,2,KnoxDa00,Dawson Knox,TE,BUF,00-0035689,0.0,0,True,False,weekly_roster_name_position_team,,no_actual_weekly_record;actual_score_created_from_missing_record,Info,
2024,2,StroPi00,Pierre Strong Jr,RB,GB,00-0038098,1.5,1,False,False,master_name_position,,crosswalk_fields_disagree,Info,crosswalk_fields_disagree
2024,2,GrayNo00,Noah Gray,TE,KC,00-0036637,0.0,0,True,True,weekly_roster_name_position_team,,crosswalk_fields_disagree;no_actual_weekly_record;actual_score_created_from_missing_record,Warning,crosswalk_fields_disagree
2024,2,JohnTy00,Ty Johnson,RB,BUF,00-0035537,4.2,1,False,False,weekly_stats_name_position_team,,crosswalk_fields_disagree,Info,crosswalk_fields_disagree
2024,2,AlleBr01,Braelon Allen,RB,NYJ,00-0039794,19.6,1,False,False,weekly_stats_name_position_team,,crosswalk_fields_disagree,Info,crosswalk_fields_disagree
2024,2,JuszKy00,Kyle Juszczyk,RB,SF,00-0029892,0.0,0,True,False,weekly_roster_name_position_team,,no_actual_weekly_record;actual_score_created_from_missing_record,Info,gsis_id_not_in_master
2024,2,OlivJo00,Josh Oliver,TE,MIN,00-0035249,0.0,0,True,True,weekly_roster_name_position_team,,no_actual_weekly_record;actual_score_created_from_missing_record,Warning,
2024,2,TiptMa00,Mason Tipton,WR,NO,00-0039623,0.0,0,True,False,weekly_roster_name_position_team,,crosswalk_fields_disagree;no_actual_weekly_record;actual_score_created_from_missing_record,Info,crosswalk_fields_disagree
2024,2,IngoAl00,Alec Ingold,RB,LAC,00-0035125,0.0,0,True,False,manual_override,Top-player gate override because the historical FBG row uses a stale LAC team while the weekly roster identifies Alec Ingold as RB 00-0035125 for MIA,no_actual_weekly_record;actual_score_created_from_missing_record,Info,manual_override_applied;gsis_id_not_in_master
2024,2,GainKe00,Kenny Gainwell,RB,TB,00-0036919,0.6,1,False,False,master_name_position,,crosswalk_fields_disagree,Info,crosswalk_fields_disagree
2024,2,DaviDe01,Derius Davis,WR,LAC,00-0038573,0.0,1,False,False,weekly_stats_name_position_team,,crosswalk_fields_disagree,Info,crosswalk_fields_disagree
2024,2,HillJu01,Julian Hill,TE,NE,00-0038720,0.0,1,False,False,master_name_position,,crosswalk_fields_disagree,Info,crosswalk_fields_disagree
2024,2,WrigBr00,Brock Wright,TE,DET,00-0036754,0.0,0,True,False,weekly_roster_name_position_team,,crosswalk_fields_disagree;no_actual_weekly_record;actual_score_created_from_missing_record,Info,crosswalk_fields_disagree
2024,2,DemeEm00,Emari Demercado,RB,DAL,00-0038705,4.6,1,False,False,master_name_position,,crosswalk_fields_disagree,Info,crosswalk_fields_disagree
2024,2,WoerCh00,Charlie Woerner,TE,ATL,00-0036429,0.0,0,True,False,weekly_roster_name_position_team,,no_actual_weekly_record;actual_score_created_from_missing_record,Info,
2024,2,OgunDa00,Dare Ogunbowale,RB,LV,00-0033854,4.3,1,False,False,master_name_position,,crosswalk_fields_disagree,Info,crosswalk_fields_disagree
2024,2,MoorDa01,David Moore,WR,CAR,00-0033589,0.0,1,False,False,weekly_stats_name_position_team,,crosswalk_fields_disagree,Info,crosswalk_fields_disagree
2024,2,TrauAd00,Adam Trautman,TE,DEN,00-0036422,0.0,0,True,False,weekly_roster_name_position_team,,no_actual_weekly_record;actual_score_created_from_missing_record,Info,
2024,2,HyatJa00,Jalin Hyatt,WR,NYG,00-0038938,0.0,0,True,False,weekly_roster_name_position_team,,no_actual_weekly_record;actual_score_created_from_missing_record,Info,
2024,2,MusgLu00,Luke Musgrave,TE,GB,00-0039144,1.6,1,False,False,weekly_stats_name_position_team,,crosswalk_fields_disagree,Info,crosswalk_fields_disagree
2024,2,BellDa03,Daniel Bellinger,TE,TEN,00-0038115,0.0,0,True,False,master_name_position,,no_actual_weekly_record;actual_score_created_from_missing_record,Info,
2024,2,PalmTr00,Trey Palmer,WR,NO,00-0039052,0.0,1,False,False,master_name_position,,crosswalk_fields_disagree,Info,crosswalk_fields_disagree
2024,2,JoneCh00,Charlie Jones,WR,NYG,,,0,False,False,unmatched,,no_unique_gsis_id;no_actual_weekly_record;actual_score_created_from_missing_record,Info,
2024,2,MillSc01,Scotty Miller,WR,CHI,00-0035298,0.0,0,True,False,pfr_crosswalk_verified,,master_name_conflict;no_actual_weekly_record;actual_score_created_from_missing_record,Info,master_name_conflict
2024,2,MoorSk00,Skyy Moore,WR,GB,00-0038090,0.0,0,True,False,master_name_position,,crosswalk_fields_disagree;no_actual_weekly_record;actual_score_created_from_missing_record,Info,crosswalk_fields_disagree
2024,2,WallTy00,Tylan Wallace,WR,CLE,00-0036630,0.0,0,True,False,master_name_position,,no_actual_weekly_record;actual_score_created_from_missing_record,Info,
2024,2,AtweTu00,Tutu Atwell,WR,LA,00-0036849,7.8,1,False,False,weekly_stats_name_position_team,,crosswalk_fields_disagree,Info,crosswalk_fields_disagree
2024,2,OgleAn00,Drew Ogletree,TE,IND,00-0037292,2.2,1,False,False,pfr_crosswalk_verified,,master_name_conflict,Info,master_name_conflict
2024,2,HolaGe01,George Holani,RB,SEA,00-0039299,0.0,0,True,False,weekly_roster_name_position_team,,no_actual_weekly_record;actual_score_created_from_missing_record,Info,
2024,2,LuepHu01,Hunter Luepke,RB,DAL,00-0038738,0.0,0,True,False,weekly_roster_name_position_team,,no_actual_weekly_record;actual_score_created_from_missing_record,Info,
2024,2,TuckSe00,Sean Tucker,RB,TB,00-0038951,0.0,1,False,False,weekly_stats_name_position_team,,crosswalk_fields_disagree,Info,crosswalk_fields_disagree
2024,2,SermTr00,Trey Sermon,RB,ATL,00-0036984,1.7,1,False,False,master_name_position,,crosswalk_fields_disagree,Info,crosswalk_fields_disagree
2024,2,LongHu00,Hunter Long,TE,ARI,00-0037004,0.0,1,False,False,master_name_position,,crosswalk_fields_disagree,Info,crosswalk_fields_disagree
2024,2,ReynCr00,Craig Reynolds,RB,WAS,00-0035567,0.0,0,True,False,master_name_position,,crosswalk_fields_disagree;no_actual_weekly_record;actual_score_created_from_missing_record,Info,crosswalk_fields_disagree
2024,2,DaviIs00,Isaiah Davis,RB,NYJ,00-0039798,0.0,0,True,False,weekly_roster_name_position_team,,no_actual_weekly_record;actual_score_created_from_missing_record,Info,
2024,2,WestNi00,Nick Westbrook-Ikhine,WR,IND,00-0036182,0.0,0,True,False,master_name_position,,no_actual_weekly_record;actual_score_created_from_missing_record,Info,
2024,2,HaskHa00,Hassan Haskins,RB,NE,00-0037617,1.1,1,False,False,master_name_position,,crosswalk_fields_disagree,Info,crosswalk_fields_disagree
2024,2,JohnKa00,Kameron Johnson,WR,TB,00-0039589,0.0,0,True,False,weekly_roster_name_position_team,,no_actual_weekly_record;actual_score_created_from_missing_record,Info,
2024,2,PrenAd00,Adam Prentice,RB,DEN,00-0036727,0.0,0,True,False,pfr_crosswalk_verified,,no_actual_weekly_record;actual_score_created_from_missing_record,Info,gsis_id_not_in_master
2024,2,DallDe00,DeeJay Dallas,RB,MIN,00-0036425,0.0,1,False,False,master_name_position,,crosswalk_fields_disagree;master_team_context_differs,Info,crosswalk_fields_disagree;master_team_context_differs
2024,2,SmarSt00,Stone Smartt,TE,NO,00-0037475,0.0,0,True,False,master_name_position,,crosswalk_fields_disagree;no_actual_weekly_record;actual_score_created_from_missing_record,Info,crosswalk_fields_disagree
2024,2,BrooBr00,British Brooks,RB,HOU,00-0039603,0.0,0,True,False,weekly_roster_name_position_team,,no_actual_weekly_record;actual_score_created_from_missing_record,Info,
2024,2,VannNi00,Nick Vannett,TE,BAL,00-0032394,0.0,0,True,False,master_name_position,,crosswalk_fields_disagree;master_team_context_differs;no_actual_weekly_record;actual_score_created_from_missing_record,Info,crosswalk_fields_disagree;master_team_context_differs
2024,2,McNiJe00,Jeremy McNichols,RB,WAS,00-0033955,0.0,0,True,False,weekly_roster_name_position_team,,no_actual_weekly_record;actual_score_created_from_missing_record,Info,
2024,2,WileJa00,Jared Wiley,TE,KC,00-0039824,1.7,1,False,False,weekly_stats_name_position_team,,crosswalk_fields_disagree,Info,crosswalk_fields_disagree
2024,2,HodgKh00,KhaDarel Hodge,WR,SF,00-0034854,0.0,1,False,False,master_name_position,,crosswalk_fields_disagree,Info,crosswalk_fields_disagree
2024,2,ReimTi00,Tip Reiman,TE,ARI,00-0039737,0.0,0,True,False,weekly_roster_name_position_team,,no_actual_weekly_record;actual_score_created_from_missing_record,Info,
2024,2,GillRe00,Reggie Gilliam,RB,NE,00-0036187,0.0,0,True,False,master_name_position,,crosswalk_fields_disagree;no_actual_weekly_record;actual_score_created_from_missing_record,Info,crosswalk_fields_disagree
2024,2,ThomJe05,Je'Quan Thomas,WR,MIA,,,0,False,False,unmatched,,no_unique_gsis_id;no_actual_weekly_record;actual_score_created_from_missing_record,Info,
2024,2,ChesJu00,Julius Chestnut,RB,TEN,00-0037594,0.0,0,True,False,weekly_roster_name_position_team,,no_actual_weekly_record;actual_score_created_from_missing_record,Info,
2024,2,DurhPa00,Payne Durham,TE,TB,00-0039050,0.0,0,True,False,weekly_roster_name_position_team,,crosswalk_fields_disagree;no_actual_weekly_record;actual_score_created_from_missing_record,Info,crosswalk_fields_disagree
2024,2,MoorCh00,Chris Moore,WR,BAL,00-0032398,0.0,0,True,False,master_name_position,,crosswalk_fields_disagree;no_actual_weekly_record;actual_score_created_from_missing_record,Info,crosswalk_fields_disagree
2024,2,RussBr00,Brady Russell,RB,SEA,00-0038488,0.0,0,True,False,master_name_position,,no_actual_weekly_record;actual_score_created_from_missing_record,Info,
2024,2,FehoSi00,Simi Fehoko,WR,ARI,00-0036646,0.0,0,True,False,master_name_position,,no_actual_weekly_record;actual_score_created_from_missing_record,Info,
2024,2,CharIr00,Irv Charles,WR,SEA,,,0,False,False,unmatched,,no_unique_gsis_id;crosswalk_fields_disagree;no_actual_weekly_record;actual_score_created_from_missing_record,Info,crosswalk_fields_disagree
2024,2,JoneTi00,Tim Jones,WR,JAX,00-0036497,0.0,0,True,False,weekly_roster_name_position_team,,no_actual_weekly_record;actual_score_created_from_missing_record,Info,
2024,2,MorrQu00,Quintin Morris,TE,JAX,00-0036590,0.0,0,True,False,master_name_position,,no_actual_weekly_record;actual_score_created_from_missing_record,Info,
2024,2,KiefKo00,Ko Kieft,TE,TB,00-0037311,0.0,1,False,False,weekly_stats_name_position_team,,crosswalk_fields_disagree,Info,crosswalk_fields_disagree
2024,2,HeywCo00,Connor Heyward,TE,LV,00-0037304,0.0,0,True,False,manual_override,Top-player gate override because the historical FBG row uses a stale LV team while the weekly roster identifies Connor Heyward as TE 00-0037304 for PIT,no_actual_weekly_record;actual_score_created_from_missing_record,Info,manual_override_applied;gsis_id_not_in_master
2024,2,MeltBo00,Bo Melton,WR,GB,00-0037091,0.8,1,False,False,weekly_stats_name_position_team,,crosswalk_fields_disagree,Info,crosswalk_fields_disagree
2024,2,YounDa02,Dareke Young,WR,LV,00-0037093,0.0,0,True,False,master_name_position,,no_actual_weekly_record;actual_score_created_from_missing_record,Info,
2024,2,MuseNi00,Nick Muse,TE,ATL,00-0037317,0.0,0,True,False,master_name_position,,crosswalk_fields_disagree;no_actual_weekly_record;actual_score_created_from_missing_record,Info,crosswalk_fields_disagree
2024,2,SimsBe00,Ben Sims,TE,MIA,00-0038809,0.0,0,True,False,master_name_position,,no_actual_weekly_record;actual_score_created_from_missing_record,Info,
2024,2,HudsTa00,Tanner Hudson,TE,CIN,00-0034613,0.0,0,True,False,weekly_roster_name_position_team,,no_actual_weekly_record;actual_score_created_from_missing_record,Info,
2024,2,BurtMi00,Michael Burton,RB,CLE,00-0031595,0.0,0,True,False,pfr_crosswalk_verified,,no_actual_weekly_record;actual_score_created_from_missing_record,Info,gsis_id_not_in_master
2024,2,WashCa01,Casey Washington,WR,CAR,00-0039394,0.0,0,True,False,master_name_position,,crosswalk_fields_disagree;no_actual_weekly_record;actual_score_created_from_missing_record,Info,crosswalk_fields_disagree
2024,2,KaliNi00,Nikola Kalinic,TE,CHI,00-0037031,0.0,0,True,False,master_name_position,,no_actual_weekly_record;actual_score_created_from_missing_record,Info,
2024,2,LloyMa00,MarShawn Lloyd,RB,GB,00-0039811,2.8,1,False,False,weekly_stats_name_position_team,,crosswalk_fields_disagree,Info,crosswalk_fields_disagree
2024,2,WhitBl01,Blake Whiteheart,TE,CLE,00-0038710,0.0,0,True,False,weekly_roster_name_position_team,,no_actual_weekly_record;actual_score_created_from_missing_record,Info,
2024,2,JohnRo07,Roschon Johnson,RB,CHI,00-0039021,0.0,0,True,False,weekly_roster_name_position_team,,no_actual_weekly_record;actual_score_created_from_missing_record,Info,
2024,2,JenkEJ00,E.J. Jenkins,TE,PHI,00-0038498,0.0,0,True,False,weekly_roster_name_position_team,,no_actual_weekly_record;actual_score_created_from_missing_record,Info,
2024,2,FantPr00,Princeton Fant,TE,DAL,00-0038735,0.0,0,True,False,weekly_roster_name_position_team,,no_actual_weekly_record;actual_score_created_from_missing_record,Info,
2024,2,EstiAu00,Audric EstimC),RB,NO,00-0039373,0.0,0,True,False,master_name_position,,crosswalk_fields_disagree;no_actual_weekly_record;actual_score_created_from_missing_record,Info,crosswalk_fields_disagree
2024,2,PierDa01,Dameon Pierce,RB,PHI,00-0037258,0.0,0,True,False,master_name_position,,no_actual_weekly_record;actual_score_created_from_missing_record,Info,
2024,2,AlixRa00,Rasheen Ali,RB,BAL,00-0039796,0.0,0,True,False,weekly_roster_name_position_team,,no_actual_weekly_record;actual_score_created_from_missing_record,Info,
2024,2,JoneVe00,Velus Jones Jr,RB,SEA,00-0037745,0.0,0,True,False,manual_override,Top-player gate override because the historical FBG row labels Velus Jones Jr as RB with stale teams while the weekly records identify GSIS 00-0037745 and the master position is WR,crosswalk_fields_disagree;master_position_conflict;no_actual_weekly_record;actual_score_created_from_missing_record,Info,crosswalk_fields_disagree;manual_override_applied;master_position_conflict
2024,2,AlleKe00,Keenan Allen,WR,IND,00-0030279,0.0,0,True,False,master_name_position,,crosswalk_fields_disagree;no_actual_weekly_record;actual_score_created_from_missing_record,Info,crosswalk_fields_disagree
2024,2,VidaKi00,Kimani Vidal,RB,LAC,00-0039391,0.0,0,True,False,weekly_roster_name_position_team,,no_actual_weekly_record;actual_score_created_from_missing_record,Info,
2024,2,EngrEv00,Evan Engram,TE,DEN,00-0033881,0.0,0,True,False,master_name_position,,no_actual_weekly_record;actual_score_created_from_missing_record,Info,
2024,2,AlleDa01,Davis Allen,TE,LA,00-0039074,0.0,0,True,False,weekly_roster_name_position_team,,crosswalk_fields_disagree;no_actual_weekly_record;actual_score_created_from_missing_record,Info,crosswalk_fields_disagree
2024,2,KrulLu00,Lucas Krull,TE,DEN,00-0037539,0.0,0,True,False,weekly_roster_name_position_team,,no_actual_weekly_record;actual_score_created_from_missing_record,Info,
2024,2,MallWi00,Will Mallory,TE,IND,00-0038394,0.0,0,True,False,weekly_roster_name_position_team,,no_actual_weekly_record;actual_score_created_from_missing_record,Info,
2024,2,BrowAJ00,A.J. Brown,WR,NE,00-0035676,0.0,0,True,False,master_name_position,,crosswalk_fields_disagree;no_actual_weekly_record;actual_score_created_from_missing_record,Info,crosswalk_fields_disagree
2024,2,VeleDe00,Devaughn Vele,WR,NO,00-0039424,0.0,0,True,False,master_name_position,,crosswalk_fields_disagree;no_actual_weekly_record;actual_score_created_from_missing_record,Info,crosswalk_fields_disagree
2024,2,MetcJo00,John Metchie III,WR,CAR,00-0037614,0.0,0,True,False,master_name_position,,no_actual_weekly_record;actual_score_created_from_missing_record,Info,
2024,3,MahoPa00,Patrick Mahomes II,QB,KC,00-0033873,16.38,1,False,True,weekly_stats_name_position_team,,crosswalk_fields_disagree,Warning,crosswalk_fields_disagree
2024,3,MayfBa00,Baker Mayfield,QB,TB,00-0034855,8.52,1,False,True,weekly_stats_name_position_team,,crosswalk_fields_disagree,Warning,crosswalk_fields_disagree
2024,3,AlleJo01,Josh Allen,QB,BUF,00-0034857,30.92,1,False,True,weekly_stats_name_position_team,,crosswalk_fields_disagree,Warning,crosswalk_fields_disagree
2024,3,FielJu00,Justin Fields,QB,KC,00-0036945,18.4,1,False,True,master_name_position,,crosswalk_fields_disagree,Warning,crosswalk_fields_disagree
2024,3,KamaAl00,Alvin Kamara,RB,NO,00-0033906,15.7,1,False,True,weekly_stats_name_position_team,,crosswalk_fields_disagree,Warning,crosswalk_fields_disagree
2024,3,RiceRa01,Rashee Rice,WR,KC,00-0039067,29.1,1,False,True,weekly_stats_name_position_team,,crosswalk_fields_disagree,Warning,crosswalk_fields_disagree
2024,3,SmitDe04,DeVonta Smith,WR,PHI,00-0036912,14.9,1,False,True,weekly_stats_name_position_team,,crosswalk_fields_disagree,Warning,crosswalk_fields_disagree
2024,3,GibbJa00,Jahmyr Gibbs,RB,DET,00-0039139,16.3,1,False,True,weekly_stats_name_position_team,,crosswalk_fields_disagree,Warning,crosswalk_fields_disagree
2024,3,OlavCh00,Chris Olave,WR,NO,00-0037239,20.6,1,False,True,weekly_stats_name_position_team,,crosswalk_fields_disagree,Warning,crosswalk_fields_disagree
2024,3,EtieTr00,Travis Etienne Jr.,RB,NO,00-0036973,12.5,1,False,True,master_name_position,,crosswalk_fields_disagree,Warning,crosswalk_fields_disagree
2024,3,GodwCh00,Chris Godwin Jr.,WR,TB,00-0033921,17.3,1,False,True,weekly_stats_name_position_team,,crosswalk_fields_disagree,Warning,crosswalk_fields_disagree
2024,3,StevRh00,Rhamondre Stevenson,RB,NE,00-0036875,0.3,1,False,True,weekly_stats_name_position_team,,crosswalk_fields_disagree,Warning,crosswalk_fields_disagree
2024,3,DiggSt00,Stefon Diggs,WR,WAS,00-0031588,19.92,1,False,True,master_name_position,,crosswalk_fields_disagree,Warning,crosswalk_fields_disagree
2024,3,HarrMa05,Marvin Harrison Jr.,WR,ARI,00-0039849,17.4,1,False,True,weekly_stats_name_position_team,,crosswalk_fields_disagree,Warning,crosswalk_fields_disagree
2024,3,KirkCh00,Christian Kirk,WR,SF,00-0034775,15.9,1,False,True,master_name_position,,crosswalk_fields_disagree,Warning,crosswalk_fields_disagree
2024,3,WillJa09,Jameson Williams,WR,DET,00-0037240,1.2,1,False,True,weekly_stats_name_position_team,,crosswalk_fields_disagree,Warning,crosswalk_fields_disagree
2024,3,SmitJa02,Jaxon Smith-Njigba,WR,SEA,00-0038543,6.9,1,False,True,weekly_stats_name_position_team,,crosswalk_fields_disagree,Warning,crosswalk_fields_disagree
2024,3,KelcTr00,Travis Kelce,TE,KC,00-0030506,7.0,1,False,True,weekly_stats_name_position_team,,crosswalk_fields_disagree,Warning,crosswalk_fields_disagree
2024,3,ThomBr01,Brian Thomas Jr.,WR,JAX,00-0039893,9.8,1,False,True,weekly_stats_name_position_team,,crosswalk_fields_disagree,Warning,crosswalk_fields_disagree
2024,3,WortXa00,Xavier Worthy,WR,KC,00-0039894,5.0,1,False,True,weekly_stats_name_position_team,,crosswalk_fields_disagree,Warning,crosswalk_fields_disagree
2024,3,JohnQu01,Quentin Johnston,WR,LAC,00-0038544,12.4,1,False,True,weekly_stats_name_position_team,,crosswalk_fields_disagree,Warning,crosswalk_fields_disagree
2024,3,HarrNa00,Najee Harris,RB,NYG,00-0036893,13.6,1,False,True,master_name_position,,crosswalk_fields_disagree,Warning,crosswalk_fields_disagree
2024,3,HenrHu00,Hunter Henry,TE,NE,00-0033090,2.9,1,False,True,weekly_stats_name_position_team,,crosswalk_fields_disagree,Warning,crosswalk_fields_disagree
2024,3,DoubRo00,Romeo Doubs,WR,NE,00-0037816,2.8,1,False,False,master_name_position,,crosswalk_fields_disagree,Info,crosswalk_fields_disagree
2024,3,ParkCo00,Colby Parkinson,TE,LA,00-0036244,5.1,1,False,True,weekly_stats_name_position_team,,crosswalk_fields_disagree,Warning,crosswalk_fields_disagree
2024,3,McMiJa00,Jalen McMillan,WR,TB,00-0039855,1.6,1,False,False,weekly_stats_name_position_team,,crosswalk_fields_disagree,Info,crosswalk_fields_disagree
2024,3,McLaJa00,Jaleel McLaughlin,RB,CLE,00-0038794,8.4,1,False,True,master_name_position,,crosswalk_fields_disagree,Warning,crosswalk_fields_disagree
2024,3,McClRa00,Ray-Ray McCloud III,WR,CHI,00-0034407,5.7,1,False,False,master_name_position,,crosswalk_fields_disagree,Info,crosswalk_fields_disagree
2024,3,DougDe00,DeMario Douglas,WR,NE,00-0038621,14.8,1,False,False,weekly_stats_name_position_team,,crosswalk_fields_disagree,Info,crosswalk_fields_disagree
2024,3,SlayDa00,Darius Slayton,WR,NYG,00-0035535,1.7,1,False,False,weekly_stats_name_position_team,,crosswalk_fields_disagree,Info,crosswalk_fields_disagree
2024,3,IrviBu00,Bucky Irving,RB,TB,00-0039361,11.4,1,False,True,weekly_stats_name_position_team,,crosswalk_fields_disagree,Warning,crosswalk_fields_disagree
2024,3,OttoCa00,Cade Otton,TE,TB,00-0038129,9.7,1,False,True,weekly_stats_name_position_team,,crosswalk_fields_disagree,Warning,crosswalk_fields_disagree
2024,3,AtweTu00,Tutu Atwell,WR,LA,00-0036849,13.3,1,False,False,weekly_stats_name_position_team,,crosswalk_fields_disagree,Info,crosswalk_fields_disagree
2024,3,FantNo00,Noah Fant,TE,NO,00-0035644,12.0,1,False,True,master_name_position,,crosswalk_fields_disagree,Warning,crosswalk_fields_disagree
2024,3,OgunDa00,Dare Ogunbowale,RB,LV,00-0033854,4.8,1,False,False,master_name_position,,crosswalk_fields_disagree,Info,crosswalk_fields_disagree
2024,3,DulcGr00,Greg Dulcich,TE,MIA,00-0037252,0.0,0,True,True,master_name_position,,no_actual_weekly_record;actual_score_created_from_missing_record,Warning,
2024,3,HollMa00,Mack Hollins,WR,NE,00-0033555,2.6,1,False,False,master_name_position,,crosswalk_fields_disagree,Info,crosswalk_fields_disagree
2024,3,JuszKy00,Kyle Juszczyk,RB,SF,00-0029892,0.0,0,True,False,weekly_roster_name_position_team,,no_actual_weekly_record;actual_score_created_from_missing_record,Info,gsis_id_not_in_master
2024,3,SandJa00,Ja'Tavion Sanders,TE,CAR,00-0039356,0.0,1,False,False,weekly_stats_name_position_team,,crosswalk_fields_disagree,Info,crosswalk_fields_disagree
2024,3,AlleBr01,Braelon Allen,RB,NYJ,00-0039794,9.8,1,False,True,weekly_stats_name_position_team,,crosswalk_fields_disagree,Warning,crosswalk_fields_disagree
2024,3,WatsCh00,Christian Watson,WR,GB,00-0038124,8.7,1,False,False,weekly_stats_name_position_team,,crosswalk_fields_disagree,Info,crosswalk_fields_disagree
2024,3,DaviDe01,Derius Davis,WR,LAC,00-0038573,0.8,1,False,False,weekly_stats_name_position_team,,crosswalk_fields_disagree,Info,crosswalk_fields_disagree
2024,3,OkonCh00,Chig Okonkwo,TE,WAS,00-0037809,3.5,1,False,True,master_name_position,,crosswalk_fields_disagree,Warning,crosswalk_fields_disagree
2024,3,KrafTu00,Tucker Kraft,TE,GB,00-0038996,4.4,1,False,True,weekly_stats_name_position_team,,crosswalk_fields_disagree,Warning,crosswalk_fields_disagree
2024,3,JohnJu00,Juwan Johnson,TE,NO,00-0036040,0.0,0,True,True,weekly_roster_name_position_team,,no_actual_weekly_record;actual_score_created_from_missing_record,Warning,
2024,3,OsboKJ00,K.J. Osborn,WR,TEN,00-0036345,0.0,0,True,False,master_name_position,,no_actual_weekly_record;actual_score_created_from_missing_record,Info,
2024,3,GrayNo00,Noah Gray,TE,KC,00-0036637,2.3,1,False,True,weekly_stats_name_position_team,,crosswalk_fields_disagree,Warning,crosswalk_fields_disagree
2024,3,JohnTy00,Ty Johnson,RB,BUF,00-0035537,13.6,1,False,False,weekly_stats_name_position_team,,crosswalk_fields_disagree,Info,crosswalk_fields_disagree
2024,3,ThorTy00,Tyquan Thornton,WR,KC,00-0038104,0.0,1,False,False,master_name_position,,crosswalk_fields_disagree,Info,crosswalk_fields_disagree
2024,3,GainKe00,Kenny Gainwell,RB,TB,00-0036919,3.2,1,False,False,master_name_position,,crosswalk_fields_disagree,Info,crosswalk_fields_disagree
2024,3,TiptMa00,Mason Tipton,WR,NO,00-0039623,3.1,1,False,False,weekly_stats_name_position_team,,crosswalk_fields_disagree,Info,crosswalk_fields_disagree
2024,3,ZaccOl00,Olamide Zaccheaus,WR,ATL,00-0035208,0.0,0,True,False,master_name_position,,no_actual_weekly_record;actual_score_created_from_missing_record,Info,
2024,3,MusgLu00,Luke Musgrave,TE,GB,00-0039144,1.3,1,False,False,weekly_stats_name_position_team,,crosswalk_fields_disagree,Info,crosswalk_fields_disagree
2024,3,WashDa02,Darnell Washington,TE,PIT,00-0038558,0.0,0,True,False,weekly_roster_name_position_team,,no_actual_weekly_record;actual_score_created_from_missing_record,Info,
2024,3,WoerCh00,Charlie Woerner,TE,ATL,00-0036429,0.0,0,True,False,weekly_roster_name_position_team,,no_actual_weekly_record;actual_score_created_from_missing_record,Info,
2024,3,SampDr00,Drew Sample,TE,CIN,00-0035631,0.0,0,True,False,weekly_roster_name_position_team,,no_actual_weekly_record;actual_score_created_from_missing_record,Info,
2024,3,TongJa00,Jake Tonges,TE,SF,00-0037112,0.0,0,True,False,weekly_roster_name_position_team,,no_actual_weekly_record;actual_score_created_from_missing_record,Info,
2024,3,PalmTr00,Trey Palmer,WR,NO,00-0039052,0.0,1,False,False,master_name_position,,crosswalk_fields_disagree,Info,crosswalk_fields_disagree
2024,3,WrigBr00,Brock Wright,TE,DET,00-0036754,7.4,1,False,False,weekly_stats_name_position_team,,crosswalk_fields_disagree,Info,crosswalk_fields_disagree
2024,3,WileJa00,Jared Wiley,TE,KC,00-0039824,0.0,0,True,False,weekly_roster_name_position_team,,crosswalk_fields_disagree;no_actual_weekly_record;actual_score_created_from_missing_record,Info,crosswalk_fields_disagree
2024,3,MoorDa01,David Moore,WR,CAR,00-0033589,0.0,0,True,False,weekly_roster_name_position_team,,crosswalk_fields_disagree;no_actual_weekly_record;actual_score_created_from_missing_record,Info,crosswalk_fields_disagree
2024,3,CoruBl00,Blake Corum,RB,LA,00-0039738,0.0,0,True,False,weekly_roster_name_position_team,,no_actual_weekly_record;actual_score_created_from_missing_record,Info,
2024,3,BateJo00,John Bates,TE,WAS,00-0036628,0.0,0,True,False,weekly_roster_name_position_team,,no_actual_weekly_record;actual_score_created_from_missing_record,Info,
2024,3,SermTr00,Trey Sermon,RB,ATL,00-0036984,7.6,1,False,False,master_name_position,,crosswalk_fields_disagree,Info,crosswalk_fields_disagree
2024,3,BoboJa00,Jake Bobo,WR,SEA,00-0038752,0.0,0,True,False,weekly_roster_name_position_team,,no_actual_weekly_record;actual_score_created_from_missing_record,Info,
2024,3,HillJu01,Julian Hill,TE,NE,00-0038720,4.4,1,False,False,master_name_position,,crosswalk_fields_disagree,Info,crosswalk_fields_disagree
2024,3,DemeEm00,Emari Demercado,RB,DAL,00-0038705,0.7,1,False,False,master_name_position,,crosswalk_fields_disagree,Info,crosswalk_fields_disagree
2024,3,DurhPa00,Payne Durham,TE,TB,00-0039050,1.8,1,False,False,weekly_stats_name_position_team,,crosswalk_fields_disagree,Info,crosswalk_fields_disagree
2024,3,IngoAl00,Alec Ingold,RB,LAC,00-0035125,0.0,0,True,False,manual_override,Top-player gate override because the historical FBG row uses a stale LAC team while the weekly roster identifies Alec Ingold as RB 00-0035125 for MIA,no_actual_weekly_record;actual_score_created_from_missing_record,Info,manual_override_applied;gsis_id_not_in_master
2024,3,PrenAd00,Adam Prentice,RB,DEN,00-0036727,0.0,0,True,False,pfr_crosswalk_verified,,no_actual_weekly_record;actual_score_created_from_missing_record,Info,gsis_id_not_in_master
2024,3,MoorSk00,Skyy Moore,WR,GB,00-0038090,0.0,0,True,False,master_name_position,,crosswalk_fields_disagree;no_actual_weekly_record;actual_score_created_from_missing_record,Info,crosswalk_fields_disagree
2024,3,WallTy00,Tylan Wallace,WR,CLE,00-0036630,0.0,0,True,False,master_name_position,,no_actual_weekly_record;actual_score_created_from_missing_record,Info,
2024,3,SinnBe00,Ben Sinnott,TE,WAS,00-0039912,0.0,0,True,False,weekly_roster_name_position_team,,no_actual_weekly_record;actual_score_created_from_missing_record,Info,
2024,3,RicaPa00,Patrick Ricard,RB,NYG,00-0033376,0.0,0,True,False,master_name_position,,no_actual_weekly_record;actual_score_created_from_missing_record,Info,
2024,3,MillSc01,Scotty Miller,WR,CHI,00-0035298,5.1,1,False,False,pfr_crosswalk_verified,,master_name_conflict,Info,master_name_conflict
2024,3,OgleAn00,Drew Ogletree,TE,IND,00-0037292,0.0,1,False,False,pfr_crosswalk_verified,,master_name_conflict,Info,master_name_conflict
2024,3,LongHu00,Hunter Long,TE,ARI,00-0037004,0.0,1,False,False,master_name_position,,crosswalk_fields_disagree,Info,crosswalk_fields_disagree
2024,3,CorlMa00,Malachi Corley,WR,CLE,00-0039920,0.0,0,True,False,master_name_position,,no_actual_weekly_record;actual_score_created_from_missing_record,Info,
2024,3,WestNi00,Nick Westbrook-Ikhine,WR,IND,00-0036182,0.0,0,True,False,master_name_position,,no_actual_weekly_record;actual_score_created_from_missing_record,Info,
2024,3,BurtMi00,Michael Burton,RB,CLE,00-0031595,0.0,0,True,False,pfr_crosswalk_verified,,no_actual_weekly_record;actual_score_created_from_missing_record,Info,gsis_id_not_in_master
2024,3,HeywCo00,Connor Heyward,TE,LV,00-0037304,0.0,0,True,False,manual_override,Top-player gate override because the historical FBG row uses a stale LV team while the weekly roster identifies Connor Heyward as TE 00-0037304 for PIT,no_actual_weekly_record;actual_score_created_from_missing_record,Info,manual_override_applied;gsis_id_not_in_master
2024,3,BrooCh02,Christopher Brooks,RB,MIA,00-0038685,0.3,1,False,False,master_name_position,,master_name_conflict;master_team_context_differs,Info,master_name_conflict;master_team_context_differs
2024,3,VakiSi99,Sione Vaki,RB,DET,00-0039364,0.0,0,True,False,weekly_roster_name_position_team,,no_actual_weekly_record;actual_score_created_from_missing_record,Info,
2024,3,ReynCr00,Craig Reynolds,RB,WAS,00-0035567,0.0,0,True,False,master_name_position,,crosswalk_fields_disagree;no_actual_weekly_record;actual_score_created_from_missing_record,Info,crosswalk_fields_disagree
2024,3,HaskHa00,Hassan Haskins,RB,NE,00-0037617,0.0,0,True,False,master_name_position,,crosswalk_fields_disagree;no_actual_weekly_record;actual_score_created_from_missing_record,Info,crosswalk_fields_disagree
2024,3,DallDe00,DeeJay Dallas,RB,MIN,00-0036425,0.0,1,False,False,master_name_position,,crosswalk_fields_disagree;master_team_context_differs,Info,crosswalk_fields_disagree;master_team_context_differs
2024,3,WashCa01,Casey Washington,WR,CAR,00-0039394,0.0,0,True,False,master_name_position,,crosswalk_fields_disagree;no_actual_weekly_record;actual_score_created_from_missing_record,Info,crosswalk_fields_disagree
2024,3,HodgKh00,KhaDarel Hodge,WR,SF,00-0034854,0.0,1,False,False,master_name_position,,crosswalk_fields_disagree,Info,crosswalk_fields_disagree
2024,3,TuckSe00,Sean Tucker,RB,TB,00-0038951,0.4,1,False,False,weekly_stats_name_position_team,,crosswalk_fields_disagree,Info,crosswalk_fields_disagree
2024,3,GillRe00,Reggie Gilliam,RB,NE,00-0036187,0.0,1,False,False,master_name_position,,crosswalk_fields_disagree,Info,crosswalk_fields_disagree
2024,3,ChesJu00,Julius Chestnut,RB,TEN,00-0037594,0.0,0,True,False,weekly_roster_name_position_team,,no_actual_weekly_record;actual_score_created_from_missing_record,Info,
2024,3,JoneCh00,Charlie Jones,WR,NYG,,,0,False,False,unmatched,,no_unique_gsis_id;no_actual_weekly_record;actual_score_created_from_missing_record,Info,
2024,3,RussBr00,Brady Russell,RB,SEA,00-0038488,0.0,0,True,False,master_name_position,,no_actual_weekly_record;actual_score_created_from_missing_record,Info,
2024,3,MoorCh00,Chris Moore,WR,BAL,00-0032398,0.0,0,True,False,master_name_position,,crosswalk_fields_disagree;no_actual_weekly_record;actual_score_created_from_missing_record,Info,crosswalk_fields_disagree
2024,3,BoutKa00,Kayshon Boutte,WR,HOU,00-0038608,1.2,1,False,False,master_name_position,,crosswalk_fields_disagree,Info,crosswalk_fields_disagree
2024,3,CharIr00,Irv Charles,WR,SEA,,,0,False,False,unmatched,,no_unique_gsis_id;crosswalk_fields_disagree;no_actual_weekly_record;actual_score_created_from_missing_record,Info,crosswalk_fields_disagree
2024,3,MorrQu00,Quintin Morris,TE,JAX,00-0036590,0.0,0,True,False,master_name_position,,no_actual_weekly_record;actual_score_created_from_missing_record,Info,
2024,3,JoneTi00,Tim Jones,WR,JAX,00-0036497,0.0,0,True,False,weekly_roster_name_position_team,,no_actual_weekly_record;actual_score_created_from_missing_record,Info,
2024,3,YounDa02,Dareke Young,WR,LV,00-0037093,0.0,0,True,False,master_name_position,,no_actual_weekly_record;actual_score_created_from_missing_record,Info,
2024,3,KiefKo00,Ko Kieft,TE,TB,00-0037311,0.0,0,True,False,weekly_roster_name_position_team,,crosswalk_fields_disagree;no_actual_weekly_record;actual_score_created_from_missing_record,Info,crosswalk_fields_disagree
2024,3,MeltBo00,Bo Melton,WR,GB,00-0037091,0.0,1,False,False,weekly_stats_name_position_team,,crosswalk_fields_disagree,Info,crosswalk_fields_disagree
2024,3,FranFe00,Feleipe Franks,TE,CAR,00-0036825,0.0,0,True,False,weekly_roster_name_position_team,,no_actual_weekly_record;actual_score_created_from_missing_record,Info,
2024,3,VannNi00,Nick Vannett,TE,BAL,00-0032394,8.9,1,False,False,master_name_position,,crosswalk_fields_disagree;master_team_context_differs,Info,crosswalk_fields_disagree;master_team_context_differs
2024,3,SimsBe00,Ben Sims,TE,MIA,00-0038809,0.0,0,True,False,master_name_position,,no_actual_weekly_record;actual_score_created_from_missing_record,Info,
2024,3,SmarSt00,Stone Smartt,TE,NO,00-0037475,0.0,1,False,False,master_name_position,,crosswalk_fields_disagree,Info,crosswalk_fields_disagree
2024,3,TonyRo00,Robert Tonyan Jr,TE,PIT,00-0033757,0.0,0,True,False,master_name_position,,no_actual_weekly_record;actual_score_created_from_missing_record,Info,
2024,3,WillBr04,Brayden Willis,TE,SF,00-0038643,0.0,0,True,False,weekly_roster_name_position_team,,crosswalk_fields_disagree;no_actual_weekly_record;actual_score_created_from_missing_record,Info,crosswalk_fields_disagree
2024,3,KaliNi00,Nikola Kalinic,TE,CHI,00-0037031,0.0,0,True,False,master_name_position,,no_actual_weekly_record;actual_score_created_from_missing_record,Info,
2024,3,CollCh00,Chris Collier,RB,LV,00-0039244,0.0,0,True,False,master_name_position,,no_actual_weekly_record;actual_score_created_from_missing_record,Info,
2024,3,WhitBl01,Blake Whiteheart,TE,CLE,00-0038710,0.0,0,True,False,weekly_roster_name_position_team,,no_actual_weekly_record;actual_score_created_from_missing_record,Info,
2024,3,BrowPh00,Pharaoh Brown,TE,IND,00-0033439,1.9,1,False,False,master_name_position,,crosswalk_fields_disagree,Info,crosswalk_fields_disagree
2024,3,WilsRo02,Roman Wilson,WR,PIT,00-0039739,0.0,0,True,False,weekly_roster_name_position_team,,no_actual_weekly_record;actual_score_created_from_missing_record,Info,
2024,3,AlixRa00,Rasheen Ali,RB,BAL,00-0039796,0.0,0,True,False,weekly_roster_name_position_team,,no_actual_weekly_record;actual_score_created_from_missing_record,Info,
2024,3,KennTo01,Tom Kennedy,WR,DET,00-0035544,0.0,0,True,False,weekly_roster_name_position_team,,no_actual_weekly_record;actual_score_created_from_missing_record,Info,
2024,3,HomeTr00,Travis Homer,RB,PIT,00-0035594,0.0,0,True,False,master_name_position,,no_actual_weekly_record;actual_score_created_from_missing_record,Info,
2024,3,VeleDe00,Devaughn Vele,WR,NO,00-0039424,0.0,0,True,False,master_name_position,,crosswalk_fields_disagree;no_actual_weekly_record;actual_score_created_from_missing_record,Info,crosswalk_fields_disagree
2024,4,HarrNa00,Najee Harris,RB,NYG,00-0036893,10.3,1,False,True,master_name_position,,crosswalk_fields_disagree,Warning,crosswalk_fields_disagree
2024,4,KamaAl00,Alvin Kamara,RB,NO,00-0033906,24.9,1,False,True,weekly_stats_name_position_team,,crosswalk_fields_disagree,Warning,crosswalk_fields_disagree
2024,4,EtieTr00,Travis Etienne Jr.,RB,NO,00-0036973,7.0,1,False,True,master_name_position,,crosswalk_fields_disagree,Warning,crosswalk_fields_disagree
2024,4,GibbJa00,Jahmyr Gibbs,RB,DET,00-0039139,19.8,1,False,True,weekly_stats_name_position_team,,crosswalk_fields_disagree,Warning,crosswalk_fields_disagree
2024,4,StevRh00,Rhamondre Stevenson,RB,NE,00-0036875,8.2,1,False,True,weekly_stats_name_position_team,,crosswalk_fields_disagree,Warning,crosswalk_fields_disagree
2024,4,WalkKe01,Ken Walker III,RB,KC,00-0038134,33.6,1,False,True,manual_override,FBG uses Ken Walker and a stale KC team in the historical export,master_name_conflict,Warning,manual_override_applied;master_name_conflict
2024,4,FielJu00,Justin Fields,QB,KC,00-0036945,31.98,1,False,True,master_name_position,,crosswalk_fields_disagree,Warning,crosswalk_fields_disagree
2024,4,IrviBu00,Bucky Irving,RB,TB,00-0039361,12.5,1,False,True,weekly_stats_name_position_team,,crosswalk_fields_disagree,Warning,crosswalk_fields_disagree
2024,4,AlleBr01,Braelon Allen,RB,NYJ,00-0039794,5.6,1,False,True,weekly_stats_name_position_team,,crosswalk_fields_disagree,Warning,crosswalk_fields_disagree
2024,4,McLaJa00,Jaleel McLaughlin,RB,CLE,00-0038794,5.6,1,False,False,master_name_position,,crosswalk_fields_disagree,Info,crosswalk_fields_disagree
2024,4,AlleJo01,Josh Allen,QB,BUF,00-0034857,7.3,1,False,True,weekly_stats_name_position_team,,crosswalk_fields_disagree,Warning,crosswalk_fields_disagree
2024,4,MahoPa00,Patrick Mahomes II,QB,KC,00-0033873,13.0,1,False,True,weekly_stats_name_position_team,,crosswalk_fields_disagree,Warning,crosswalk_fields_disagree
2024,4,SamuDe00,Deebo Samuel Sr.,WR,SF,00-0035719,10.2,1,False,False,weekly_stats_name_position_team,,crosswalk_fields_disagree,Info,crosswalk_fields_disagree
2024,4,RodrCh01,Chris Rodriguez Jr.,RB,JAX,00-0038611,0.0,0,True,False,master_name_position,,no_actual_weekly_record;actual_score_created_from_missing_record,Info,
2024,4,BrooBr00,British Brooks,RB,HOU,00-0039603,0.0,0,True,False,weekly_roster_name_position_team,,no_actual_weekly_record;actual_score_created_from_missing_record,Info,
2024,4,MayfBa00,Baker Mayfield,QB,TB,00-0034855,28.88,1,False,True,weekly_stats_name_position_team,,crosswalk_fields_disagree,Warning,crosswalk_fields_disagree
2024,4,WillJa09,Jameson Williams,WR,DET,00-0037240,16.0,1,False,True,weekly_stats_name_position_team,,crosswalk_fields_disagree,Warning,crosswalk_fields_disagree
2024,4,DemeEm00,Emari Demercado,RB,DAL,00-0038705,3.4,1,False,False,master_name_position,,crosswalk_fields_disagree,Info,crosswalk_fields_disagree
2024,4,GainKe00,Kenny Gainwell,RB,TB,00-0036919,0.9,1,False,False,master_name_position,,crosswalk_fields_disagree,Info,crosswalk_fields_disagree
2024,4,SermTr00,Trey Sermon,RB,ATL,00-0036984,0.8,1,False,False,master_name_position,,crosswalk_fields_disagree,Info,crosswalk_fields_disagree
2024,4,JohnTy00,Ty Johnson,RB,BUF,00-0035537,6.3,1,False,False,weekly_stats_name_position_team,,crosswalk_fields_disagree,Info,crosswalk_fields_disagree
2024,4,OgunDa00,Dare Ogunbowale,RB,LV,00-0033854,15.4,1,False,False,master_name_position,,crosswalk_fields_disagree,Info,crosswalk_fields_disagree
2024,4,CoruBl00,Blake Corum,RB,LA,00-0039738,0.0,0,True,False,weekly_roster_name_position_team,,no_actual_weekly_record;actual_score_created_from_missing_record,Info,
2024,4,HaskHa00,Hassan Haskins,RB,NE,00-0037617,0.0,0,True,False,master_name_position,,crosswalk_fields_disagree;no_actual_weekly_record;actual_score_created_from_missing_record,Info,crosswalk_fields_disagree
2024,4,McClRa00,Ray-Ray McCloud III,WR,CHI,00-0034407,11.2,1,False,False,master_name_position,,crosswalk_fields_disagree,Info,crosswalk_fields_disagree
2024,4,AtweTu00,Tutu Atwell,WR,LA,00-0036849,12.2,1,False,True,weekly_stats_name_position_team,,crosswalk_fields_disagree,Warning,crosswalk_fields_disagree
2024,4,WortXa00,Xavier Worthy,WR,KC,00-0039894,16.3,1,False,False,weekly_stats_name_position_team,,crosswalk_fields_disagree,Info,crosswalk_fields_disagree
2024,4,TuckSe00,Sean Tucker,RB,TB,00-0038951,2.7,1,False,False,weekly_stats_name_position_team,,crosswalk_fields_disagree,Info,crosswalk_fields_disagree
2024,4,DaviIs00,Isaiah Davis,RB,NYJ,00-0039798,0.0,0,True,False,weekly_roster_name_position_team,,no_actual_weekly_record;actual_score_created_from_missing_record,Info,
2024,4,JuszKy00,Kyle Juszczyk,RB,SF,00-0029892,0.0,0,True,False,weekly_roster_name_position_team,,no_actual_weekly_record;actual_score_created_from_missing_record,Info,gsis_id_not_in_master
2024,4,HarrMa05,Marvin Harrison Jr.,WR,ARI,00-0039849,15.5,1,False,True,weekly_stats_name_position_team,,crosswalk_fields_disagree,Warning,crosswalk_fields_disagree
2024,4,CorlMa00,Malachi Corley,WR,CLE,00-0039920,0.0,0,True,False,master_name_position,,no_actual_weekly_record;actual_score_created_from_missing_record,Info,
2024,4,OttoCa00,Cade Otton,TE,TB,00-0038129,11.2,1,False,True,weekly_stats_name_position_team,,crosswalk_fields_disagree,Warning,crosswalk_fields_disagree
2024,4,KirkCh00,Christian Kirk,WR,SF,00-0034775,19.1,1,False,True,master_name_position,,crosswalk_fields_disagree,Warning,crosswalk_fields_disagree
2024,4,GodwCh00,Chris Godwin Jr.,WR,TB,00-0033921,12.9,1,False,True,weekly_stats_name_position_team,,crosswalk_fields_disagree,Warning,crosswalk_fields_disagree
2024,4,DougDe00,DeMario Douglas,WR,NE,00-0038621,4.3,1,False,False,weekly_stats_name_position_team,,crosswalk_fields_disagree,Info,crosswalk_fields_disagree
2024,4,ReynCr00,Craig Reynolds,RB,WAS,00-0035567,0.0,0,True,False,master_name_position,,crosswalk_fields_disagree;no_actual_weekly_record;actual_score_created_from_missing_record,Info,crosswalk_fields_disagree
2024,4,RiceRa01,Rashee Rice,WR,KC,00-0039067,0.0,1,False,True,weekly_stats_name_position_team,,crosswalk_fields_disagree,Warning,crosswalk_fields_disagree
2024,4,BrooCh02,Christopher Brooks,RB,MIA,00-0038685,0.0,0,True,False,master_name_position,,master_name_conflict;master_team_context_differs;no_actual_weekly_record;actual_score_created_from_missing_record,Info,master_name_conflict;master_team_context_differs
2024,4,DiggSt00,Stefon Diggs,WR,WAS,00-0031588,18.5,1,False,True,master_name_position,,crosswalk_fields_disagree,Warning,crosswalk_fields_disagree
2024,4,VakiSi99,Sione Vaki,RB,DET,00-0039364,0.0,0,True,False,weekly_roster_name_position_team,,no_actual_weekly_record;actual_score_created_from_missing_record,Info,
2024,4,CollCh00,Chris Collier,RB,LV,00-0039244,0.0,0,True,False,master_name_position,,no_actual_weekly_record;actual_score_created_from_missing_record,Info,
2024,4,IngoAl00,Alec Ingold,RB,LAC,00-0035125,0.0,0,True,False,manual_override,Top-player gate override because the historical FBG row uses a stale LAC team while the weekly roster identifies Alec Ingold as RB 00-0035125 for MIA,no_actual_weekly_record;actual_score_created_from_missing_record,Info,manual_override_applied;gsis_id_not_in_master
2024,4,GoodTy00,Tyler Goodson,RB,ATL,00-0037120,0.0,0,True,False,master_name_position,,no_actual_weekly_record;actual_score_created_from_missing_record,Info,
2024,4,DallDe00,DeeJay Dallas,RB,MIN,00-0036425,0.0,1,False,False,master_name_position,,crosswalk_fields_disagree;master_team_context_differs,Info,crosswalk_fields_disagree;master_team_context_differs
2024,4,LaubDy00,Dylan Laube,RB,LV,00-0039407,0.0,0,True,False,weekly_roster_name_position_team,,no_actual_weekly_record;actual_score_created_from_missing_record,Info,
2024,4,GillRe00,Reggie Gilliam,RB,NE,00-0036187,0.0,1,False,False,master_name_position,,crosswalk_fields_disagree,Info,crosswalk_fields_disagree
2024,4,PrenAd00,Adam Prentice,RB,DEN,00-0036727,0.0,0,True,False,pfr_crosswalk_verified,,no_actual_weekly_record;actual_score_created_from_missing_record,Info,gsis_id_not_in_master
2024,4,ChesJu00,Julius Chestnut,RB,TEN,00-0037594,0.0,0,True,False,weekly_roster_name_position_team,,no_actual_weekly_record;actual_score_created_from_missing_record,Info,
2024,4,BurtMi00,Michael Burton,RB,CLE,00-0031595,0.0,0,True,False,pfr_crosswalk_verified,,no_actual_weekly_record;actual_score_created_from_missing_record,Info,gsis_id_not_in_master
2024,4,OlavCh00,Chris Olave,WR,NO,00-0037239,16.7,1,False,True,weekly_stats_name_position_team,,crosswalk_fields_disagree,Warning,crosswalk_fields_disagree
2024,4,SmitJa02,Jaxon Smith-Njigba,WR,SEA,00-0038543,13.1,1,False,True,weekly_stats_name_position_team,,crosswalk_fields_disagree,Warning,crosswalk_fields_disagree
2024,4,ThomBr01,Brian Thomas Jr.,WR,JAX,00-0039893,21.9,1,False,True,weekly_stats_name_position_team,,crosswalk_fields_disagree,Warning,crosswalk_fields_disagree
2024,4,DoubRo00,Romeo Doubs,WR,NE,00-0037816,7.9,1,False,True,master_name_position,,crosswalk_fields_disagree,Warning,crosswalk_fields_disagree
2024,4,JohnQu01,Quentin Johnston,WR,LAC,00-0038544,2.3,1,False,True,weekly_stats_name_position_team,,crosswalk_fields_disagree,Warning,crosswalk_fields_disagree
2024,4,KelcTr00,Travis Kelce,TE,KC,00-0030506,15.9,1,False,True,weekly_stats_name_position_team,,crosswalk_fields_disagree,Warning,crosswalk_fields_disagree
2024,4,ParkCo00,Colby Parkinson,TE,LA,00-0036244,7.3,1,False,True,weekly_stats_name_position_team,,crosswalk_fields_disagree,Warning,crosswalk_fields_disagree
2024,4,HenrHu00,Hunter Henry,TE,NE,00-0033090,3.2,1,False,True,weekly_stats_name_position_team,,crosswalk_fields_disagree,Warning,crosswalk_fields_disagree
2024,4,WatsCh00,Christian Watson,WR,GB,00-0038124,0.0,1,False,False,weekly_stats_name_position_team,,crosswalk_fields_disagree,Info,crosswalk_fields_disagree
2024,4,FantNo00,Noah Fant,TE,NO,00-0035644,4.6,1,False,True,master_name_position,,crosswalk_fields_disagree,Warning,crosswalk_fields_disagree
2024,4,SlayDa00,Darius Slayton,WR,NYG,00-0035535,8.6,1,False,False,weekly_stats_name_position_team,,crosswalk_fields_disagree,Info,crosswalk_fields_disagree
2024,4,HollMa00,Mack Hollins,WR,NE,00-0033555,1.5,1,False,False,master_name_position,,crosswalk_fields_disagree,Info,crosswalk_fields_disagree
2024,4,KrafTu00,Tucker Kraft,TE,GB,00-0038996,17.3,1,False,True,weekly_stats_name_position_team,,crosswalk_fields_disagree,Warning,crosswalk_fields_disagree
2024,4,SaubEr00,Eric Saubert,TE,SEA,00-0033576,0.0,0,True,False,master_name_position,,no_actual_weekly_record;actual_score_created_from_missing_record,Info,
2024,4,OkonCh00,Chig Okonkwo,TE,WAS,00-0037809,1.5,1,False,True,master_name_position,,crosswalk_fields_disagree,Warning,crosswalk_fields_disagree
2024,4,MusgLu00,Luke Musgrave,TE,GB,00-0039144,4.3,1,False,False,weekly_stats_name_position_team,,crosswalk_fields_disagree,Info,crosswalk_fields_disagree
2024,4,TremTo00,Tommy Tremble,TE,CAR,00-0037005,0.0,0,True,True,weekly_roster_name_position_team,,no_actual_weekly_record;actual_score_created_from_missing_record,Warning,
2024,4,ThorTy00,Tyquan Thornton,WR,KC,00-0038104,0.0,1,False,False,master_name_position,,crosswalk_fields_disagree,Info,crosswalk_fields_disagree
2024,4,ReimTi00,Tip Reiman,TE,ARI,00-0039737,0.0,0,True,False,weekly_roster_name_position_team,,no_actual_weekly_record;actual_score_created_from_missing_record,Info,
2024,4,TiptMa00,Mason Tipton,WR,NO,00-0039623,1.6,1,False,False,weekly_stats_name_position_team,,crosswalk_fields_disagree,Info,crosswalk_fields_disagree
2024,4,SandJa00,Ja'Tavion Sanders,TE,CAR,00-0039356,3.6,1,False,False,weekly_stats_name_position_team,,crosswalk_fields_disagree,Info,crosswalk_fields_disagree
2024,4,MoreFo00,Foster Moreau,TE,HOU,00-0034981,0.0,0,True,False,master_name_position,,no_actual_weekly_record;actual_score_created_from_missing_record,Info,
2024,4,MoorDa01,David Moore,WR,CAR,00-0033589,0.0,0,True,False,weekly_roster_name_position_team,,crosswalk_fields_disagree;no_actual_weekly_record;actual_score_created_from_missing_record,Info,crosswalk_fields_disagree
2024,4,GrayNo00,Noah Gray,TE,KC,00-0036637,8.0,1,False,False,weekly_stats_name_position_team,,crosswalk_fields_disagree,Info,crosswalk_fields_disagree
2024,4,BrooJa02,Jalen Brooks,WR,ARI,00-0038640,0.0,0,True,False,master_name_position,,no_actual_weekly_record;actual_score_created_from_missing_record,Info,
2024,4,MillSc01,Scotty Miller,WR,CHI,00-0035298,0.0,0,True,False,pfr_crosswalk_verified,,master_name_conflict;no_actual_weekly_record;actual_score_created_from_missing_record,Info,master_name_conflict
2024,4,TillCe00,Cedric Tillman,WR,NO,00-0038979,0.0,0,True,False,manual_override,Top-player gate override because the historical FBG row uses a stale NO team and the master has duplicate Cedric Tillman rows while weekly CLE records identify GSIS 00-0038979,no_actual_weekly_record;actual_score_created_from_missing_record,Info,manual_override_applied
2024,4,TongJa00,Jake Tonges,TE,SF,00-0037112,0.0,0,True,False,weekly_roster_name_position_team,,no_actual_weekly_record;actual_score_created_from_missing_record,Info,
2024,4,SchoLu00,Luke Schoonmaker,TE,DAL,00-0038547,0.0,0,True,False,weekly_roster_name_position_team,,no_actual_weekly_record;actual_score_created_from_missing_record,Info,
2024,4,WashPa01,Parker Washington,WR,JAX,00-0038606,0.0,0,True,False,weekly_roster_name_position_team,,no_actual_weekly_record;actual_score_created_from_missing_record,Info,
2024,4,AlieMo00,Mo Alie-Cox,TE,IND,00-0033217,0.0,0,True,False,weekly_roster_name_position_team,,no_actual_weekly_record;actual_score_created_from_missing_record,Info,
2024,4,TrauAd00,Adam Trautman,TE,DEN,00-0036422,0.0,0,True,False,weekly_roster_name_position_team,,no_actual_weekly_record;actual_score_created_from_missing_record,Info,
2024,4,WrigBr00,Brock Wright,TE,DET,00-0036754,3.3,1,False,False,weekly_stats_name_position_team,,crosswalk_fields_disagree,Info,crosswalk_fields_disagree
2024,4,DuliAs00,Ashton Dulin,WR,IND,00-0035021,0.0,0,True,False,weekly_roster_name_position_team,,no_actual_weekly_record;actual_score_created_from_missing_record,Info,
2024,4,BoutKa00,Kayshon Boutte,WR,HOU,00-0038608,2.1,1,False,False,master_name_position,,crosswalk_fields_disagree,Info,crosswalk_fields_disagree
2024,4,PalmTr00,Trey Palmer,WR,NO,00-0039052,11.6,1,False,False,master_name_position,,crosswalk_fields_disagree,Info,crosswalk_fields_disagree
2024,4,DurhPa00,Payne Durham,TE,TB,00-0039050,0.0,1,False,False,weekly_stats_name_position_team,,crosswalk_fields_disagree,Info,crosswalk_fields_disagree
2024,4,WileJa00,Jared Wiley,TE,KC,00-0039824,0.0,0,True,False,weekly_roster_name_position_team,,crosswalk_fields_disagree;no_actual_weekly_record;actual_score_created_from_missing_record,Info,crosswalk_fields_disagree
2024,4,DaviDe01,Derius Davis,WR,LAC,00-0038573,0.0,1,False,False,weekly_stats_name_position_team,,crosswalk_fields_disagree,Info,crosswalk_fields_disagree
2024,4,BrowPh00,Pharaoh Brown,TE,IND,00-0033439,1.3,1,False,False,master_name_position,,crosswalk_fields_disagree,Info,crosswalk_fields_disagree
2024,4,SmytDu00,Durham Smythe,TE,BAL,00-0034798,0.0,0,True,False,master_name_position,,no_actual_weekly_record;actual_score_created_from_missing_record,Info,
2024,4,WoerCh00,Charlie Woerner,TE,ATL,00-0036429,0.0,0,True,False,weekly_roster_name_position_team,,no_actual_weekly_record;actual_score_created_from_missing_record,Info,
2024,4,HutcXa00,Xavier Hutchinson,WR,HOU,00-0038618,0.0,0,True,False,weekly_roster_name_position_team,,no_actual_weekly_record;actual_score_created_from_missing_record,Info,
2024,4,HillJu01,Julian Hill,TE,NE,00-0038720,0.0,0,True,False,master_name_position,,crosswalk_fields_disagree;no_actual_weekly_record;actual_score_created_from_missing_record,Info,crosswalk_fields_disagree
2024,4,OgleAn00,Drew Ogletree,TE,IND,00-0037292,8.5,1,False,False,pfr_crosswalk_verified,,master_name_conflict,Info,master_name_conflict
2024,4,MoorSk00,Skyy Moore,WR,GB,00-0038090,0.0,1,False,False,master_name_position,,crosswalk_fields_disagree,Info,crosswalk_fields_disagree
2024,4,WestNi00,Nick Westbrook-Ikhine,WR,IND,00-0036182,0.0,0,True,False,master_name_position,,no_actual_weekly_record;actual_score_created_from_missing_record,Info,
2024,4,MoorCh00,Chris Moore,WR,BAL,00-0032398,0.0,0,True,False,master_name_position,,crosswalk_fields_disagree;no_actual_weekly_record;actual_score_created_from_missing_record,Info,crosswalk_fields_disagree
2024,4,HeywCo00,Connor Heyward,TE,LV,00-0037304,0.0,0,True,False,manual_override,Top-player gate override because the historical FBG row uses a stale LV team while the weekly roster identifies Connor Heyward as TE 00-0037304 for PIT,no_actual_weekly_record;actual_score_created_from_missing_record,Info,manual_override_applied;gsis_id_not_in_master
2024,4,HodgKh00,KhaDarel Hodge,WR,SF,00-0034854,0.0,1,False,False,master_name_position,,crosswalk_fields_disagree,Info,crosswalk_fields_disagree
2024,4,MeltBo00,Bo Melton,WR,GB,00-0037091,3.8,1,False,False,weekly_stats_name_position_team,,crosswalk_fields_disagree,Info,crosswalk_fields_disagree
2024,4,WashCa01,Casey Washington,WR,CAR,00-0039394,0.0,0,True,False,master_name_position,,crosswalk_fields_disagree;no_actual_weekly_record;actual_score_created_from_missing_record,Info,crosswalk_fields_disagree
2024,4,CharIr00,Irv Charles,WR,SEA,,,0,False,False,unmatched,,no_unique_gsis_id;crosswalk_fields_disagree;no_actual_weekly_record;actual_score_created_from_missing_record,Info,crosswalk_fields_disagree
2024,4,JoneTi00,Tim Jones,WR,JAX,00-0036497,0.0,0,True,False,weekly_roster_name_position_team,,no_actual_weekly_record;actual_score_created_from_missing_record,Info,
2024,4,LongHu00,Hunter Long,TE,ARI,00-0037004,0.0,0,True,False,master_name_position,,crosswalk_fields_disagree;no_actual_weekly_record;actual_score_created_from_missing_record,Info,crosswalk_fields_disagree
2024,4,JoneCh00,Charlie Jones,WR,NYG,,,0,False,False,unmatched,,no_unique_gsis_id;no_actual_weekly_record;actual_score_created_from_missing_record,Info,
2024,4,MorrQu00,Quintin Morris,TE,JAX,00-0036590,0.0,0,True,False,master_name_position,,no_actual_weekly_record;actual_score_created_from_missing_record,Info,
2024,4,SimsBe00,Ben Sims,TE,MIA,00-0038809,0.0,0,True,False,master_name_position,,no_actual_weekly_record;actual_score_created_from_missing_record,Info,
2024,4,VannNi00,Nick Vannett,TE,BAL,00-0032394,0.0,0,True,False,master_name_position,,crosswalk_fields_disagree;master_team_context_differs;no_actual_weekly_record;actual_score_created_from_missing_record,Info,crosswalk_fields_disagree;master_team_context_differs
2024,4,KiefKo00,Ko Kieft,TE,TB,00-0037311,0.0,0,True,False,weekly_roster_name_position_team,,crosswalk_fields_disagree;no_actual_weekly_record;actual_score_created_from_missing_record,Info,crosswalk_fields_disagree
2024,4,SmarSt00,Stone Smartt,TE,NO,00-0037475,0.0,0,True,False,master_name_position,,crosswalk_fields_disagree;no_actual_weekly_record;actual_score_created_from_missing_record,Info,crosswalk_fields_disagree
2024,4,PalmJo01,Joshua Palmer,WR,BUF,00-0036988,6.6,1,False,False,master_name_position,,master_name_conflict,Info,master_name_conflict
2024,4,BachAl00,Alex Bachman,WR,LA,00-0035602,0.0,1,False,False,master_name_position,,crosswalk_fields_disagree,Info,crosswalk_fields_disagree
2024,4,AlleDa01,Davis Allen,TE,LA,00-0039074,0.0,0,True,False,weekly_roster_name_position_team,,crosswalk_fields_disagree;no_actual_weekly_record;actual_score_created_from_missing_record,Info,crosswalk_fields_disagree
2024,4,TonyRo00,Robert Tonyan Jr,TE,PIT,00-0033757,0.0,0,True,False,master_name_position,,no_actual_weekly_record;actual_score_created_from_missing_record,Info,
2024,4,AlleKe00,Keenan Allen,WR,IND,00-0030279,4.9,1,False,False,master_name_position,,crosswalk_fields_disagree,Info,crosswalk_fields_disagree
2024,4,WinsJa00,Jameis Winston,QB,NYG,00-0031503,0.0,0,True,False,master_name_position,,no_actual_weekly_record;actual_score_created_from_missing_record,Info,
2024,4,JoneMa04,Mac Jones,QB,SF,00-0036972,0.0,0,True,False,master_name_position,,crosswalk_fields_disagree;no_actual_weekly_record;actual_score_created_from_missing_record,Info,crosswalk_fields_disagree
2024,4,WillMa05,Malik Willis,QB,MIA,00-0038128,0.0,0,True,False,master_name_position,,no_actual_weekly_record;actual_score_created_from_missing_record,Info,
2024,4,OConAi01,Aidan O'Connell,QB,LV,00-0038579,0.0,0,True,False,weekly_roster_name_position_team,,no_actual_weekly_record;actual_score_created_from_missing_record,Info,
2024,4,AlixRa00,Rasheen Ali,RB,BAL,00-0039796,0.0,0,True,False,weekly_roster_name_position_team,,no_actual_weekly_record;actual_score_created_from_missing_record,Info,
2024,4,JoneVe00,Velus Jones Jr,RB,SEA,00-0037745,0.0,0,True,False,manual_override,Top-player gate override because the historical FBG row labels Velus Jones Jr as RB with stale teams while the weekly records identify GSIS 00-0037745 and the master position is WR,crosswalk_fields_disagree;master_position_conflict;no_actual_weekly_record;actual_score_created_from_missing_record,Info,crosswalk_fields_disagree;manual_override_applied;master_position_conflict
2024,4,KennTo01,Tom Kennedy,WR,DET,00-0035544,0.0,0,True,False,weekly_roster_name_position_team,,no_actual_weekly_record;actual_score_created_from_missing_record,Info,
2024,4,MitcKe01,Keaton Mitchell,RB,LAC,00-0038454,0.0,0,True,False,master_name_position,,no_actual_weekly_record;actual_score_created_from_missing_record,Info,
2024,4,PierDa01,Dameon Pierce,RB,PHI,00-0037258,0.0,0,True,False,master_name_position,,no_actual_weekly_record;actual_score_created_from_missing_record,Info,
2024,4,BrooCh01,Chris Brooks,RB,GB,00-0038685,0.0,0,True,False,weekly_roster_name_position_team,,no_actual_weekly_record;actual_score_created_from_missing_record,Info,
2024,5,MahoPa00,Patrick Mahomes II,QB,KC,00-0033873,13.44,1,False,True,weekly_stats_name_position_team,,crosswalk_fields_disagree,Warning,crosswalk_fields_disagree
2024,5,MayfBa00,Baker Mayfield,QB,TB,00-0034855,23.4,1,False,True,weekly_stats_name_position_team,,crosswalk_fields_disagree,Warning,crosswalk_fields_disagree
2024,5,AlleJo01,Josh Allen,QB,BUF,00-0034857,14.64,1,False,True,weekly_stats_name_position_team,,crosswalk_fields_disagree,Warning,crosswalk_fields_disagree
2024,5,FielJu00,Justin Fields,QB,KC,00-0036945,15.94,1,False,True,master_name_position,,crosswalk_fields_disagree,Warning,crosswalk_fields_disagree
2024,5,KamaAl00,Alvin Kamara,RB,NO,00-0033906,12.6,1,False,True,weekly_stats_name_position_team,,crosswalk_fields_disagree,Warning,crosswalk_fields_disagree
2024,5,SamuDe00,Deebo Samuel Sr.,WR,SF,00-0035719,3.0,1,False,True,weekly_stats_name_position_team,,crosswalk_fields_disagree,Warning,crosswalk_fields_disagree
2024,5,HarrMa05,Marvin Harrison Jr.,WR,ARI,00-0039849,5.6,1,False,True,weekly_stats_name_position_team,,crosswalk_fields_disagree,Warning,crosswalk_fields_disagree
2024,5,EtieTr00,Travis Etienne Jr.,RB,NO,00-0036973,12.0,1,False,True,master_name_position,,crosswalk_fields_disagree,Warning,crosswalk_fields_disagree
2024,5,GodwCh00,Chris Godwin Jr.,WR,TB,00-0033921,11.6,1,False,True,weekly_stats_name_position_team,,crosswalk_fields_disagree,Warning,crosswalk_fields_disagree
2024,5,DiggSt00,Stefon Diggs,WR,WAS,00-0031588,14.2,1,False,True,master_name_position,,crosswalk_fields_disagree,Warning,crosswalk_fields_disagree
2024,5,OlavCh00,Chris Olave,WR,NO,00-0037239,3.0,1,False,True,weekly_stats_name_position_team,,crosswalk_fields_disagree,Warning,crosswalk_fields_disagree
2024,5,WalkKe01,Ken Walker III,RB,KC,00-0038134,14.6,1,False,True,manual_override,FBG uses Ken Walker and a stale KC team in the historical export,master_name_conflict,Warning,manual_override_applied;master_name_conflict
2024,5,SmitJa02,Jaxon Smith-Njigba,WR,SEA,00-0038543,13.1,1,False,True,weekly_stats_name_position_team,,crosswalk_fields_disagree,Warning,crosswalk_fields_disagree
2024,5,HarrNa00,Najee Harris,RB,NYG,00-0036893,9.7,1,False,True,master_name_position,,crosswalk_fields_disagree,Warning,crosswalk_fields_disagree
2024,5,KirkCh00,Christian Kirk,WR,SF,00-0034775,12.8,1,False,True,master_name_position,,crosswalk_fields_disagree,Warning,crosswalk_fields_disagree
2024,5,StevRh00,Rhamondre Stevenson,RB,NE,00-0036875,19.2,1,False,True,weekly_stats_name_position_team,,crosswalk_fields_disagree,Warning,crosswalk_fields_disagree
2024,5,ThomBr01,Brian Thomas Jr.,WR,JAX,00-0039893,23.2,1,False,True,weekly_stats_name_position_team,,crosswalk_fields_disagree,Warning,crosswalk_fields_disagree
2024,5,KelcTr00,Travis Kelce,TE,KC,00-0030506,16.0,1,False,True,weekly_stats_name_position_team,,crosswalk_fields_disagree,Warning,crosswalk_fields_disagree
2024,5,AtweTu00,Tutu Atwell,WR,LA,00-0036849,12.5,1,False,True,weekly_stats_name_position_team,,crosswalk_fields_disagree,Warning,crosswalk_fields_disagree
2024,5,McClRa00,Ray-Ray McCloud III,WR,CHI,00-0034407,12.6,1,False,False,master_name_position,,crosswalk_fields_disagree,Info,crosswalk_fields_disagree
2024,5,AlleKe00,Keenan Allen,WR,IND,00-0030279,6.3,1,False,True,master_name_position,,crosswalk_fields_disagree,Warning,crosswalk_fields_disagree
2024,5,ParkCo00,Colby Parkinson,TE,LA,00-0036244,12.2,1,False,True,weekly_stats_name_position_team,,crosswalk_fields_disagree,Warning,crosswalk_fields_disagree
2024,5,DougDe00,DeMario Douglas,WR,NE,00-0038621,11.9,1,False,False,weekly_stats_name_position_team,,crosswalk_fields_disagree,Info,crosswalk_fields_disagree
2024,5,HenrHu00,Hunter Henry,TE,NE,00-0033090,5.2,1,False,True,weekly_stats_name_position_team,,crosswalk_fields_disagree,Warning,crosswalk_fields_disagree
2024,5,WortXa00,Xavier Worthy,WR,KC,00-0039894,11.8,1,False,True,weekly_stats_name_position_team,,crosswalk_fields_disagree,Warning,crosswalk_fields_disagree
2024,5,OttoCa00,Cade Otton,TE,TB,00-0038129,7.4,1,False,True,weekly_stats_name_position_team,,crosswalk_fields_disagree,Warning,crosswalk_fields_disagree
2024,5,IrviBu00,Bucky Irving,RB,TB,00-0039361,5.6,1,False,True,weekly_stats_name_position_team,,crosswalk_fields_disagree,Warning,crosswalk_fields_disagree
2024,5,FantNo00,Noah Fant,TE,NO,00-0035644,5.4,1,False,True,master_name_position,,crosswalk_fields_disagree,Warning,crosswalk_fields_disagree
2024,5,McLaJa00,Jaleel McLaughlin,RB,CLE,00-0038794,11.5,1,False,True,master_name_position,,crosswalk_fields_disagree,Warning,crosswalk_fields_disagree
2024,5,AlleBr01,Braelon Allen,RB,NYJ,00-0039794,3.8,1,False,True,weekly_stats_name_position_team,,crosswalk_fields_disagree,Warning,crosswalk_fields_disagree
2024,5,KrafTu00,Tucker Kraft,TE,GB,00-0038996,24.8,1,False,True,weekly_stats_name_position_team,,crosswalk_fields_disagree,Warning,crosswalk_fields_disagree
2024,5,SlayDa00,Darius Slayton,WR,NYG,00-0035535,26.2,1,False,False,weekly_stats_name_position_team,,crosswalk_fields_disagree,Info,crosswalk_fields_disagree
2024,5,NailJa00,Jalen Nailor,WR,LV,00-0037291,0.0,0,True,False,master_name_position,,no_actual_weekly_record;actual_score_created_from_missing_record,Info,
2024,5,MusgLu00,Luke Musgrave,TE,GB,00-0039144,0.0,0,True,False,weekly_roster_name_position_team,,crosswalk_fields_disagree;no_actual_weekly_record;actual_score_created_from_missing_record,Info,crosswalk_fields_disagree
2024,5,HollMa00,Mack Hollins,WR,NE,00-0033555,4.7,1,False,False,master_name_position,,crosswalk_fields_disagree,Info,crosswalk_fields_disagree
2024,5,OgunDa00,Dare Ogunbowale,RB,LV,00-0033854,14.7,1,False,True,master_name_position,,crosswalk_fields_disagree,Warning,crosswalk_fields_disagree
2024,5,GrayNo00,Noah Gray,TE,KC,00-0036637,4.9,1,False,True,weekly_stats_name_position_team,,crosswalk_fields_disagree,Warning,crosswalk_fields_disagree
2024,5,SandJa00,Ja'Tavion Sanders,TE,CAR,00-0039356,4.3,1,False,False,weekly_stats_name_position_team,,crosswalk_fields_disagree,Info,crosswalk_fields_disagree
2024,5,JuszKy00,Kyle Juszczyk,RB,SF,00-0029892,0.0,0,True,False,weekly_roster_name_position_team,,no_actual_weekly_record;actual_score_created_from_missing_record,Info,gsis_id_not_in_master
2024,5,JohnTy00,Ty Johnson,RB,BUF,00-0035537,1.5,1,False,False,weekly_stats_name_position_team,,crosswalk_fields_disagree,Info,crosswalk_fields_disagree
2024,5,ThorTy00,Tyquan Thornton,WR,KC,00-0038104,0.0,0,True,False,master_name_position,,crosswalk_fields_disagree;no_actual_weekly_record;actual_score_created_from_missing_record,Info,crosswalk_fields_disagree
2024,5,TiptMa00,Mason Tipton,WR,NO,00-0039623,1.2,1,False,False,weekly_stats_name_position_team,,crosswalk_fields_disagree,Info,crosswalk_fields_disagree
2024,5,BensTr01,Trey Benson,RB,ARI,00-0039921,0.0,0,True,True,weekly_roster_name_position_team,,no_actual_weekly_record;actual_score_created_from_missing_record,Warning,
2024,5,MillSc01,Scotty Miller,WR,CHI,00-0035298,0.0,0,True,False,pfr_crosswalk_verified,,master_name_conflict;no_actual_weekly_record;actual_score_created_from_missing_record,Info,master_name_conflict
2024,5,TillCe00,Cedric Tillman,WR,NO,00-0038979,0.0,0,True,False,manual_override,Top-player gate override because the historical FBG row uses a stale NO team and the master has duplicate Cedric Tillman rows while weekly CLE records identify GSIS 00-0038979,no_actual_weekly_record;actual_score_created_from_missing_record,Info,manual_override_applied
2024,5,MoorDa01,David Moore,WR,CAR,00-0033589,3.3,1,False,False,weekly_stats_name_position_team,,crosswalk_fields_disagree,Info,crosswalk_fields_disagree
2024,5,RiveRo01,Ronnie Rivers,RB,LA,00-0037557,0.0,0,True,False,weekly_roster_name_position_team,,no_actual_weekly_record;actual_score_created_from_missing_record,Info,
2024,5,KnoxDa00,Dawson Knox,TE,BUF,00-0035689,0.0,0,True,False,weekly_roster_name_position_team,,no_actual_weekly_record;actual_score_created_from_missing_record,Info,
2024,5,RuckJe00,Jeremy Ruckert,TE,NYJ,00-0037805,0.0,0,True,False,weekly_roster_name_position_team,,no_actual_weekly_record;actual_score_created_from_missing_record,Info,
2024,5,WashPa01,Parker Washington,WR,JAX,00-0038606,0.0,0,True,False,weekly_roster_name_position_team,,no_actual_weekly_record;actual_score_created_from_missing_record,Info,
2024,5,DemeEm00,Emari Demercado,RB,DAL,00-0038705,1.0,1,False,False,master_name_position,,crosswalk_fields_disagree,Info,crosswalk_fields_disagree
2024,5,BrooBr00,British Brooks,RB,HOU,00-0039603,0.0,0,True,False,weekly_roster_name_position_team,,no_actual_weekly_record;actual_score_created_from_missing_record,Info,
2024,5,SampDr00,Drew Sample,TE,CIN,00-0035631,0.0,0,True,False,weekly_roster_name_position_team,,no_actual_weekly_record;actual_score_created_from_missing_record,Info,
2024,5,IngoAl00,Alec Ingold,RB,LAC,00-0035125,0.0,0,True,False,manual_override,Top-player gate override because the historical FBG row uses a stale LAC team while the weekly roster identifies Alec Ingold as RB 00-0035125 for MIA,no_actual_weekly_record;actual_score_created_from_missing_record,Info,manual_override_applied;gsis_id_not_in_master
2024,5,SermTr00,Trey Sermon,RB,ATL,00-0036984,18.3,1,False,True,master_name_position,,crosswalk_fields_disagree,Warning,crosswalk_fields_disagree
2024,5,OlivJo00,Josh Oliver,TE,MIN,00-0035249,0.0,0,True,False,weekly_roster_name_position_team,,no_actual_weekly_record;actual_score_created_from_missing_record,Info,
2024,5,BoutKa00,Kayshon Boutte,WR,HOU,00-0038608,5.4,1,False,False,master_name_position,,crosswalk_fields_disagree,Info,crosswalk_fields_disagree
2024,5,BellDa03,Daniel Bellinger,TE,TEN,00-0038115,0.0,0,True,False,master_name_position,,no_actual_weekly_record;actual_score_created_from_missing_record,Info,
2024,5,BrowPh00,Pharaoh Brown,TE,IND,00-0033439,1.7,1,False,False,master_name_position,,crosswalk_fields_disagree,Info,crosswalk_fields_disagree
2024,5,DurhPa00,Payne Durham,TE,TB,00-0039050,0.0,0,True,False,weekly_roster_name_position_team,,crosswalk_fields_disagree;no_actual_weekly_record;actual_score_created_from_missing_record,Info,crosswalk_fields_disagree
2024,5,BateJo00,John Bates,TE,WAS,00-0036628,0.0,0,True,False,weekly_roster_name_position_team,,no_actual_weekly_record;actual_score_created_from_missing_record,Info,
2024,5,WileJa00,Jared Wiley,TE,KC,00-0039824,0.0,0,True,False,weekly_roster_name_position_team,,crosswalk_fields_disagree;no_actual_weekly_record;actual_score_created_from_missing_record,Info,crosswalk_fields_disagree
2024,5,HillJu01,Julian Hill,TE,NE,00-0038720,0.0,1,False,False,master_name_position,,crosswalk_fields_disagree,Info,crosswalk_fields_disagree
2024,5,SherTr00,Trent Sherfield,WR,BUF,00-0034487,0.0,0,True,False,master_name_position,,no_actual_weekly_record;actual_score_created_from_missing_record,Info,
2024,5,WhitBl01,Blake Whiteheart,TE,CLE,00-0038710,0.0,0,True,False,weekly_roster_name_position_team,,no_actual_weekly_record;actual_score_created_from_missing_record,Info,
2024,5,HyatJa00,Jalin Hyatt,WR,NYG,00-0038938,0.0,0,True,False,weekly_roster_name_position_team,,no_actual_weekly_record;actual_score_created_from_missing_record,Info,
2024,5,OgleAn00,Drew Ogletree,TE,IND,00-0037292,1.5,1,False,False,pfr_crosswalk_verified,,master_name_conflict,Info,master_name_conflict
2024,5,WoerCh00,Charlie Woerner,TE,ATL,00-0036429,0.0,0,True,False,weekly_roster_name_position_team,,no_actual_weekly_record;actual_score_created_from_missing_record,Info,
2024,5,SaubEr00,Eric Saubert,TE,SEA,00-0033576,0.0,0,True,False,master_name_position,,no_actual_weekly_record;actual_score_created_from_missing_record,Info,
2024,5,AlleDa01,Davis Allen,TE,LA,00-0039074,0.0,1,False,False,weekly_stats_name_position_team,,crosswalk_fields_disagree,Info,crosswalk_fields_disagree
2024,5,BurtMi00,Michael Burton,RB,CLE,00-0031595,0.0,0,True,False,pfr_crosswalk_verified,,no_actual_weekly_record;actual_score_created_from_missing_record,Info,gsis_id_not_in_master
2024,5,MoorCh00,Chris Moore,WR,BAL,00-0032398,0.0,0,True,False,master_name_position,,crosswalk_fields_disagree;no_actual_weekly_record;actual_score_created_from_missing_record,Info,crosswalk_fields_disagree
2024,5,MoorSk00,Skyy Moore,WR,GB,00-0038090,0.0,1,False,False,master_name_position,,crosswalk_fields_disagree,Info,crosswalk_fields_disagree
2024,5,TuckSe00,Sean Tucker,RB,TB,00-0038951,0.0,1,False,False,weekly_stats_name_position_team,,crosswalk_fields_disagree,Info,crosswalk_fields_disagree
2024,5,PrenAd00,Adam Prentice,RB,DEN,00-0036727,0.0,0,True,False,pfr_crosswalk_verified,,no_actual_weekly_record;actual_score_created_from_missing_record,Info,gsis_id_not_in_master
2024,5,HeywCo00,Connor Heyward,TE,LV,00-0037304,0.0,0,True,False,manual_override,Top-player gate override because the historical FBG row uses a stale LV team while the weekly roster identifies Connor Heyward as TE 00-0037304 for PIT,no_actual_weekly_record;actual_score_created_from_missing_record,Info,manual_override_applied;gsis_id_not_in_master
2024,5,BrooCh02,Christopher Brooks,RB,MIA,00-0038685,0.0,0,True,False,master_name_position,,master_name_conflict;master_team_context_differs;no_actual_weekly_record;actual_score_created_from_missing_record,Info,master_name_conflict;master_team_context_differs
2024,5,DallDe00,DeeJay Dallas,RB,MIN,00-0036425,0.0,1,False,False,master_name_position,,crosswalk_fields_disagree;master_team_context_differs,Info,crosswalk_fields_disagree;master_team_context_differs
2024,5,LaubDy00,Dylan Laube,RB,LV,00-0039407,0.0,0,True,False,weekly_roster_name_position_team,,no_actual_weekly_record;actual_score_created_from_missing_record,Info,
2024,5,WashCa01,Casey Washington,WR,CAR,00-0039394,0.0,0,True,False,master_name_position,,crosswalk_fields_disagree;no_actual_weekly_record;actual_score_created_from_missing_record,Info,crosswalk_fields_disagree
2024,5,SinnBe00,Ben Sinnott,TE,WAS,00-0039912,0.0,0,True,False,weekly_roster_name_position_team,,no_actual_weekly_record;actual_score_created_from_missing_record,Info,
2024,5,MeltBo00,Bo Melton,WR,GB,00-0037091,2.2,1,False,False,weekly_stats_name_position_team,,crosswalk_fields_disagree,Info,crosswalk_fields_disagree
2024,5,HodgKh00,KhaDarel Hodge,WR,SF,00-0034854,14.7,1,False,False,master_name_position,,crosswalk_fields_disagree,Info,crosswalk_fields_disagree
2024,5,GillRe00,Reggie Gilliam,RB,NE,00-0036187,0.0,0,True,False,master_name_position,,crosswalk_fields_disagree;no_actual_weekly_record;actual_score_created_from_missing_record,Info,crosswalk_fields_disagree
2024,5,CharIr00,Irv Charles,WR,SEA,,,0,False,False,unmatched,,no_unique_gsis_id;crosswalk_fields_disagree;no_actual_weekly_record;actual_score_created_from_missing_record,Info,crosswalk_fields_disagree
2024,5,SimsBe00,Ben Sims,TE,MIA,00-0038809,0.0,0,True,False,master_name_position,,no_actual_weekly_record;actual_score_created_from_missing_record,Info,
2024,5,YounDa02,Dareke Young,WR,LV,00-0037093,0.0,0,True,False,master_name_position,,no_actual_weekly_record;actual_score_created_from_missing_record,Info,
2024,5,LongHu00,Hunter Long,TE,ARI,00-0037004,3.6,1,False,False,master_name_position,,crosswalk_fields_disagree,Info,crosswalk_fields_disagree
2024,5,JoneCh00,Charlie Jones,WR,NYG,,,0,False,False,unmatched,,no_unique_gsis_id;no_actual_weekly_record;actual_score_created_from_missing_record,Info,
2024,5,JoneTi00,Tim Jones,WR,JAX,00-0036497,0.0,0,True,False,weekly_roster_name_position_team,,no_actual_weekly_record;actual_score_created_from_missing_record,Info,
2024,5,ManhCh00,Chris Manhertz,TE,NYG,00-0031484,0.0,0,True,False,weekly_roster_name_position_team,,no_actual_weekly_record;actual_score_created_from_missing_record,Info,
2024,5,KiefKo00,Ko Kieft,TE,TB,00-0037311,0.0,0,True,False,weekly_roster_name_position_team,,crosswalk_fields_disagree;no_actual_weekly_record;actual_score_created_from_missing_record,Info,crosswalk_fields_disagree
2024,5,TongJa00,Jake Tonges,TE,SF,00-0037112,0.0,0,True,False,weekly_roster_name_position_team,,no_actual_weekly_record;actual_score_created_from_missing_record,Info,
2024,5,MorrQu00,Quintin Morris,TE,JAX,00-0036590,0.0,0,True,False,master_name_position,,no_actual_weekly_record;actual_score_created_from_missing_record,Info,
2024,5,StroPi00,Pierre Strong Jr,RB,GB,00-0038098,0.2,1,False,False,master_name_position,,crosswalk_fields_disagree,Info,crosswalk_fields_disagree
2024,5,ShavTy00,Tyrell Shavers,WR,BUF,00-0038679,0.0,0,True,False,weekly_roster_name_position_team,,no_actual_weekly_record;actual_score_created_from_missing_record,Info,
2024,5,FlouRy00,Ryan Flournoy,WR,DAL,00-0039410,0.0,0,True,False,weekly_roster_name_position_team,,no_actual_weekly_record;actual_score_created_from_missing_record,Info,
2024,5,BachAl00,Alex Bachman,WR,LA,00-0035602,0.0,1,False,False,master_name_position,,crosswalk_fields_disagree,Info,crosswalk_fields_disagree
2024,5,HullEv00,Evan Hull,RB,ARI,00-0038397,0.0,0,True,False,master_name_position,,crosswalk_fields_disagree;no_actual_weekly_record;actual_score_created_from_missing_record,Info,crosswalk_fields_disagree
2024,5,TonyRo00,Robert Tonyan Jr,TE,PIT,00-0033757,0.0,0,True,False,master_name_position,,no_actual_weekly_record;actual_score_created_from_missing_record,Info,
2024,5,BeckAn00,Andrew Beck,RB,NYJ,00-0034959,0.0,0,True,False,manual_override,FBG position and team differ from the weekly roster record,no_actual_weekly_record;actual_score_created_from_missing_record,Info,manual_override_applied;gsis_id_not_in_master
2024,5,McCoSi00,Sincere McCormick,RB,SF,00-0037509,0.0,0,True,False,master_name_position,,no_actual_weekly_record;actual_score_created_from_missing_record,Info,
2024,5,MayeDr00,Drake Maye,QB,NE,00-0039851,0.0,0,True,True,weekly_roster_name_position_team,,crosswalk_fields_disagree;no_actual_weekly_record;actual_score_created_from_missing_record,Warning,crosswalk_fields_disagree
2024,5,BrooCh01,Chris Brooks,RB,GB,00-0038685,0.0,0,True,False,weekly_roster_name_position_team,,no_actual_weekly_record;actual_score_created_from_missing_record,Info,
2024,5,MillKe00,Kendre Miller,RB,NO,00-0038551,0.0,0,True,False,weekly_roster_name_position_team,,no_actual_weekly_record;actual_score_created_from_missing_record,Info,
2024,5,ThomIa00,Ian Thomas,TE,LV,00-0034365,0.0,0,True,False,master_name_position,,no_actual_weekly_record;actual_score_created_from_missing_record,Info,
2024,5,JoneVe00,Velus Jones Jr,RB,SEA,00-0037745,0.0,0,True,False,manual_override,Top-player gate override because the historical FBG row labels Velus Jones Jr as RB with stale teams while the weekly records identify GSIS 00-0037745 and the master position is WR,crosswalk_fields_disagree;master_position_conflict;no_actual_weekly_record;actual_score_created_from_missing_record,Info,crosswalk_fields_disagree;manual_override_applied;master_position_conflict
2024,5,DulcGr00,Greg Dulcich,TE,MIA,00-0037252,0.0,0,True,False,master_name_position,,no_actual_weekly_record;actual_score_created_from_missing_record,Info,
2024,5,WillMa05,Malik Willis,QB,MIA,00-0038128,0.0,0,True,True,master_name_position,,no_actual_weekly_record;actual_score_created_from_missing_record,Warning,
2024,5,OsboKJ00,K.J. Osborn,WR,TEN,00-0036345,0.0,0,True,False,master_name_position,,no_actual_weekly_record;actual_score_created_from_missing_record,Info,
2024,5,MetcJo00,John Metchie III,WR,CAR,00-0037614,0.0,0,True,False,master_name_position,,no_actual_weekly_record;actual_score_created_from_missing_record,Info,
2024,5,CorlMa00,Malachi Corley,WR,CLE,00-0039920,0.0,0,True,False,master_name_position,,no_actual_weekly_record;actual_score_created_from_missing_record,Info,
2024,5,WilsRo02,Roman Wilson,WR,PIT,00-0039739,0.0,0,True,False,weekly_roster_name_position_team,,no_actual_weekly_record;actual_score_created_from_missing_record,Info,
2024,5,PalmTr00,Trey Palmer,WR,NO,00-0039052,0.0,0,True,False,master_name_position,,crosswalk_fields_disagree;no_actual_weekly_record;actual_score_created_from_missing_record,Info,crosswalk_fields_disagree
2024,6,MayfBa00,Baker Mayfield,QB,TB,00-0034855,25.9,1,False,True,weekly_stats_name_position_team,,crosswalk_fields_disagree,Warning,crosswalk_fields_disagree
2024,6,AlleJo01,Josh Allen,QB,BUF,00-0034857,24.4,1,False,True,weekly_stats_name_position_team,,crosswalk_fields_disagree,Warning,crosswalk_fields_disagree
2024,6,RattSp00,Spencer Rattler,QB,NO,00-0039376,12.42,1,False,True,weekly_stats_name_position_team,,crosswalk_fields_disagree,Warning,crosswalk_fields_disagree
2024,6,FielJu00,Justin Fields,QB,KC,00-0036945,23.7,1,False,True,master_name_position,,crosswalk_fields_disagree,Warning,crosswalk_fields_disagree
2024,6,MayeDr00,Drake Maye,QB,NE,00-0039851,19.52,1,False,True,weekly_stats_name_position_team,,crosswalk_fields_disagree,Warning,crosswalk_fields_disagree
2024,6,WinsJa00,Jameis Winston,QB,NYG,00-0031503,0.0,0,True,True,master_name_position,,no_actual_weekly_record;actual_score_created_from_missing_record,Warning,
2024,6,KamaAl00,Alvin Kamara,RB,NO,00-0033906,17.4,1,False,True,weekly_stats_name_position_team,,crosswalk_fields_disagree,Warning,crosswalk_fields_disagree
2024,6,WalkKe01,Ken Walker III,RB,KC,00-0038134,20.9,1,False,True,manual_override,FBG uses Ken Walker and a stale KC team in the historical export,master_name_conflict,Warning,manual_override_applied;master_name_conflict
2024,6,GibbJa00,Jahmyr Gibbs,RB,DET,00-0039139,12.1,1,False,True,weekly_stats_name_position_team,,crosswalk_fields_disagree,Warning,crosswalk_fields_disagree
2024,6,HarrNa00,Najee Harris,RB,NYG,00-0036893,20.2,1,False,True,master_name_position,,crosswalk_fields_disagree,Warning,crosswalk_fields_disagree
2024,6,IrviBu00,Bucky Irving,RB,TB,00-0039361,18.5,1,False,True,weekly_stats_name_position_team,,crosswalk_fields_disagree,Warning,crosswalk_fields_disagree
2024,6,SermTr00,Trey Sermon,RB,ATL,00-0036984,2.9,1,False,True,master_name_position,,crosswalk_fields_disagree,Warning,crosswalk_fields_disagree
2024,6,EtieTr00,Travis Etienne Jr.,RB,NO,00-0036973,-0.1,1,False,True,master_name_position,,crosswalk_fields_disagree,Warning,crosswalk_fields_disagree
2024,6,JohnTy00,Ty Johnson,RB,BUF,00-0035537,3.4,1,False,True,weekly_stats_name_position_team,,crosswalk_fields_disagree,Warning,crosswalk_fields_disagree
2024,6,AlleBr01,Braelon Allen,RB,NYJ,00-0039794,0.8,1,False,True,weekly_stats_name_position_team,,crosswalk_fields_disagree,Warning,crosswalk_fields_disagree
2024,6,OgunDa00,Dare Ogunbowale,RB,LV,00-0033854,0.8,1,False,True,master_name_position,,crosswalk_fields_disagree,Warning,crosswalk_fields_disagree
2024,6,McLaJa00,Jaleel McLaughlin,RB,CLE,00-0038794,4.5,1,False,True,master_name_position,,crosswalk_fields_disagree,Warning,crosswalk_fields_disagree
2024,6,TuckSe00,Sean Tucker,RB,TB,00-0038951,34.2,1,False,True,weekly_stats_name_position_team,,crosswalk_fields_disagree,Warning,crosswalk_fields_disagree
2024,6,LuepHu01,Hunter Luepke,RB,DAL,00-0038738,0.0,0,True,False,weekly_roster_name_position_team,,no_actual_weekly_record;actual_score_created_from_missing_record,Info,
2024,6,GainKe00,Kenny Gainwell,RB,TB,00-0036919,2.3,1,False,False,master_name_position,,crosswalk_fields_disagree,Info,crosswalk_fields_disagree
2024,6,DemeEm00,Emari Demercado,RB,DAL,00-0038705,11.4,1,False,False,master_name_position,,crosswalk_fields_disagree,Info,crosswalk_fields_disagree
2024,6,JuszKy00,Kyle Juszczyk,RB,SF,00-0029892,0.0,0,True,False,weekly_roster_name_position_team,,no_actual_weekly_record;actual_score_created_from_missing_record,Info,gsis_id_not_in_master
2024,6,StroPi00,Pierre Strong Jr,RB,GB,00-0038098,9.8,1,False,False,master_name_position,,crosswalk_fields_disagree,Info,crosswalk_fields_disagree
2024,6,EstiAu00,Audric EstimC),RB,NO,00-0039373,1.3,1,False,False,master_name_position,,crosswalk_fields_disagree,Info,crosswalk_fields_disagree
2024,6,BurtMi00,Michael Burton,RB,CLE,00-0031595,0.0,0,True,False,pfr_crosswalk_verified,,no_actual_weekly_record;actual_score_created_from_missing_record,Info,gsis_id_not_in_master
2024,6,PrenAd00,Adam Prentice,RB,DEN,00-0036727,0.0,0,True,False,pfr_crosswalk_verified,,no_actual_weekly_record;actual_score_created_from_missing_record,Info,gsis_id_not_in_master
2024,6,HaskHa00,Hassan Haskins,RB,NE,00-0037617,0.5,1,False,False,master_name_position,,crosswalk_fields_disagree,Info,crosswalk_fields_disagree
2024,6,RicaPa00,Patrick Ricard,RB,NYG,00-0033376,0.0,0,True,False,master_name_position,,no_actual_weekly_record;actual_score_created_from_missing_record,Info,
2024,6,KrafTu00,Tucker Kraft,TE,GB,00-0038996,3.5,1,False,True,weekly_stats_name_position_team,,crosswalk_fields_disagree,Warning,crosswalk_fields_disagree
2024,6,OttoCa00,Cade Otton,TE,TB,00-0038129,9.5,1,False,True,weekly_stats_name_position_team,,crosswalk_fields_disagree,Warning,crosswalk_fields_disagree
2024,6,HenrHu00,Hunter Henry,TE,NE,00-0033090,13.1,1,False,True,weekly_stats_name_position_team,,crosswalk_fields_disagree,Warning,crosswalk_fields_disagree
2024,6,GesiMi00,Mike Gesicki,TE,CIN,00-0034829,0.0,0,True,True,weekly_roster_name_position_team,,no_actual_weekly_record;actual_score_created_from_missing_record,Warning,
2024,6,FantNo00,Noah Fant,TE,NO,00-0035644,12.3,1,False,True,master_name_position,,crosswalk_fields_disagree,Warning,crosswalk_fields_disagree
2024,6,OkonCh00,Chig Okonkwo,TE,WAS,00-0037809,3.6,1,False,True,master_name_position,,crosswalk_fields_disagree,Warning,crosswalk_fields_disagree
2024,6,SandJa00,Ja'Tavion Sanders,TE,CAR,00-0039356,9.9,1,False,True,weekly_stats_name_position_team,,crosswalk_fields_disagree,Warning,crosswalk_fields_disagree
2024,6,WrigBr00,Brock Wright,TE,DET,00-0036754,0.0,1,False,True,weekly_stats_name_position_team,,crosswalk_fields_disagree,Warning,crosswalk_fields_disagree
2024,6,BrowPh00,Pharaoh Brown,TE,IND,00-0033439,0.0,0,True,False,master_name_position,,crosswalk_fields_disagree;no_actual_weekly_record;actual_score_created_from_missing_record,Info,crosswalk_fields_disagree
2024,6,TrauAd00,Adam Trautman,TE,DEN,00-0036422,0.0,0,True,False,weekly_roster_name_position_team,,no_actual_weekly_record;actual_score_created_from_missing_record,Info,
2024,6,SchoLu00,Luke Schoonmaker,TE,DAL,00-0038547,0.0,0,True,False,weekly_roster_name_position_team,,no_actual_weekly_record;actual_score_created_from_missing_record,Info,
2024,6,FarrLu00,Luke Farrell,TE,SF,00-0036887,0.0,0,True,False,master_name_position,,no_actual_weekly_record;actual_score_created_from_missing_record,Info,
2024,6,VannNi00,Nick Vannett,TE,BAL,00-0032394,0.0,0,True,False,master_name_position,,crosswalk_fields_disagree;master_team_context_differs;no_actual_weekly_record;actual_score_created_from_missing_record,Info,crosswalk_fields_disagree;master_team_context_differs
2024,6,HeywCo00,Connor Heyward,TE,LV,00-0037304,0.0,0,True,False,manual_override,Top-player gate override because the historical FBG row uses a stale LV team while the weekly roster identifies Connor Heyward as TE 00-0037304 for PIT,no_actual_weekly_record;actual_score_created_from_missing_record,Info,manual_override_applied;gsis_id_not_in_master
2024,6,SampDr00,Drew Sample,TE,CIN,00-0035631,0.0,0,True,False,weekly_roster_name_position_team,,no_actual_weekly_record;actual_score_created_from_missing_record,Info,
2024,6,OgleAn00,Drew Ogletree,TE,IND,00-0037292,4.4,1,False,False,pfr_crosswalk_verified,,master_name_conflict,Info,master_name_conflict
2024,6,SpanBr00,Brevyn Spann-Ford,TE,DAL,00-0039530,0.0,0,True,False,weekly_roster_name_position_team,,no_actual_weekly_record;actual_score_created_from_missing_record,Info,
2024,6,SaubEr00,Eric Saubert,TE,SEA,00-0033576,0.0,0,True,False,master_name_position,,no_actual_weekly_record;actual_score_created_from_missing_record,Info,
2024,6,ReimTi00,Tip Reiman,TE,ARI,00-0039737,0.0,0,True,False,weekly_roster_name_position_team,,no_actual_weekly_record;actual_score_created_from_missing_record,Info,
2024,6,DurhPa00,Payne Durham,TE,TB,00-0039050,0.0,0,True,False,weekly_roster_name_position_team,,crosswalk_fields_disagree;no_actual_weekly_record;actual_score_created_from_missing_record,Info,crosswalk_fields_disagree
2024,6,DiggSt00,Stefon Diggs,WR,WAS,00-0031588,19.7,1,False,True,master_name_position,,crosswalk_fields_disagree,Warning,crosswalk_fields_disagree
2024,6,BrowAJ00,A.J. Brown,WR,NE,00-0035676,23.6,1,False,True,master_name_position,,crosswalk_fields_disagree,Warning,crosswalk_fields_disagree
2024,6,GodwCh00,Chris Godwin Jr.,WR,TB,00-0033921,35.5,1,False,True,weekly_stats_name_position_team,,crosswalk_fields_disagree,Warning,crosswalk_fields_disagree
2024,6,SamuDe00,Deebo Samuel Sr.,WR,SF,00-0035719,20.7,1,False,True,weekly_stats_name_position_team,,crosswalk_fields_disagree,Warning,crosswalk_fields_disagree
2024,6,SlayDa00,Darius Slayton,WR,NYG,00-0035535,11.7,1,False,True,weekly_stats_name_position_team,,crosswalk_fields_disagree,Warning,crosswalk_fields_disagree
2024,6,WillJa09,Jameson Williams,WR,DET,00-0037240,17.7,1,False,True,weekly_stats_name_position_team,,crosswalk_fields_disagree,Warning,crosswalk_fields_disagree
2024,6,SmitDe04,DeVonta Smith,WR,PHI,00-0036912,15.4,1,False,True,weekly_stats_name_position_team,,crosswalk_fields_disagree,Warning,crosswalk_fields_disagree
2024,6,HarrMa05,Marvin Harrison Jr.,WR,ARI,00-0039849,0.0,1,False,True,weekly_stats_name_position_team,,crosswalk_fields_disagree,Warning,crosswalk_fields_disagree
2024,6,ThomBr01,Brian Thomas Jr.,WR,JAX,00-0039893,5.7,1,False,True,weekly_stats_name_position_team,,crosswalk_fields_disagree,Warning,crosswalk_fields_disagree
2024,6,SmitJa02,Jaxon Smith-Njigba,WR,SEA,00-0038543,10.3,1,False,True,weekly_stats_name_position_team,,crosswalk_fields_disagree,Warning,crosswalk_fields_disagree
2024,6,OlavCh00,Chris Olave,WR,NO,00-0037239,-0.5,1,False,True,weekly_stats_name_position_team,,crosswalk_fields_disagree,Warning,crosswalk_fields_disagree
2024,6,AlleKe00,Keenan Allen,WR,IND,00-0030279,21.1,1,False,True,master_name_position,,crosswalk_fields_disagree,Warning,crosswalk_fields_disagree
2024,6,McClRa00,Ray-Ray McCloud III,WR,CHI,00-0034407,4.3,1,False,False,master_name_position,,crosswalk_fields_disagree,Info,crosswalk_fields_disagree
2024,6,KirkCh00,Christian Kirk,WR,SF,00-0034775,6.9,1,False,True,master_name_position,,crosswalk_fields_disagree,Warning,crosswalk_fields_disagree
2024,6,DoubRo00,Romeo Doubs,WR,NE,00-0037816,19.9,1,False,True,master_name_position,,crosswalk_fields_disagree,Warning,crosswalk_fields_disagree
2024,6,DougDe00,DeMario Douglas,WR,NE,00-0038621,21.2,1,False,False,weekly_stats_name_position_team,,crosswalk_fields_disagree,Info,crosswalk_fields_disagree
2024,6,JohnQu01,Quentin Johnston,WR,LAC,00-0038544,5.2,1,False,False,weekly_stats_name_position_team,,crosswalk_fields_disagree,Info,crosswalk_fields_disagree
2024,6,PalmJo01,Joshua Palmer,WR,BUF,00-0036988,5.8,1,False,False,master_name_position,,master_name_conflict,Info,master_name_conflict
2024,6,HollMa00,Mack Hollins,WR,NE,00-0033555,7.8,1,False,False,master_name_position,,crosswalk_fields_disagree,Info,crosswalk_fields_disagree
2024,6,MetcJo00,John Metchie III,WR,CAR,00-0037614,0.0,0,True,False,master_name_position,,no_actual_weekly_record;actual_score_created_from_missing_record,Info,
2024,6,MeltBo00,Bo Melton,WR,GB,00-0037091,4.3,1,False,False,weekly_stats_name_position_team,,crosswalk_fields_disagree,Info,crosswalk_fields_disagree
2024,6,TiptMa00,Mason Tipton,WR,NO,00-0039623,2.5,1,False,False,weekly_stats_name_position_team,,crosswalk_fields_disagree,Info,crosswalk_fields_disagree
2024,6,McMiJa00,Jalen McMillan,WR,TB,00-0039855,0.0,1,False,False,weekly_stats_name_position_team,,crosswalk_fields_disagree,Info,crosswalk_fields_disagree
2024,6,MoorDa01,David Moore,WR,CAR,00-0033589,3.7,1,False,False,weekly_stats_name_position_team,,crosswalk_fields_disagree,Info,crosswalk_fields_disagree
2024,6,OsboKJ00,K.J. Osborn,WR,TEN,00-0036345,0.0,0,True,False,master_name_position,,no_actual_weekly_record;actual_score_created_from_missing_record,Info,
2024,6,BoutKa00,Kayshon Boutte,WR,HOU,00-0038608,14.9,1,False,False,master_name_position,,crosswalk_fields_disagree,Info,crosswalk_fields_disagree
2024,6,DuveDe00,Devin Duvernay,WR,ARI,00-0036331,0.0,0,True,False,master_name_position,,no_actual_weekly_record;actual_score_created_from_missing_record,Info,
2024,6,DaviDe01,Derius Davis,WR,LAC,00-0038573,3.2,1,False,False,weekly_stats_name_position_team,,crosswalk_fields_disagree,Info,crosswalk_fields_disagree
2024,6,HodgKh00,KhaDarel Hodge,WR,SF,00-0034854,0.0,0,True,False,master_name_position,,crosswalk_fields_disagree;no_actual_weekly_record;actual_score_created_from_missing_record,Info,crosswalk_fields_disagree
2024,6,MillSc01,Scotty Miller,WR,CHI,00-0035298,0.0,0,True,False,pfr_crosswalk_verified,,master_name_conflict;no_actual_weekly_record;actual_score_created_from_missing_record,Info,master_name_conflict
2024,6,WallTy00,Tylan Wallace,WR,CLE,00-0036630,0.0,0,True,False,master_name_position,,no_actual_weekly_record;actual_score_created_from_missing_record,Info,
2024,6,KennTo01,Tom Kennedy,WR,DET,00-0035544,0.0,0,True,False,weekly_roster_name_position_team,,no_actual_weekly_record;actual_score_created_from_missing_record,Info,
2024,6,JohnBr03,Brandon Johnson,WR,PIT,00-0037382,0.0,0,True,False,weekly_roster_name_position_team,,no_actual_weekly_record;actual_score_created_from_missing_record,Info,
2024,6,YounDa02,Dareke Young,WR,LV,00-0037093,0.0,0,True,False,master_name_position,,no_actual_weekly_record;actual_score_created_from_missing_record,Info,
2024,6,ThraJa01,Jamari Thrash,WR,CLE,00-0039379,0.0,0,True,False,weekly_roster_name_position_team,,no_actual_weekly_record;actual_score_created_from_missing_record,Info,
2024,6,WatsCh00,Christian Watson,WR,GB,00-0038124,15.8,1,False,False,weekly_stats_name_position_team,,crosswalk_fields_disagree,Info,crosswalk_fields_disagree
2024,6,HaenJa00,Jake Haener,QB,NYG,00-0038998,0.0,0,True,True,master_name_position,,crosswalk_fields_disagree;no_actual_weekly_record;actual_score_created_from_missing_record,Warning,crosswalk_fields_disagree
2024,6,ReynCr00,Craig Reynolds,RB,WAS,00-0035567,2.1,1,False,False,master_name_position,,crosswalk_fields_disagree,Info,crosswalk_fields_disagree
2024,6,DallDe00,DeeJay Dallas,RB,MIN,00-0036425,0.0,1,False,False,master_name_position,,crosswalk_fields_disagree;master_team_context_differs,Info,crosswalk_fields_disagree;master_team_context_differs
2024,6,GillRe00,Reggie Gilliam,RB,NE,00-0036187,0.0,0,True,False,master_name_position,,crosswalk_fields_disagree;no_actual_weekly_record;actual_score_created_from_missing_record,Info,crosswalk_fields_disagree
2024,6,WilsRo02,Roman Wilson,WR,PIT,00-0039739,0.0,0,True,False,weekly_roster_name_position_team,,no_actual_weekly_record;actual_score_created_from_missing_record,Info,
2024,6,BeckAn00,Andrew Beck,RB,NYJ,00-0034959,0.0,0,True,False,manual_override,FBG position and team differ from the weekly roster record,no_actual_weekly_record;actual_score_created_from_missing_record,Info,manual_override_applied;gsis_id_not_in_master
2024,6,WashCa01,Casey Washington,WR,CAR,00-0039394,0.0,0,True,False,master_name_position,,crosswalk_fields_disagree;no_actual_weekly_record;actual_score_created_from_missing_record,Info,crosswalk_fields_disagree
2024,6,QuitTe00,Teagan Quitoriano,TE,ARI,00-0037277,0.0,0,True,False,master_name_position,,no_actual_weekly_record;actual_score_created_from_missing_record,Info,
2024,6,JennTe00,Terrell Jennings,RB,NE,00-0039757,1.3,1,False,False,weekly_stats_name_position_team,,crosswalk_fields_disagree,Info,crosswalk_fields_disagree
2024,6,SinnBe00,Ben Sinnott,TE,WAS,00-0039912,0.0,0,True,False,weekly_roster_name_position_team,,no_actual_weekly_record;actual_score_created_from_missing_record,Info,
2024,6,RodrCh01,Chris Rodriguez Jr.,RB,JAX,00-0038611,0.0,0,True,False,master_name_position,,no_actual_weekly_record;actual_score_created_from_missing_record,Info,
2024,6,SmarSt00,Stone Smartt,TE,NO,00-0037475,2.0,1,False,False,master_name_position,,crosswalk_fields_disagree,Info,crosswalk_fields_disagree
2024,6,BachAl00,Alex Bachman,WR,LA,00-0035602,6.1,1,False,False,master_name_position,,crosswalk_fields_disagree,Info,crosswalk_fields_disagree
2024,6,HudsTa00,Tanner Hudson,TE,CIN,00-0034613,0.0,0,True,False,weekly_roster_name_position_team,,no_actual_weekly_record;actual_score_created_from_missing_record,Info,
2024,6,KiefKo00,Ko Kieft,TE,TB,00-0037311,0.0,0,True,False,weekly_roster_name_position_team,,crosswalk_fields_disagree;no_actual_weekly_record;actual_score_created_from_missing_record,Info,crosswalk_fields_disagree
2024,6,CharIr00,Irv Charles,WR,SEA,,,0,False,False,unmatched,,no_unique_gsis_id;crosswalk_fields_disagree;no_actual_weekly_record;actual_score_created_from_missing_record,Info,crosswalk_fields_disagree
2024,6,ManhCh00,Chris Manhertz,TE,NYG,00-0031484,0.0,0,True,False,weekly_roster_name_position_team,,no_actual_weekly_record;actual_score_created_from_missing_record,Info,
2024,6,WilsJo02,Johnny Wilson,WR,PHI,00-0039236,0.0,0,True,False,weekly_roster_name_position_team,,no_actual_weekly_record;actual_score_created_from_missing_record,Info,
2024,6,AlixRa00,Rasheen Ali,RB,BAL,00-0039796,0.0,0,True,False,weekly_roster_name_position_team,,no_actual_weekly_record;actual_score_created_from_missing_record,Info,
2024,6,TongJa00,Jake Tonges,TE,SF,00-0037112,0.0,0,True,False,weekly_roster_name_position_team,,no_actual_weekly_record;actual_score_created_from_missing_record,Info,
2024,6,YankCo00,Colson Yankoff,TE,WAS,00-0039686,0.0,0,True,False,master_name_position,,no_actual_weekly_record;actual_score_created_from_missing_record,Info,
2024,6,JoneCh00,Charlie Jones,WR,NYG,,,0,False,False,unmatched,,no_unique_gsis_id;no_actual_weekly_record;actual_score_created_from_missing_record,Info,
2024,6,HullEv00,Evan Hull,RB,ARI,00-0038397,0.0,0,True,False,master_name_position,,crosswalk_fields_disagree;no_actual_weekly_record;actual_score_created_from_missing_record,Info,crosswalk_fields_disagree
2024,6,GoreFr01,Frank Gore Jr.,RB,BUF,00-0039471,0.0,0,True,False,weekly_roster_name_position_team,,no_actual_weekly_record;actual_score_created_from_missing_record,Info,
2024,6,VeleDe00,Devaughn Vele,WR,NO,00-0039424,11.8,1,False,False,master_name_position,,crosswalk_fields_disagree,Info,crosswalk_fields_disagree
2024,6,CookJa05,James Cook III,RB,BUF,00-0037248,0.0,0,True,False,weekly_roster_name_position_team,,no_actual_weekly_record;actual_score_created_from_missing_record,Info,
2024,6,WhitZa00,Zamir White,RB,NO,00-0038040,0.0,0,True,False,master_name_position,,no_actual_weekly_record;actual_score_created_from_missing_record,Info,
2024,6,MitcKe01,Keaton Mitchell,RB,LAC,00-0038454,0.0,0,True,False,master_name_position,,no_actual_weekly_record;actual_score_created_from_missing_record,Info,
2024,6,WhitBl01,Blake Whiteheart,TE,CLE,00-0038710,0.0,0,True,False,weekly_roster_name_position_team,,no_actual_weekly_record;actual_score_created_from_missing_record,Info,
2024,7,MayfBa00,Baker Mayfield,QB,TB,00-0034855,27.0,1,False,True,weekly_stats_name_position_team,,crosswalk_fields_disagree,Warning,crosswalk_fields_disagree
2024,7,MahoPa00,Patrick Mahomes II,QB,KC,00-0033873,12.06,1,False,True,weekly_stats_name_position_team,,crosswalk_fields_disagree,Warning,crosswalk_fields_disagree
2024,7,MayeDr00,Drake Maye,QB,NE,00-0039851,20.84,1,False,True,weekly_stats_name_position_team,,crosswalk_fields_disagree,Warning,crosswalk_fields_disagree
2024,7,AlleJo01,Josh Allen,QB,BUF,00-0034857,21.02,1,False,True,weekly_stats_name_position_team,,crosswalk_fields_disagree,Warning,crosswalk_fields_disagree
2024,7,RattSp00,Spencer Rattler,QB,NO,00-0039376,6.28,1,False,True,weekly_stats_name_position_team,,crosswalk_fields_disagree,Warning,crosswalk_fields_disagree
2024,7,FielJu00,Justin Fields,QB,KC,00-0036945,0.0,0,True,True,master_name_position,,crosswalk_fields_disagree;no_actual_weekly_record;actual_score_created_from_missing_record,Warning,crosswalk_fields_disagree
2024,7,KamaAl00,Alvin Kamara,RB,NO,00-0033906,8.4,1,False,True,weekly_stats_name_position_team,,crosswalk_fields_disagree,Warning,crosswalk_fields_disagree
2024,7,GodwCh00,Chris Godwin Jr.,WR,TB,00-0033921,13.5,1,False,True,weekly_stats_name_position_team,,crosswalk_fields_disagree,Warning,crosswalk_fields_disagree
2024,7,BrowAJ00,A.J. Brown,WR,NE,00-0035676,19.9,1,False,True,master_name_position,,crosswalk_fields_disagree,Warning,crosswalk_fields_disagree
2024,7,WalkKe01,Ken Walker III,RB,KC,00-0038134,23.3,1,False,True,manual_override,FBG uses Ken Walker and a stale KC team in the historical export,master_name_conflict,Warning,manual_override_applied;master_name_conflict
2024,7,DiggSt00,Stefon Diggs,WR,WAS,00-0031588,7.3,1,False,True,master_name_position,,crosswalk_fields_disagree,Warning,crosswalk_fields_disagree
2024,7,KelcTr00,Travis Kelce,TE,KC,00-0030506,5.7,1,False,True,weekly_stats_name_position_team,,crosswalk_fields_disagree,Warning,crosswalk_fields_disagree
2024,7,SmitDe04,DeVonta Smith,WR,PHI,00-0036912,0.8,1,False,True,weekly_stats_name_position_team,,crosswalk_fields_disagree,Warning,crosswalk_fields_disagree
2024,7,SamuDe00,Deebo Samuel Sr.,WR,SF,00-0035719,0.0,1,False,True,weekly_stats_name_position_team,,crosswalk_fields_disagree,Warning,crosswalk_fields_disagree
2024,7,GibbJa00,Jahmyr Gibbs,RB,DET,00-0039139,32.0,1,False,True,weekly_stats_name_position_team,,crosswalk_fields_disagree,Warning,crosswalk_fields_disagree
2024,7,HarrNa00,Najee Harris,RB,NYG,00-0036893,16.2,1,False,True,master_name_position,,crosswalk_fields_disagree,Warning,crosswalk_fields_disagree
2024,7,ThomBr01,Brian Thomas Jr.,WR,JAX,00-0039893,22.1,1,False,True,weekly_stats_name_position_team,,crosswalk_fields_disagree,Warning,crosswalk_fields_disagree
2024,7,WillJa09,Jameson Williams,WR,DET,00-0037240,0.6,1,False,True,weekly_stats_name_position_team,,crosswalk_fields_disagree,Warning,crosswalk_fields_disagree
2024,7,SmitJa02,Jaxon Smith-Njigba,WR,SEA,00-0038543,5.3,1,False,True,weekly_stats_name_position_team,,crosswalk_fields_disagree,Warning,crosswalk_fields_disagree
2024,7,HarrMa05,Marvin Harrison Jr.,WR,ARI,00-0039849,5.1,1,False,True,weekly_stats_name_position_team,,crosswalk_fields_disagree,Warning,crosswalk_fields_disagree
2024,7,KirkCh00,Christian Kirk,WR,SF,00-0034775,3.4,1,False,True,master_name_position,,crosswalk_fields_disagree,Warning,crosswalk_fields_disagree
2024,7,StevRh00,Rhamondre Stevenson,RB,NE,00-0036875,4.5,1,False,True,weekly_stats_name_position_team,,crosswalk_fields_disagree,Warning,crosswalk_fields_disagree
2024,7,DougDe00,DeMario Douglas,WR,NE,00-0038621,3.4,1,False,True,weekly_stats_name_position_team,,crosswalk_fields_disagree,Warning,crosswalk_fields_disagree
2024,7,SermTr00,Trey Sermon,RB,ATL,00-0036984,5.9,1,False,True,master_name_position,,crosswalk_fields_disagree,Warning,crosswalk_fields_disagree
2024,7,DoubRo00,Romeo Doubs,WR,NE,00-0037816,17.4,1,False,False,master_name_position,,crosswalk_fields_disagree,Info,crosswalk_fields_disagree
2024,7,McClRa00,Ray-Ray McCloud III,WR,CHI,00-0034407,2.9,1,False,False,master_name_position,,crosswalk_fields_disagree,Info,crosswalk_fields_disagree
2024,7,SuttCo00,Courtland Sutton,WR,DEN,00-0034348,0.0,0,True,True,weekly_roster_name_position_team,,no_actual_weekly_record;actual_score_created_from_missing_record,Warning,
2024,7,SlayDa00,Darius Slayton,WR,NYG,00-0035535,2.1,1,False,True,weekly_stats_name_position_team,,crosswalk_fields_disagree,Warning,crosswalk_fields_disagree
2024,7,PalmJo01,Joshua Palmer,WR,BUF,00-0036988,10.3,1,False,False,master_name_position,,master_name_conflict,Info,master_name_conflict
2024,7,WortXa00,Xavier Worthy,WR,KC,00-0039894,5.4,1,False,True,weekly_stats_name_position_team,,crosswalk_fields_disagree,Warning,crosswalk_fields_disagree
2024,7,KrafTu00,Tucker Kraft,TE,GB,00-0038996,12.3,1,False,True,weekly_stats_name_position_team,,crosswalk_fields_disagree,Warning,crosswalk_fields_disagree
2024,7,AtweTu00,Tutu Atwell,WR,LA,00-0036849,11.1,1,False,True,weekly_stats_name_position_team,,crosswalk_fields_disagree,Warning,crosswalk_fields_disagree
2024,7,ParkCo00,Colby Parkinson,TE,LA,00-0036244,5.2,1,False,True,weekly_stats_name_position_team,,crosswalk_fields_disagree,Warning,crosswalk_fields_disagree
2024,7,IrviBu00,Bucky Irving,RB,TB,00-0039361,16.7,1,False,True,weekly_stats_name_position_team,,crosswalk_fields_disagree,Warning,crosswalk_fields_disagree
2024,7,VeleDe00,Devaughn Vele,WR,NO,00-0039424,3.0,1,False,False,master_name_position,,crosswalk_fields_disagree,Info,crosswalk_fields_disagree
2024,7,OttoCa00,Cade Otton,TE,TB,00-0038129,18.0,1,False,True,weekly_stats_name_position_team,,crosswalk_fields_disagree,Warning,crosswalk_fields_disagree
2024,7,BachAl00,Alex Bachman,WR,LA,00-0035602,0.0,1,False,False,master_name_position,,crosswalk_fields_disagree,Info,crosswalk_fields_disagree
2024,7,HenrHu00,Hunter Henry,TE,NE,00-0033090,17.2,1,False,True,weekly_stats_name_position_team,,crosswalk_fields_disagree,Warning,crosswalk_fields_disagree
2024,7,WatsCh00,Christian Watson,WR,GB,00-0038124,1.5,1,False,False,weekly_stats_name_position_team,,crosswalk_fields_disagree,Info,crosswalk_fields_disagree
2024,7,SandJa00,Ja'Tavion Sanders,TE,CAR,00-0039356,12.1,1,False,True,weekly_stats_name_position_team,,crosswalk_fields_disagree,Warning,crosswalk_fields_disagree
2024,7,WhitJo04,Jordan Whittington,WR,LA,00-0039751,0.0,0,True,True,weekly_roster_name_position_team,,no_actual_weekly_record;actual_score_created_from_missing_record,Warning,
2024,7,FantNo00,Noah Fant,TE,NO,00-0035644,10.5,1,False,True,master_name_position,,crosswalk_fields_disagree,Warning,crosswalk_fields_disagree
2024,7,BoutKa00,Kayshon Boutte,WR,HOU,00-0038608,4.3,1,False,False,master_name_position,,crosswalk_fields_disagree,Info,crosswalk_fields_disagree
2024,7,StroPi00,Pierre Strong Jr,RB,GB,00-0038098,2.5,1,False,False,master_name_position,,crosswalk_fields_disagree,Info,crosswalk_fields_disagree
2024,7,ThraJa01,Jamari Thrash,WR,CLE,00-0039379,0.0,0,True,False,weekly_roster_name_position_team,,no_actual_weekly_record;actual_score_created_from_missing_record,Info,
2024,7,TiptMa00,Mason Tipton,WR,NO,00-0039623,10.5,1,False,False,weekly_stats_name_position_team,,crosswalk_fields_disagree,Info,crosswalk_fields_disagree
2024,7,McLaJa00,Jaleel McLaughlin,RB,CLE,00-0038794,3.5,1,False,True,master_name_position,,crosswalk_fields_disagree,Warning,crosswalk_fields_disagree
2024,7,AlleBr01,Braelon Allen,RB,NYJ,00-0039794,1.6,1,False,True,weekly_stats_name_position_team,,crosswalk_fields_disagree,Warning,crosswalk_fields_disagree
2024,7,OkonCh00,Chig Okonkwo,TE,WAS,00-0037809,9.0,1,False,True,master_name_position,,crosswalk_fields_disagree,Warning,crosswalk_fields_disagree
2024,7,TuckSe00,Sean Tucker,RB,TB,00-0038951,4.8,1,False,True,weekly_stats_name_position_team,,crosswalk_fields_disagree,Warning,crosswalk_fields_disagree
2024,7,TonyRo00,Robert Tonyan Jr,TE,PIT,00-0033757,0.0,0,True,False,master_name_position,,no_actual_weekly_record;actual_score_created_from_missing_record,Info,
2024,7,McCaLu00,Luke McCaffrey,WR,WAS,00-0039355,0.0,0,True,False,weekly_roster_name_position_team,,no_actual_weekly_record;actual_score_created_from_missing_record,Info,
2024,7,GrayNo00,Noah Gray,TE,KC,00-0036637,10.6,1,False,True,weekly_stats_name_position_team,,crosswalk_fields_disagree,Warning,crosswalk_fields_disagree
2024,7,AbduAm00,Ameer Abdullah,RB,JAX,00-0032104,0.0,0,True,False,master_name_position,,no_actual_weekly_record;actual_score_created_from_missing_record,Info,
2024,7,JuszKy00,Kyle Juszczyk,RB,SF,00-0029892,0.0,0,True,False,weekly_roster_name_position_team,,no_actual_weekly_record;actual_score_created_from_missing_record,Info,gsis_id_not_in_master
2024,7,JohnTy00,Ty Johnson,RB,BUF,00-0035537,7.4,1,False,False,weekly_stats_name_position_team,,crosswalk_fields_disagree,Info,crosswalk_fields_disagree
2024,7,MingJo00,Jonathan Mingo,WR,DAL,00-0039062,0.0,0,True,False,master_name_position,,no_actual_weekly_record;actual_score_created_from_missing_record,Info,
2024,7,DemeEm00,Emari Demercado,RB,DAL,00-0038705,1.4,1,False,False,master_name_position,,crosswalk_fields_disagree,Info,crosswalk_fields_disagree
2024,7,EstiAu00,Audric EstimC),RB,NO,00-0039373,0.9,1,False,False,master_name_position,,crosswalk_fields_disagree,Info,crosswalk_fields_disagree
2024,7,HollMa00,Mack Hollins,WR,NE,00-0033555,0.0,1,False,False,master_name_position,,crosswalk_fields_disagree,Info,crosswalk_fields_disagree
2024,7,BensTr01,Trey Benson,RB,ARI,00-0039921,0.0,0,True,False,weekly_roster_name_position_team,,no_actual_weekly_record;actual_score_created_from_missing_record,Info,
2024,7,WrigBr00,Brock Wright,TE,DET,00-0036754,0.0,0,True,False,weekly_roster_name_position_team,,crosswalk_fields_disagree;no_actual_weekly_record;actual_score_created_from_missing_record,Info,crosswalk_fields_disagree
2024,7,ShorJu00,Justin Shorter,WR,LV,00-0038590,0.0,0,True,False,pfr_crosswalk_verified,,master_position_conflict;no_actual_weekly_record;actual_score_created_from_missing_record,Info,master_position_conflict
2024,7,MetcJo00,John Metchie III,WR,CAR,00-0037614,0.0,0,True,False,master_name_position,,no_actual_weekly_record;actual_score_created_from_missing_record,Info,
2024,7,OgunDa00,Dare Ogunbowale,RB,LV,00-0033854,0.6,1,False,False,master_name_position,,crosswalk_fields_disagree,Info,crosswalk_fields_disagree
2024,7,StraBr00,Brenton Strange,TE,JAX,00-0038935,0.0,0,True,False,weekly_roster_name_position_team,,no_actual_weekly_record;actual_score_created_from_missing_record,Info,
2024,7,GainKe00,Kenny Gainwell,RB,TB,00-0036919,7.7,1,False,False,master_name_position,,crosswalk_fields_disagree,Info,crosswalk_fields_disagree
2024,7,RuckJe00,Jeremy Ruckert,TE,NYJ,00-0037805,0.0,0,True,False,weekly_roster_name_position_team,,no_actual_weekly_record;actual_score_created_from_missing_record,Info,
2024,7,PalmTr00,Trey Palmer,WR,NO,00-0039052,2.6,1,False,False,master_name_position,,crosswalk_fields_disagree,Info,crosswalk_fields_disagree
2024,7,MillSc01,Scotty Miller,WR,CHI,00-0035298,0.0,0,True,False,pfr_crosswalk_verified,,master_name_conflict;no_actual_weekly_record;actual_score_created_from_missing_record,Info,master_name_conflict
2024,7,McMiJa00,Jalen McMillan,WR,TB,00-0039855,5.6,1,False,False,weekly_stats_name_position_team,,crosswalk_fields_disagree,Info,crosswalk_fields_disagree
2024,7,MeltBo00,Bo Melton,WR,GB,00-0037091,1.7,1,False,False,weekly_stats_name_position_team,,crosswalk_fields_disagree,Info,crosswalk_fields_disagree
2024,7,HeywCo00,Connor Heyward,TE,LV,00-0037304,0.0,0,True,False,manual_override,Top-player gate override because the historical FBG row uses a stale LV team while the weekly roster identifies Connor Heyward as TE 00-0037304 for PIT,no_actual_weekly_record;actual_score_created_from_missing_record,Info,manual_override_applied;gsis_id_not_in_master
2024,7,LongHu00,Hunter Long,TE,ARI,00-0037004,1.5,1,False,False,master_name_position,,crosswalk_fields_disagree,Info,crosswalk_fields_disagree
2024,7,SaubEr00,Eric Saubert,TE,SEA,00-0033576,0.0,0,True,False,master_name_position,,no_actual_weekly_record;actual_score_created_from_missing_record,Info,
2024,7,OgleAn00,Drew Ogletree,TE,IND,00-0037292,0.0,1,False,False,pfr_crosswalk_verified,,master_name_conflict,Info,master_name_conflict
2024,7,MoorDa01,David Moore,WR,CAR,00-0033589,0.0,1,False,False,weekly_stats_name_position_team,,crosswalk_fields_disagree,Info,crosswalk_fields_disagree
2024,7,IngoAl00,Alec Ingold,RB,LAC,00-0035125,0.0,0,True,False,manual_override,Top-player gate override because the historical FBG row uses a stale LAC team while the weekly roster identifies Alec Ingold as RB 00-0035125 for MIA,no_actual_weekly_record;actual_score_created_from_missing_record,Info,manual_override_applied;gsis_id_not_in_master
2024,7,HillJu01,Julian Hill,TE,NE,00-0038720,1.4,1,False,False,master_name_position,,crosswalk_fields_disagree,Info,crosswalk_fields_disagree
2024,7,HaskHa00,Hassan Haskins,RB,NE,00-0037617,0.2,1,False,False,master_name_position,,crosswalk_fields_disagree,Info,crosswalk_fields_disagree
2024,7,BrowPh00,Pharaoh Brown,TE,IND,00-0033439,0.0,0,True,False,master_name_position,,crosswalk_fields_disagree;no_actual_weekly_record;actual_score_created_from_missing_record,Info,crosswalk_fields_disagree
2024,7,HodgKh00,KhaDarel Hodge,WR,SF,00-0034854,0.0,0,True,False,master_name_position,,crosswalk_fields_disagree;no_actual_weekly_record;actual_score_created_from_missing_record,Info,crosswalk_fields_disagree
2024,7,WileJa00,Jared Wiley,TE,KC,00-0039824,0.0,0,True,False,weekly_roster_name_position_team,,crosswalk_fields_disagree;no_actual_weekly_record;actual_score_created_from_missing_record,Info,crosswalk_fields_disagree
2024,7,SmarSt00,Stone Smartt,TE,NO,00-0037475,4.1,1,False,False,master_name_position,,crosswalk_fields_disagree,Info,crosswalk_fields_disagree
2024,7,WilsJo02,Johnny Wilson,WR,PHI,00-0039236,0.0,0,True,False,weekly_roster_name_position_team,,no_actual_weekly_record;actual_score_created_from_missing_record,Info,
2024,7,MoorSk00,Skyy Moore,WR,GB,00-0038090,0.0,1,False,False,master_name_position,,crosswalk_fields_disagree,Info,crosswalk_fields_disagree
2024,7,VannNi00,Nick Vannett,TE,BAL,00-0032394,6.5,1,False,False,master_name_position,,crosswalk_fields_disagree;master_team_context_differs,Info,crosswalk_fields_disagree;master_team_context_differs
2024,7,BurtMi00,Michael Burton,RB,CLE,00-0031595,0.0,0,True,False,pfr_crosswalk_verified,,no_actual_weekly_record;actual_score_created_from_missing_record,Info,gsis_id_not_in_master
2024,7,FarrLu00,Luke Farrell,TE,SF,00-0036887,0.0,0,True,False,master_name_position,,no_actual_weekly_record;actual_score_created_from_missing_record,Info,
2024,7,BrooCh01,Chris Brooks,RB,GB,00-0038685,0.0,0,True,False,weekly_roster_name_position_team,,no_actual_weekly_record;actual_score_created_from_missing_record,Info,
2024,7,ReynCr00,Craig Reynolds,RB,WAS,00-0035567,0.0,0,True,False,master_name_position,,crosswalk_fields_disagree;no_actual_weekly_record;actual_score_created_from_missing_record,Info,crosswalk_fields_disagree
2024,7,AlleDa01,Davis Allen,TE,LA,00-0039074,0.0,0,True,False,weekly_roster_name_position_team,,crosswalk_fields_disagree;no_actual_weekly_record;actual_score_created_from_missing_record,Info,crosswalk_fields_disagree
2024,7,KiefKo00,Ko Kieft,TE,TB,00-0037311,0.0,1,False,False,weekly_stats_name_position_team,,crosswalk_fields_disagree,Info,crosswalk_fields_disagree
2024,7,FranFe00,Feleipe Franks,TE,CAR,00-0036825,0.0,0,True,False,weekly_roster_name_position_team,,no_actual_weekly_record;actual_score_created_from_missing_record,Info,
2024,7,PrenAd00,Adam Prentice,RB,DEN,00-0036727,0.0,0,True,False,pfr_crosswalk_verified,,no_actual_weekly_record;actual_score_created_from_missing_record,Info,gsis_id_not_in_master
2024,7,JoneCh00,Charlie Jones,WR,NYG,,,0,False,False,unmatched,,no_unique_gsis_id;no_actual_weekly_record;actual_score_created_from_missing_record,Info,
2024,7,DallDe00,DeeJay Dallas,RB,MIN,00-0036425,0.0,1,False,False,master_name_position,,crosswalk_fields_disagree;master_team_context_differs,Info,crosswalk_fields_disagree;master_team_context_differs
2024,7,BeckAn00,Andrew Beck,RB,NYJ,00-0034959,0.0,0,True,False,manual_override,FBG position and team differ from the weekly roster record,no_actual_weekly_record;actual_score_created_from_missing_record,Info,manual_override_applied;gsis_id_not_in_master
2024,7,WillBr04,Brayden Willis,TE,SF,00-0038643,0.0,0,True,False,weekly_roster_name_position_team,,crosswalk_fields_disagree;no_actual_weekly_record;actual_score_created_from_missing_record,Info,crosswalk_fields_disagree
2024,7,JohnBr03,Brandon Johnson,WR,PIT,00-0037382,0.0,0,True,False,weekly_roster_name_position_team,,no_actual_weekly_record;actual_score_created_from_missing_record,Info,
2024,7,WashCa01,Casey Washington,WR,CAR,00-0039394,2.4,1,False,False,master_name_position,,crosswalk_fields_disagree,Info,crosswalk_fields_disagree
2024,7,CharIr00,Irv Charles,WR,SEA,,,0,False,False,unmatched,,no_unique_gsis_id;crosswalk_fields_disagree;no_actual_weekly_record;actual_score_created_from_missing_record,Info,crosswalk_fields_disagree
2024,7,ThomJe05,Je'Quan Thomas,WR,MIA,,,0,False,False,unmatched,,no_unique_gsis_id;no_actual_weekly_record;actual_score_created_from_missing_record,Info,
2024,7,JoneTi00,Tim Jones,WR,JAX,00-0036497,0.0,0,True,False,weekly_roster_name_position_team,,no_actual_weekly_record;actual_score_created_from_missing_record,Info,
2024,7,MillRy00,Ryan Miller,WR,MIA,00-0038824,0.0,0,True,False,master_name_position,,no_actual_weekly_record;actual_score_created_from_missing_record,Info,
2024,7,DaviDe01,Derius Davis,WR,LAC,00-0038573,0.0,0,True,False,weekly_roster_name_position_team,,crosswalk_fields_disagree;no_actual_weekly_record;actual_score_created_from_missing_record,Info,crosswalk_fields_disagree
2024,7,DuveDe00,Devin Duvernay,WR,ARI,00-0036331,0.0,0,True,False,master_name_position,,no_actual_weekly_record;actual_score_created_from_missing_record,Info,
2024,7,KennTo01,Tom Kennedy,WR,DET,00-0035544,0.0,0,True,False,weekly_roster_name_position_team,,no_actual_weekly_record;actual_score_created_from_missing_record,Info,
2024,7,GillRe00,Reggie Gilliam,RB,NE,00-0036187,0.0,0,True,False,master_name_position,,crosswalk_fields_disagree;no_actual_weekly_record;actual_score_created_from_missing_record,Info,crosswalk_fields_disagree
2024,7,BrooJo00,Jonathon Brooks,RB,CAR,00-0039344,0.0,0,True,False,weekly_roster_name_position_team,,no_actual_weekly_record;actual_score_created_from_missing_record,Info,
2024,7,TremTo00,Tommy Tremble,TE,CAR,00-0037005,0.0,0,True,False,weekly_roster_name_position_team,,no_actual_weekly_record;actual_score_created_from_missing_record,Info,
2024,7,WhitBl01,Blake Whiteheart,TE,CLE,00-0038710,0.0,0,True,False,weekly_roster_name_position_team,,no_actual_weekly_record;actual_score_created_from_missing_record,Info,
2024,7,DulcGr00,Greg Dulcich,TE,MIA,00-0037252,0.0,0,True,False,master_name_position,,no_actual_weekly_record;actual_score_created_from_missing_record,Info,
2024,7,TaylJo02,Jonathan Taylor,RB,IND,00-0036223,0.0,0,True,False,weekly_roster_name_position_team,,no_actual_weekly_record;actual_score_created_from_missing_record,Info,
2024,7,ThorTy00,Tyquan Thornton,WR,KC,00-0038104,0.0,0,True,False,master_name_position,,crosswalk_fields_disagree;no_actual_weekly_record;actual_score_created_from_missing_record,Info,crosswalk_fields_disagree
2024,7,WilsRo02,Roman Wilson,WR,PIT,00-0039739,0.0,0,True,False,weekly_roster_name_position_team,,no_actual_weekly_record;actual_score_created_from_missing_record,Info,
2024,7,DurhPa00,Payne Durham,TE,TB,00-0039050,0.0,0,True,False,weekly_roster_name_position_team,,crosswalk_fields_disagree;no_actual_weekly_record;actual_score_created_from_missing_record,Info,crosswalk_fields_disagree
2024,7,LaubDy00,Dylan Laube,RB,LV,00-0039407,0.0,0,True,False,weekly_roster_name_position_team,,no_actual_weekly_record;actual_score_created_from_missing_record,Info,
2024,7,JennJa00,Jauan Jennings,WR,MIN,00-0036259,0.0,0,True,False,master_name_position,,no_actual_weekly_record;actual_score_created_from_missing_record,Info,
2024,7,JohnQu01,Quentin Johnston,WR,LAC,00-0038544,0.0,0,True,False,weekly_roster_name_position_team,,crosswalk_fields_disagree;no_actual_weekly_record;actual_score_created_from_missing_record,Info,crosswalk_fields_disagree
2024,8,MahoPa00,Patrick Mahomes II,QB,KC,00-0033873,18.18,1,False,True,weekly_stats_name_position_team,,crosswalk_fields_disagree,Warning,crosswalk_fields_disagree
2024,8,AlleJo01,Josh Allen,QB,BUF,00-0034857,19.82,1,False,True,weekly_stats_name_position_team,,crosswalk_fields_disagree,Warning,crosswalk_fields_disagree
2024,8,MayfBa00,Baker Mayfield,QB,TB,00-0034855,22.3,1,False,True,weekly_stats_name_position_team,,crosswalk_fields_disagree,Warning,crosswalk_fields_disagree
2024,8,MayeDr00,Drake Maye,QB,NE,00-0039851,11.52,1,False,True,weekly_stats_name_position_team,,crosswalk_fields_disagree,Warning,crosswalk_fields_disagree
2024,8,RattSp00,Spencer Rattler,QB,NO,00-0039376,6.24,1,False,True,weekly_stats_name_position_team,,crosswalk_fields_disagree,Warning,crosswalk_fields_disagree
2024,8,BrowAJ00,A.J. Brown,WR,NE,00-0035676,13.4,1,False,True,master_name_position,,crosswalk_fields_disagree,Warning,crosswalk_fields_disagree
2024,8,DiggSt00,Stefon Diggs,WR,WAS,00-0031588,12.7,1,False,True,master_name_position,,crosswalk_fields_disagree,Warning,crosswalk_fields_disagree
2024,8,SmitDe04,DeVonta Smith,WR,PHI,00-0036912,20.5,1,False,True,weekly_stats_name_position_team,,crosswalk_fields_disagree,Warning,crosswalk_fields_disagree
2024,8,OlavCh00,Chris Olave,WR,NO,00-0037239,18.7,1,False,True,weekly_stats_name_position_team,,crosswalk_fields_disagree,Warning,crosswalk_fields_disagree
2024,8,ThomBr01,Brian Thomas Jr.,WR,JAX,00-0039893,15.0,1,False,True,weekly_stats_name_position_team,,crosswalk_fields_disagree,Warning,crosswalk_fields_disagree
2024,8,KelcTr00,Travis Kelce,TE,KC,00-0030506,25.0,1,False,True,weekly_stats_name_position_team,,crosswalk_fields_disagree,Warning,crosswalk_fields_disagree
2024,8,DoubRo00,Romeo Doubs,WR,NE,00-0037816,10.2,1,False,True,master_name_position,,crosswalk_fields_disagree,Warning,crosswalk_fields_disagree
2024,8,SamuDe00,Deebo Samuel Sr.,WR,SF,00-0035719,12.6,1,False,True,weekly_stats_name_position_team,,crosswalk_fields_disagree,Warning,crosswalk_fields_disagree
2024,8,HarrMa05,Marvin Harrison Jr.,WR,ARI,00-0039849,23.1,1,False,True,weekly_stats_name_position_team,,crosswalk_fields_disagree,Warning,crosswalk_fields_disagree
2024,8,SmitJa02,Jaxon Smith-Njigba,WR,SEA,00-0038543,12.9,1,False,True,weekly_stats_name_position_team,,crosswalk_fields_disagree,Warning,crosswalk_fields_disagree
2024,8,AlleKe00,Keenan Allen,WR,IND,00-0030279,5.9,1,False,True,master_name_position,,crosswalk_fields_disagree,Warning,crosswalk_fields_disagree
2024,8,DougDe00,DeMario Douglas,WR,NE,00-0038621,3.2,1,False,True,weekly_stats_name_position_team,,crosswalk_fields_disagree,Warning,crosswalk_fields_disagree
2024,8,McMiJa00,Jalen McMillan,WR,TB,00-0039855,9.2,1,False,True,weekly_stats_name_position_team,,crosswalk_fields_disagree,Warning,crosswalk_fields_disagree
2024,8,SlayDa00,Darius Slayton,WR,NYG,00-0035535,14.8,1,False,False,weekly_stats_name_position_team,,crosswalk_fields_disagree,Info,crosswalk_fields_disagree
2024,8,WortXa00,Xavier Worthy,WR,KC,00-0039894,13.7,1,False,True,weekly_stats_name_position_team,,crosswalk_fields_disagree,Warning,crosswalk_fields_disagree
2024,8,KirkCh00,Christian Kirk,WR,SF,00-0034775,7.9,1,False,False,master_name_position,,crosswalk_fields_disagree,Info,crosswalk_fields_disagree
2024,8,OttoCa00,Cade Otton,TE,TB,00-0038129,29.1,1,False,True,weekly_stats_name_position_team,,crosswalk_fields_disagree,Warning,crosswalk_fields_disagree
2024,8,KrafTu00,Tucker Kraft,TE,GB,00-0038996,16.8,1,False,True,weekly_stats_name_position_team,,crosswalk_fields_disagree,Warning,crosswalk_fields_disagree
2024,8,HenrHu00,Hunter Henry,TE,NE,00-0033090,9.5,1,False,True,weekly_stats_name_position_team,,crosswalk_fields_disagree,Warning,crosswalk_fields_disagree
2024,8,PalmTr00,Trey Palmer,WR,NO,00-0039052,4.9,1,False,False,master_name_position,,crosswalk_fields_disagree,Info,crosswalk_fields_disagree
2024,8,McClRa00,Ray-Ray McCloud III,WR,CHI,00-0034407,5.6,1,False,False,master_name_position,,crosswalk_fields_disagree,Info,crosswalk_fields_disagree
2024,8,ParkCo00,Colby Parkinson,TE,LA,00-0036244,3.7,1,False,True,weekly_stats_name_position_team,,crosswalk_fields_disagree,Warning,crosswalk_fields_disagree
2024,8,WatsCh00,Christian Watson,WR,GB,00-0038124,7.9,1,False,False,weekly_stats_name_position_team,,crosswalk_fields_disagree,Info,crosswalk_fields_disagree
2024,8,PalmJo01,Joshua Palmer,WR,BUF,00-0036988,9.2,1,False,False,master_name_position,,master_name_conflict,Info,master_name_conflict
2024,8,AtweTu00,Tutu Atwell,WR,LA,00-0036849,2.8,1,False,False,weekly_stats_name_position_team,,crosswalk_fields_disagree,Info,crosswalk_fields_disagree
2024,8,FantNo00,Noah Fant,TE,NO,00-0035644,5.2,1,False,True,master_name_position,,crosswalk_fields_disagree,Warning,crosswalk_fields_disagree
2024,8,VeleDe00,Devaughn Vele,WR,NO,00-0039424,5.8,1,False,False,master_name_position,,crosswalk_fields_disagree,Info,crosswalk_fields_disagree
2024,8,BoutKa00,Kayshon Boutte,WR,HOU,00-0038608,7.6,1,False,False,master_name_position,,crosswalk_fields_disagree,Info,crosswalk_fields_disagree
2024,8,OkonCh00,Chig Okonkwo,TE,WAS,00-0037809,1.4,1,False,True,master_name_position,,crosswalk_fields_disagree,Warning,crosswalk_fields_disagree
2024,8,WalkKe01,Ken Walker III,RB,KC,00-0038134,8.5,1,False,True,manual_override,FBG uses Ken Walker and a stale KC team in the historical export,master_name_conflict,Warning,manual_override_applied;master_name_conflict
2024,8,KamaAl00,Alvin Kamara,RB,NO,00-0033906,18.2,1,False,True,weekly_stats_name_position_team,,crosswalk_fields_disagree,Warning,crosswalk_fields_disagree
2024,8,SandJa00,Ja'Tavion Sanders,TE,CAR,00-0039356,1.7,1,False,True,weekly_stats_name_position_team,,crosswalk_fields_disagree,Warning,crosswalk_fields_disagree
2024,8,GrayNo00,Noah Gray,TE,KC,00-0036637,5.3,1,False,True,weekly_stats_name_position_team,,crosswalk_fields_disagree,Warning,crosswalk_fields_disagree
2024,8,GibbJa00,Jahmyr Gibbs,RB,DET,00-0039139,20.3,1,False,True,weekly_stats_name_position_team,,crosswalk_fields_disagree,Warning,crosswalk_fields_disagree
2024,8,TiptMa00,Mason Tipton,WR,NO,00-0039623,3.4,1,False,False,weekly_stats_name_position_team,,crosswalk_fields_disagree,Info,crosswalk_fields_disagree
2024,8,StroPi00,Pierre Strong Jr,RB,GB,00-0038098,1.3,1,False,False,master_name_position,,crosswalk_fields_disagree,Info,crosswalk_fields_disagree
2024,8,MoorDa01,David Moore,WR,CAR,00-0033589,7.9,1,False,False,weekly_stats_name_position_team,,crosswalk_fields_disagree,Info,crosswalk_fields_disagree
2024,8,BeckOd01,Odell Beckham Jr,WR,NYG,00-0031235,0.0,0,True,False,master_name_position,,no_actual_weekly_record;actual_score_created_from_missing_record,Info,
2024,8,JuszKy00,Kyle Juszczyk,RB,SF,00-0029892,0.0,0,True,False,weekly_roster_name_position_team,,no_actual_weekly_record;actual_score_created_from_missing_record,Info,gsis_id_not_in_master
2024,8,StevRh00,Rhamondre Stevenson,RB,NE,00-0036875,23.5,1,False,True,weekly_stats_name_position_team,,crosswalk_fields_disagree,Warning,crosswalk_fields_disagree
2024,8,HollMa00,Mack Hollins,WR,NE,00-0033555,0.0,1,False,False,master_name_position,,crosswalk_fields_disagree,Info,crosswalk_fields_disagree
2024,8,DotsJa00,Jahan Dotson,WR,ATL,00-0037741,0.0,0,True,False,master_name_position,,no_actual_weekly_record;actual_score_created_from_missing_record,Info,
2024,8,HarrNa00,Najee Harris,RB,NYG,00-0036893,16.1,1,False,True,master_name_position,,crosswalk_fields_disagree,Warning,crosswalk_fields_disagree
2024,8,IrviBu00,Bucky Irving,RB,TB,00-0039361,15.4,1,False,True,weekly_stats_name_position_team,,crosswalk_fields_disagree,Warning,crosswalk_fields_disagree
2024,8,WrigBr00,Brock Wright,TE,DET,00-0036754,7.8,1,False,False,weekly_stats_name_position_team,,crosswalk_fields_disagree,Info,crosswalk_fields_disagree
2024,8,ChanTy00,Ty Chandler,RB,NO,00-0037276,0.0,0,True,False,master_name_position,,no_actual_weekly_record;actual_score_created_from_missing_record,Info,
2024,8,JohnTy00,Ty Johnson,RB,BUF,00-0035537,0.0,1,False,False,weekly_stats_name_position_team,,crosswalk_fields_disagree,Info,crosswalk_fields_disagree
2024,8,SchoLu00,Luke Schoonmaker,TE,DAL,00-0038547,0.0,0,True,False,weekly_roster_name_position_team,,no_actual_weekly_record;actual_score_created_from_missing_record,Info,
2024,8,SampDr00,Drew Sample,TE,CIN,00-0035631,0.0,0,True,False,weekly_roster_name_position_team,,no_actual_weekly_record;actual_score_created_from_missing_record,Info,
2024,8,MeltBo00,Bo Melton,WR,GB,00-0037091,0.0,1,False,False,weekly_stats_name_position_team,,crosswalk_fields_disagree,Info,crosswalk_fields_disagree
2024,8,OgunDa00,Dare Ogunbowale,RB,LV,00-0033854,0.4,1,False,False,master_name_position,,crosswalk_fields_disagree,Info,crosswalk_fields_disagree
2024,8,McLaJa00,Jaleel McLaughlin,RB,CLE,00-0038794,12.6,1,False,True,master_name_position,,crosswalk_fields_disagree,Warning,crosswalk_fields_disagree
2024,8,HodgKh00,KhaDarel Hodge,WR,SF,00-0034854,0.0,1,False,False,master_name_position,,crosswalk_fields_disagree,Info,crosswalk_fields_disagree
2024,8,MillSc01,Scotty Miller,WR,CHI,00-0035298,0.0,1,False,False,pfr_crosswalk_verified,,master_name_conflict,Info,master_name_conflict
2024,8,AlleBr01,Braelon Allen,RB,NYJ,00-0039794,9.2,1,False,True,weekly_stats_name_position_team,,crosswalk_fields_disagree,Warning,crosswalk_fields_disagree
2024,8,VannNi00,Nick Vannett,TE,BAL,00-0032394,0.0,1,False,False,master_name_position,,crosswalk_fields_disagree;master_team_context_differs,Info,crosswalk_fields_disagree;master_team_context_differs
2024,8,OgleAn00,Drew Ogletree,TE,IND,00-0037292,0.0,0,True,False,pfr_crosswalk_verified,,master_name_conflict;no_actual_weekly_record;actual_score_created_from_missing_record,Info,master_name_conflict
2024,8,DemeEm00,Emari Demercado,RB,DAL,00-0038705,0.0,1,False,False,master_name_position,,crosswalk_fields_disagree,Info,crosswalk_fields_disagree
2024,8,LongHu00,Hunter Long,TE,ARI,00-0037004,2.8,1,False,False,master_name_position,,crosswalk_fields_disagree,Info,crosswalk_fields_disagree
2024,8,SinnBe00,Ben Sinnott,TE,WAS,00-0039912,0.0,0,True,False,weekly_roster_name_position_team,,no_actual_weekly_record;actual_score_created_from_missing_record,Info,
2024,8,HillJu01,Julian Hill,TE,NE,00-0038720,4.1,1,False,False,master_name_position,,crosswalk_fields_disagree,Info,crosswalk_fields_disagree
2024,8,IngoAl00,Alec Ingold,RB,LAC,00-0035125,0.0,0,True,False,manual_override,Top-player gate override because the historical FBG row uses a stale LAC team while the weekly roster identifies Alec Ingold as RB 00-0035125 for MIA,no_actual_weekly_record;actual_score_created_from_missing_record,Info,manual_override_applied;gsis_id_not_in_master
2024,8,HyatJa00,Jalin Hyatt,WR,NYG,00-0038938,0.0,0,True,False,weekly_roster_name_position_team,,no_actual_weekly_record;actual_score_created_from_missing_record,Info,
2024,8,TuckSe00,Sean Tucker,RB,TB,00-0038951,2.5,1,False,False,weekly_stats_name_position_team,,crosswalk_fields_disagree,Info,crosswalk_fields_disagree
2024,8,WileJa00,Jared Wiley,TE,KC,00-0039824,0.0,0,True,False,weekly_roster_name_position_team,,crosswalk_fields_disagree;no_actual_weekly_record;actual_score_created_from_missing_record,Info,crosswalk_fields_disagree
2024,8,GainKe00,Kenny Gainwell,RB,TB,00-0036919,1.9,1,False,False,master_name_position,,crosswalk_fields_disagree,Info,crosswalk_fields_disagree
2024,8,BrowPh00,Pharaoh Brown,TE,IND,00-0033439,0.0,1,False,False,master_name_position,,crosswalk_fields_disagree,Info,crosswalk_fields_disagree
2024,8,WilsJo02,Johnny Wilson,WR,PHI,00-0039236,0.0,0,True,False,weekly_roster_name_position_team,,no_actual_weekly_record;actual_score_created_from_missing_record,Info,
2024,8,YounDa02,Dareke Young,WR,LV,00-0037093,0.0,0,True,False,master_name_position,,no_actual_weekly_record;actual_score_created_from_missing_record,Info,
2024,8,SmarSt00,Stone Smartt,TE,NO,00-0037475,0.0,1,False,False,master_name_position,,crosswalk_fields_disagree,Info,crosswalk_fields_disagree
2024,8,BachAl00,Alex Bachman,WR,LA,00-0035602,0.0,1,False,False,master_name_position,,crosswalk_fields_disagree,Info,crosswalk_fields_disagree
2024,8,EstiAu00,Audric EstimC),RB,NO,00-0039373,0.4,1,False,False,master_name_position,,crosswalk_fields_disagree,Info,crosswalk_fields_disagree
2024,8,HeywCo00,Connor Heyward,TE,LV,00-0037304,0.0,0,True,False,manual_override,Top-player gate override because the historical FBG row uses a stale LV team while the weekly roster identifies Connor Heyward as TE 00-0037304 for PIT,no_actual_weekly_record;actual_score_created_from_missing_record,Info,manual_override_applied;gsis_id_not_in_master
2024,8,TonyRo00,Robert Tonyan Jr,TE,PIT,00-0033757,0.0,0,True,False,master_name_position,,no_actual_weekly_record;actual_score_created_from_missing_record,Info,
2024,8,SmytDu00,Durham Smythe,TE,BAL,00-0034798,0.0,0,True,False,master_name_position,,no_actual_weekly_record;actual_score_created_from_missing_record,Info,
2024,8,ShorJu00,Justin Shorter,WR,LV,00-0038590,0.0,0,True,False,pfr_crosswalk_verified,,master_position_conflict;no_actual_weekly_record;actual_score_created_from_missing_record,Info,master_position_conflict
2024,8,BellDa03,Daniel Bellinger,TE,TEN,00-0038115,0.0,0,True,False,master_name_position,,no_actual_weekly_record;actual_score_created_from_missing_record,Info,
2024,8,ThraJa01,Jamari Thrash,WR,CLE,00-0039379,0.0,0,True,False,weekly_roster_name_position_team,,no_actual_weekly_record;actual_score_created_from_missing_record,Info,
2024,8,WalkDe01,Devontez Walker,WR,BAL,00-0039792,0.0,0,True,False,weekly_roster_name_position_team,,no_actual_weekly_record;actual_score_created_from_missing_record,Info,
2024,8,RicaPa00,Patrick Ricard,RB,NYG,00-0033376,0.0,0,True,False,master_name_position,,no_actual_weekly_record;actual_score_created_from_missing_record,Info,
2024,8,WashCa01,Casey Washington,WR,CAR,00-0039394,0.0,0,True,False,master_name_position,,crosswalk_fields_disagree;no_actual_weekly_record;actual_score_created_from_missing_record,Info,crosswalk_fields_disagree
2024,8,HomeTr00,Travis Homer,RB,PIT,00-0035594,0.0,0,True,False,master_name_position,,no_actual_weekly_record;actual_score_created_from_missing_record,Info,
2024,8,DurhPa00,Payne Durham,TE,TB,00-0039050,0.0,1,False,False,weekly_stats_name_position_team,,crosswalk_fields_disagree,Info,crosswalk_fields_disagree
2024,8,HudsTa00,Tanner Hudson,TE,CIN,00-0034613,0.0,0,True,False,weekly_roster_name_position_team,,no_actual_weekly_record;actual_score_created_from_missing_record,Info,
2024,8,CharIr00,Irv Charles,WR,SEA,,,0,False,False,unmatched,,no_unique_gsis_id;crosswalk_fields_disagree;no_actual_weekly_record;actual_score_created_from_missing_record,Info,crosswalk_fields_disagree
2024,8,BurtMi00,Michael Burton,RB,CLE,00-0031595,0.0,0,True,False,pfr_crosswalk_verified,,no_actual_weekly_record;actual_score_created_from_missing_record,Info,gsis_id_not_in_master
2024,8,AlleDa01,Davis Allen,TE,LA,00-0039074,0.0,0,True,False,weekly_roster_name_position_team,,crosswalk_fields_disagree;no_actual_weekly_record;actual_score_created_from_missing_record,Info,crosswalk_fields_disagree
2024,8,SermTr00,Trey Sermon,RB,ATL,00-0036984,2.4,1,False,False,master_name_position,,crosswalk_fields_disagree,Info,crosswalk_fields_disagree
2024,8,ReynCr00,Craig Reynolds,RB,WAS,00-0035567,0.3,1,False,False,master_name_position,,crosswalk_fields_disagree,Info,crosswalk_fields_disagree
2024,8,WillBr04,Brayden Willis,TE,SF,00-0038643,0.0,0,True,False,weekly_roster_name_position_team,,crosswalk_fields_disagree;no_actual_weekly_record;actual_score_created_from_missing_record,Info,crosswalk_fields_disagree
2024,8,ThomIa00,Ian Thomas,TE,LV,00-0034365,0.0,0,True,False,master_name_position,,no_actual_weekly_record;actual_score_created_from_missing_record,Info,
2024,8,JoneCh00,Charlie Jones,WR,NYG,,,0,False,False,unmatched,,no_unique_gsis_id;no_actual_weekly_record;actual_score_created_from_missing_record,Info,
2024,8,KiefKo00,Ko Kieft,TE,TB,00-0037311,0.0,0,True,False,weekly_roster_name_position_team,,crosswalk_fields_disagree;no_actual_weekly_record;actual_score_created_from_missing_record,Info,crosswalk_fields_disagree
2024,8,RiveRo01,Ronnie Rivers,RB,LA,00-0037557,0.0,0,True,False,weekly_roster_name_position_team,,no_actual_weekly_record;actual_score_created_from_missing_record,Info,
2024,8,FranFe00,Feleipe Franks,TE,CAR,00-0036825,0.0,0,True,False,weekly_roster_name_position_team,,no_actual_weekly_record;actual_score_created_from_missing_record,Info,
2024,8,HaskHa00,Hassan Haskins,RB,NE,00-0037617,0.0,1,False,False,master_name_position,,crosswalk_fields_disagree,Info,crosswalk_fields_disagree
2024,8,PrenAd00,Adam Prentice,RB,DEN,00-0036727,0.0,0,True,False,pfr_crosswalk_verified,,no_actual_weekly_record;actual_score_created_from_missing_record,Info,gsis_id_not_in_master
2024,8,DallDe00,DeeJay Dallas,RB,MIN,00-0036425,0.0,1,False,False,master_name_position,,crosswalk_fields_disagree;master_team_context_differs,Info,crosswalk_fields_disagree;master_team_context_differs
2024,8,JohnBr03,Brandon Johnson,WR,PIT,00-0037382,0.0,0,True,False,weekly_roster_name_position_team,,no_actual_weekly_record;actual_score_created_from_missing_record,Info,
2024,8,CorlMa00,Malachi Corley,WR,CLE,00-0039920,0.0,0,True,False,master_name_position,,no_actual_weekly_record;actual_score_created_from_missing_record,Info,
2024,8,TongJa00,Jake Tonges,TE,SF,00-0037112,0.0,0,True,False,weekly_roster_name_position_team,,no_actual_weekly_record;actual_score_created_from_missing_record,Info,
2024,8,MorrQu00,Quintin Morris,TE,JAX,00-0036590,0.0,0,True,False,master_name_position,,no_actual_weekly_record;actual_score_created_from_missing_record,Info,
2024,8,ThorTy00,Tyquan Thornton,WR,KC,00-0038104,4.0,1,False,False,master_name_position,,crosswalk_fields_disagree,Info,crosswalk_fields_disagree
2024,8,WiliIs00,Isaiah Williams,WR,NYJ,,,0,False,False,unmatched,,no_unique_gsis_id;no_actual_weekly_record;actual_score_created_from_missing_record,Info,
2024,8,MariMa01,Marcus Mariota,QB,WAS,00-0032268,0.0,0,True,False,weekly_roster_name_position_team,,no_actual_weekly_record;actual_score_created_from_missing_record,Info,
2024,8,HigbTy01,Tyler Higbee,TE,LA,00-0033110,0.0,0,True,False,weekly_roster_name_position_team,,no_actual_weekly_record;actual_score_created_from_missing_record,Info,
2024,8,BeckAn00,Andrew Beck,RB,NYJ,00-0034959,0.0,0,True,False,manual_override,FBG position and team differ from the weekly roster record,no_actual_weekly_record;actual_score_created_from_missing_record,Info,manual_override_applied;gsis_id_not_in_master
2024,8,KennTo01,Tom Kennedy,WR,DET,00-0035544,0.0,0,True,False,weekly_roster_name_position_team,,no_actual_weekly_record;actual_score_created_from_missing_record,Info,
2024,8,DuveDe00,Devin Duvernay,WR,ARI,00-0036331,0.0,0,True,False,master_name_position,,no_actual_weekly_record;actual_score_created_from_missing_record,Info,
2024,8,GillRe00,Reggie Gilliam,RB,NE,00-0036187,0.0,1,False,False,master_name_position,,crosswalk_fields_disagree,Info,crosswalk_fields_disagree
2024,8,DulcGr00,Greg Dulcich,TE,MIA,00-0037252,0.0,0,True,False,master_name_position,,no_actual_weekly_record;actual_score_created_from_missing_record,Info,
2024,8,DaviDe01,Derius Davis,WR,LAC,00-0038573,0.0,0,True,False,weekly_roster_name_position_team,,crosswalk_fields_disagree;no_actual_weekly_record;actual_score_created_from_missing_record,Info,crosswalk_fields_disagree
2024,8,DowdDa00,Rico Dowdle,RB,PIT,00-0036139,0.0,0,True,False,master_name_position,,no_actual_weekly_record;actual_score_created_from_missing_record,Info,
2024,9,AlleJo01,Josh Allen,QB,BUF,00-0034857,22.1,1,False,True,weekly_stats_name_position_team,,crosswalk_fields_disagree,Warning,crosswalk_fields_disagree
2024,9,MahoPa00,Patrick Mahomes II,QB,KC,00-0033873,24.54,1,False,True,weekly_stats_name_position_team,,crosswalk_fields_disagree,Warning,crosswalk_fields_disagree
2024,9,MayfBa00,Baker Mayfield,QB,TB,00-0034855,18.0,1,False,True,weekly_stats_name_position_team,,crosswalk_fields_disagree,Warning,crosswalk_fields_disagree
2024,9,MayeDr00,Drake Maye,QB,NE,00-0039851,15.74,1,False,True,weekly_stats_name_position_team,,crosswalk_fields_disagree,Warning,crosswalk_fields_disagree
2024,9,KamaAl00,Alvin Kamara,RB,NO,00-0033906,27.5,1,False,True,weekly_stats_name_position_team,,crosswalk_fields_disagree,Warning,crosswalk_fields_disagree
2024,9,GibbJa00,Jahmyr Gibbs,RB,DET,00-0039139,14.6,1,False,True,weekly_stats_name_position_team,,crosswalk_fields_disagree,Warning,crosswalk_fields_disagree
2024,9,WalkKe01,Ken Walker III,RB,KC,00-0038134,13.7,1,False,True,manual_override,FBG uses Ken Walker and a stale KC team in the historical export,master_name_conflict,Warning,manual_override_applied;master_name_conflict
2024,9,StevRh00,Rhamondre Stevenson,RB,NE,00-0036875,22.4,1,False,True,weekly_stats_name_position_team,,crosswalk_fields_disagree,Warning,crosswalk_fields_disagree
2024,9,EtieTr00,Travis Etienne Jr.,RB,NO,00-0036973,5.0,1,False,True,master_name_position,,crosswalk_fields_disagree,Warning,crosswalk_fields_disagree
2024,9,TuckSe00,Sean Tucker,RB,TB,00-0038951,2.7,1,False,True,weekly_stats_name_position_team,,crosswalk_fields_disagree,Warning,crosswalk_fields_disagree
2024,9,AlleBr01,Braelon Allen,RB,NYJ,00-0039794,0.9,1,False,True,weekly_stats_name_position_team,,crosswalk_fields_disagree,Warning,crosswalk_fields_disagree
2024,9,IrviBu00,Bucky Irving,RB,TB,00-0039361,6.4,1,False,True,weekly_stats_name_position_team,,crosswalk_fields_disagree,Warning,crosswalk_fields_disagree
2024,9,OgunDa00,Dare Ogunbowale,RB,LV,00-0033854,-0.1,1,False,False,master_name_position,,crosswalk_fields_disagree,Info,crosswalk_fields_disagree
2024,9,McLaJa00,Jaleel McLaughlin,RB,CLE,00-0038794,5.0,1,False,True,master_name_position,,crosswalk_fields_disagree,Warning,crosswalk_fields_disagree
2024,9,ChanTy00,Ty Chandler,RB,NO,00-0037276,0.0,0,True,False,master_name_position,,no_actual_weekly_record;actual_score_created_from_missing_record,Info,
2024,9,GainKe00,Kenny Gainwell,RB,TB,00-0036919,2.0,1,False,False,master_name_position,,crosswalk_fields_disagree,Info,crosswalk_fields_disagree
2024,9,SermTr00,Trey Sermon,RB,ATL,00-0036984,2.3,1,False,False,master_name_position,,crosswalk_fields_disagree,Info,crosswalk_fields_disagree
2024,9,JohnTy00,Ty Johnson,RB,BUF,00-0035537,2.3,1,False,False,weekly_stats_name_position_team,,crosswalk_fields_disagree,Info,crosswalk_fields_disagree
2024,9,StroPi00,Pierre Strong Jr,RB,GB,00-0038098,0.8,1,False,False,master_name_position,,crosswalk_fields_disagree,Info,crosswalk_fields_disagree
2024,9,DemeEm00,Emari Demercado,RB,DAL,00-0038705,16.0,1,False,False,master_name_position,,crosswalk_fields_disagree,Info,crosswalk_fields_disagree
2024,9,RiveRo01,Ronnie Rivers,RB,LA,00-0037557,0.0,0,True,False,weekly_roster_name_position_team,,no_actual_weekly_record;actual_score_created_from_missing_record,Info,
2024,9,IngoAl00,Alec Ingold,RB,LAC,00-0035125,0.0,0,True,False,manual_override,Top-player gate override because the historical FBG row uses a stale LAC team while the weekly roster identifies Alec Ingold as RB 00-0035125 for MIA,no_actual_weekly_record;actual_score_created_from_missing_record,Info,manual_override_applied;gsis_id_not_in_master
2024,9,EstiAu00,Audric EstimC),RB,NO,00-0039373,3.5,1,False,False,master_name_position,,crosswalk_fields_disagree,Info,crosswalk_fields_disagree
2024,9,PrenAd00,Adam Prentice,RB,DEN,00-0036727,0.0,0,True,False,pfr_crosswalk_verified,,no_actual_weekly_record;actual_score_created_from_missing_record,Info,gsis_id_not_in_master
2024,9,BurtMi00,Michael Burton,RB,CLE,00-0031595,0.0,0,True,False,pfr_crosswalk_verified,,no_actual_weekly_record;actual_score_created_from_missing_record,Info,gsis_id_not_in_master
2024,9,HaskHa00,Hassan Haskins,RB,NE,00-0037617,0.0,1,False,False,master_name_position,,crosswalk_fields_disagree,Info,crosswalk_fields_disagree
2024,9,ReynCr00,Craig Reynolds,RB,WAS,00-0035567,0.0,0,True,False,master_name_position,,crosswalk_fields_disagree;no_actual_weekly_record;actual_score_created_from_missing_record,Info,crosswalk_fields_disagree
2024,9,KelcTr00,Travis Kelce,TE,KC,00-0030506,22.0,1,False,True,weekly_stats_name_position_team,,crosswalk_fields_disagree,Warning,crosswalk_fields_disagree
2024,9,OttoCa00,Cade Otton,TE,TB,00-0038129,21.7,1,False,True,weekly_stats_name_position_team,,crosswalk_fields_disagree,Warning,crosswalk_fields_disagree
2024,9,HenrHu00,Hunter Henry,TE,NE,00-0033090,12.6,1,False,True,weekly_stats_name_position_team,,crosswalk_fields_disagree,Warning,crosswalk_fields_disagree
2024,9,KrafTu00,Tucker Kraft,TE,GB,00-0038996,7.6,1,False,True,weekly_stats_name_position_team,,crosswalk_fields_disagree,Warning,crosswalk_fields_disagree
2024,9,KmetCo00,Cole Kmet,TE,CHI,00-0036290,0.0,0,True,True,weekly_roster_name_position_team,,no_actual_weekly_record;actual_score_created_from_missing_record,Warning,
2024,9,SandJa00,Ja'Tavion Sanders,TE,CAR,00-0039356,12.7,1,False,True,weekly_stats_name_position_team,,crosswalk_fields_disagree,Warning,crosswalk_fields_disagree
2024,9,ParkCo00,Colby Parkinson,TE,LA,00-0036244,0.0,1,False,True,weekly_stats_name_position_team,,crosswalk_fields_disagree,Warning,crosswalk_fields_disagree
2024,9,GrayNo00,Noah Gray,TE,KC,00-0036637,0.0,1,False,True,weekly_stats_name_position_team,,crosswalk_fields_disagree,Warning,crosswalk_fields_disagree
2024,9,OkonCh00,Chig Okonkwo,TE,WAS,00-0037809,6.8,1,False,True,master_name_position,,crosswalk_fields_disagree,Warning,crosswalk_fields_disagree
2024,9,StraBr00,Brenton Strange,TE,JAX,00-0038935,0.0,0,True,False,weekly_roster_name_position_team,,no_actual_weekly_record;actual_score_created_from_missing_record,Info,
2024,9,AlieMo00,Mo Alie-Cox,TE,IND,00-0033217,0.0,0,True,False,weekly_roster_name_position_team,,no_actual_weekly_record;actual_score_created_from_missing_record,Info,
2024,9,WrigBr00,Brock Wright,TE,DET,00-0036754,1.1,1,False,False,weekly_stats_name_position_team,,crosswalk_fields_disagree,Info,crosswalk_fields_disagree
2024,9,KolaCh00,Charlie Kolar,TE,LAC,00-0038046,0.0,0,True,False,master_name_position,,no_actual_weekly_record;actual_score_created_from_missing_record,Info,
2024,9,OgleAn00,Drew Ogletree,TE,IND,00-0037292,0.0,0,True,False,pfr_crosswalk_verified,,master_name_conflict;no_actual_weekly_record;actual_score_created_from_missing_record,Info,master_name_conflict
2024,9,BrowPh00,Pharaoh Brown,TE,IND,00-0033439,0.0,0,True,False,master_name_position,,crosswalk_fields_disagree;no_actual_weekly_record;actual_score_created_from_missing_record,Info,crosswalk_fields_disagree
2024,9,VannNi00,Nick Vannett,TE,BAL,00-0032394,11.3,1,False,False,master_name_position,,crosswalk_fields_disagree;master_team_context_differs,Info,crosswalk_fields_disagree;master_team_context_differs
2024,9,MayeMi00,Michael Mayer,TE,LV,00-0039066,0.0,0,True,False,weekly_roster_name_position_team,,no_actual_weekly_record;actual_score_created_from_missing_record,Info,
2024,9,WhitBl01,Blake Whiteheart,TE,CLE,00-0038710,0.0,0,True,False,weekly_roster_name_position_team,,no_actual_weekly_record;actual_score_created_from_missing_record,Info,
2024,9,SimsBe00,Ben Sims,TE,MIA,00-0038809,0.0,0,True,False,master_name_position,,no_actual_weekly_record;actual_score_created_from_missing_record,Info,
2024,9,BellDa03,Daniel Bellinger,TE,TEN,00-0038115,0.0,0,True,False,master_name_position,,no_actual_weekly_record;actual_score_created_from_missing_record,Info,
2024,9,SpanBr00,Brevyn Spann-Ford,TE,DAL,00-0039530,0.0,0,True,False,weekly_roster_name_position_team,,no_actual_weekly_record;actual_score_created_from_missing_record,Info,
2024,9,AlleDa01,Davis Allen,TE,LA,00-0039074,1.5,1,False,False,weekly_stats_name_position_team,,crosswalk_fields_disagree,Info,crosswalk_fields_disagree
2024,9,WileJa00,Jared Wiley,TE,KC,00-0039824,0.0,0,True,False,weekly_roster_name_position_team,,crosswalk_fields_disagree;no_actual_weekly_record;actual_score_created_from_missing_record,Info,crosswalk_fields_disagree
2024,9,BateJo00,John Bates,TE,WAS,00-0036628,0.0,0,True,False,weekly_roster_name_position_team,,no_actual_weekly_record;actual_score_created_from_missing_record,Info,
2024,9,ThomIa00,Ian Thomas,TE,LV,00-0034365,0.0,0,True,False,master_name_position,,no_actual_weekly_record;actual_score_created_from_missing_record,Info,
2024,9,BrowAJ00,A.J. Brown,WR,NE,00-0035676,5.6,1,False,True,master_name_position,,crosswalk_fields_disagree,Warning,crosswalk_fields_disagree
2024,9,OlavCh00,Chris Olave,WR,NO,00-0037239,2.3,1,False,True,weekly_stats_name_position_team,,crosswalk_fields_disagree,Warning,crosswalk_fields_disagree
2024,9,SmitDe04,DeVonta Smith,WR,PHI,00-0036912,18.7,1,False,True,weekly_stats_name_position_team,,crosswalk_fields_disagree,Warning,crosswalk_fields_disagree
2024,9,HarrMa05,Marvin Harrison Jr.,WR,ARI,00-0039849,3.4,1,False,True,weekly_stats_name_position_team,,crosswalk_fields_disagree,Warning,crosswalk_fields_disagree
2024,9,SmitJa02,Jaxon Smith-Njigba,WR,SEA,00-0038543,37.0,1,False,True,weekly_stats_name_position_team,,crosswalk_fields_disagree,Warning,crosswalk_fields_disagree
2024,9,WortXa00,Xavier Worthy,WR,KC,00-0039894,-1.0,1,False,True,weekly_stats_name_position_team,,crosswalk_fields_disagree,Warning,crosswalk_fields_disagree
2024,9,ThomBr01,Brian Thomas Jr.,WR,JAX,00-0039893,6.2,1,False,True,weekly_stats_name_position_team,,crosswalk_fields_disagree,Warning,crosswalk_fields_disagree
2024,9,DoubRo00,Romeo Doubs,WR,NE,00-0037816,6.8,1,False,True,master_name_position,,crosswalk_fields_disagree,Warning,crosswalk_fields_disagree
2024,9,SlayDa00,Darius Slayton,WR,NYG,00-0035535,9.0,1,False,False,weekly_stats_name_position_team,,crosswalk_fields_disagree,Info,crosswalk_fields_disagree
2024,9,JohnQu01,Quentin Johnston,WR,LAC,00-0038544,22.0,1,False,False,weekly_stats_name_position_team,,crosswalk_fields_disagree,Info,crosswalk_fields_disagree
2024,9,WatsCh00,Christian Watson,WR,GB,00-0038124,8.7,1,False,False,weekly_stats_name_position_team,,crosswalk_fields_disagree,Info,crosswalk_fields_disagree
2024,9,AlleKe00,Keenan Allen,WR,IND,00-0030279,7.6,1,False,True,master_name_position,,crosswalk_fields_disagree,Warning,crosswalk_fields_disagree
2024,9,DougDe00,DeMario Douglas,WR,NE,00-0038621,10.5,1,False,False,weekly_stats_name_position_team,,crosswalk_fields_disagree,Info,crosswalk_fields_disagree
2024,9,AtweTu00,Tutu Atwell,WR,LA,00-0036849,2.6,1,False,False,weekly_stats_name_position_team,,crosswalk_fields_disagree,Info,crosswalk_fields_disagree
2024,9,McClRa00,Ray-Ray McCloud III,WR,CHI,00-0034407,12.5,1,False,False,master_name_position,,crosswalk_fields_disagree,Info,crosswalk_fields_disagree
2024,9,TiptMa00,Mason Tipton,WR,NO,00-0039623,0.0,1,False,False,weekly_stats_name_position_team,,crosswalk_fields_disagree,Info,crosswalk_fields_disagree
2024,9,PalmTr00,Trey Palmer,WR,NO,00-0039052,5.3,1,False,False,master_name_position,,crosswalk_fields_disagree,Info,crosswalk_fields_disagree
2024,9,PalmJo01,Joshua Palmer,WR,BUF,00-0036988,14.3,1,False,False,master_name_position,,master_name_conflict,Info,master_name_conflict
2024,9,VeleDe00,Devaughn Vele,WR,NO,00-0039424,3.1,1,False,False,master_name_position,,crosswalk_fields_disagree,Info,crosswalk_fields_disagree
2024,9,BoutKa00,Kayshon Boutte,WR,HOU,00-0038608,3.8,1,False,False,master_name_position,,crosswalk_fields_disagree,Info,crosswalk_fields_disagree
2024,9,MeltBo00,Bo Melton,WR,GB,00-0037091,2.9,1,False,False,weekly_stats_name_position_team,,crosswalk_fields_disagree,Info,crosswalk_fields_disagree
2024,9,HodgKh00,KhaDarel Hodge,WR,SF,00-0034854,1.9,1,False,False,master_name_position,,crosswalk_fields_disagree,Info,crosswalk_fields_disagree
2024,9,HollMa00,Mack Hollins,WR,NE,00-0033555,14.0,1,False,False,master_name_position,,crosswalk_fields_disagree,Info,crosswalk_fields_disagree
2024,9,McCaLu00,Luke McCaffrey,WR,WAS,00-0039355,0.0,0,True,False,weekly_roster_name_position_team,,no_actual_weekly_record;actual_score_created_from_missing_record,Info,
2024,9,WiliIs00,Isaiah Williams,WR,NYJ,,,0,False,False,unmatched,,no_unique_gsis_id;no_actual_weekly_record;actual_score_created_from_missing_record,Info,
2024,9,HyatJa00,Jalin Hyatt,WR,NYG,00-0038938,0.0,0,True,False,weekly_roster_name_position_team,,no_actual_weekly_record;actual_score_created_from_missing_record,Info,
2024,9,JoneCh00,Charlie Jones,WR,NYG,,,0,False,False,unmatched,,no_unique_gsis_id;no_actual_weekly_record;actual_score_created_from_missing_record,Info,
2024,9,ThomDe04,Deven Thompkins,WR,LV,00-0037487,-0.2,1,False,False,master_name_position,,crosswalk_fields_disagree,Info,crosswalk_fields_disagree
2024,9,MoorDa01,David Moore,WR,CAR,00-0033589,4.0,1,False,False,weekly_stats_name_position_team,,crosswalk_fields_disagree,Info,crosswalk_fields_disagree
2024,9,MallWi00,Will Mallory,TE,IND,00-0038394,0.0,0,True,False,weekly_roster_name_position_team,,no_actual_weekly_record;actual_score_created_from_missing_record,Info,
2024,9,ReimTi00,Tip Reiman,TE,ARI,00-0039737,0.0,0,True,False,weekly_roster_name_position_team,,no_actual_weekly_record;actual_score_created_from_missing_record,Info,
2024,9,LongHu00,Hunter Long,TE,ARI,00-0037004,1.4,1,False,False,master_name_position,,crosswalk_fields_disagree,Info,crosswalk_fields_disagree
2024,9,YounDa02,Dareke Young,WR,LV,00-0037093,0.0,0,True,False,master_name_position,,no_actual_weekly_record;actual_score_created_from_missing_record,Info,
2024,9,ThraJa01,Jamari Thrash,WR,CLE,00-0039379,0.0,0,True,False,weekly_roster_name_position_team,,no_actual_weekly_record;actual_score_created_from_missing_record,Info,
2024,9,BachAl00,Alex Bachman,WR,LA,00-0035602,0.0,0,True,False,master_name_position,,crosswalk_fields_disagree;no_actual_weekly_record;actual_score_created_from_missing_record,Info,crosswalk_fields_disagree
2024,9,WalkDe01,Devontez Walker,WR,BAL,00-0039792,0.0,0,True,False,weekly_roster_name_position_team,,no_actual_weekly_record;actual_score_created_from_missing_record,Info,
2024,9,JenkEJ00,E.J. Jenkins,TE,PHI,00-0038498,0.0,0,True,False,weekly_roster_name_position_team,,no_actual_weekly_record;actual_score_created_from_missing_record,Info,
2024,9,WashCa01,Casey Washington,WR,CAR,00-0039394,0.0,0,True,False,master_name_position,,crosswalk_fields_disagree;no_actual_weekly_record;actual_score_created_from_missing_record,Info,crosswalk_fields_disagree
2024,9,DurhPa00,Payne Durham,TE,TB,00-0039050,0.0,0,True,False,weekly_roster_name_position_team,,crosswalk_fields_disagree;no_actual_weekly_record;actual_score_created_from_missing_record,Info,crosswalk_fields_disagree
2024,9,CharIr00,Irv Charles,WR,SEA,,,0,False,False,unmatched,,no_unique_gsis_id;crosswalk_fields_disagree;no_actual_weekly_record;actual_score_created_from_missing_record,Info,crosswalk_fields_disagree
2024,9,DaviIs00,Isaiah Davis,RB,NYJ,00-0039798,0.0,0,True,False,weekly_roster_name_position_team,,no_actual_weekly_record;actual_score_created_from_missing_record,Info,
2024,9,OlivBr01,Bryce Oliver,WR,CLE,00-0039650,0.0,1,False,False,master_name_position,,crosswalk_fields_disagree;master_team_context_differs,Info,crosswalk_fields_disagree;master_team_context_differs
2024,9,DallDe00,DeeJay Dallas,RB,MIN,00-0036425,0.2,1,False,False,master_name_position,,crosswalk_fields_disagree;master_team_context_differs,Info,crosswalk_fields_disagree;master_team_context_differs
2024,9,KiefKo00,Ko Kieft,TE,TB,00-0037311,0.0,0,True,False,weekly_roster_name_position_team,,crosswalk_fields_disagree;no_actual_weekly_record;actual_score_created_from_missing_record,Info,crosswalk_fields_disagree
2024,9,MiltKe01,Kendall Milton,RB,CIN,00-0039266,0.0,0,True,False,weekly_roster_name_position_team,,no_actual_weekly_record;actual_score_created_from_missing_record,Info,
2024,9,QuitTe00,Teagan Quitoriano,TE,ARI,00-0037277,0.0,0,True,False,master_name_position,,no_actual_weekly_record;actual_score_created_from_missing_record,Info,
2024,9,ShorJu00,Justin Shorter,WR,LV,00-0038590,0.0,0,True,False,pfr_crosswalk_verified,,master_position_conflict;no_actual_weekly_record;actual_score_created_from_missing_record,Info,master_position_conflict
2024,9,DaviDe01,Derius Davis,WR,LAC,00-0038573,0.0,1,False,False,weekly_stats_name_position_team,,crosswalk_fields_disagree,Info,crosswalk_fields_disagree
2024,9,WhitCo01,Cody White,WR,LV,00-0035891,6.4,1,False,False,master_name_position,,crosswalk_fields_disagree,Info,crosswalk_fields_disagree
2024,9,HigbTy01,Tyler Higbee,TE,LA,00-0033110,0.0,0,True,False,weekly_roster_name_position_team,,no_actual_weekly_record;actual_score_created_from_missing_record,Info,
2024,9,OkwuAl00,Albert Okwuegbunam Jr.,TE,LV,00-0036423,0.0,0,True,False,master_name_position,,no_actual_weekly_record;actual_score_created_from_missing_record,Info,
2024,9,BeckAn00,Andrew Beck,RB,NYJ,00-0034959,0.0,0,True,False,manual_override,FBG position and team differ from the weekly roster record,no_actual_weekly_record;actual_score_created_from_missing_record,Info,manual_override_applied;gsis_id_not_in_master
2024,9,McMiJa00,Jalen McMillan,WR,TB,00-0039855,0.0,0,True,False,weekly_roster_name_position_team,,crosswalk_fields_disagree;no_actual_weekly_record;actual_score_created_from_missing_record,Info,crosswalk_fields_disagree
2024,9,TremTo00,Tommy Tremble,TE,CAR,00-0037005,0.0,0,True,False,weekly_roster_name_position_team,,no_actual_weekly_record;actual_score_created_from_missing_record,Info,
2024,9,ThorTy00,Tyquan Thornton,WR,KC,00-0038104,0.0,0,True,False,master_name_position,,crosswalk_fields_disagree;no_actual_weekly_record;actual_score_created_from_missing_record,Info,crosswalk_fields_disagree
2024,9,OsboKJ00,K.J. Osborn,WR,TEN,00-0036345,0.0,0,True,False,master_name_position,,no_actual_weekly_record;actual_score_created_from_missing_record,Info,
2024,10,BrowAJ00,A.J. Brown,WR,NE,00-0035676,15.9,1,False,True,master_name_position,,crosswalk_fields_disagree,Warning,crosswalk_fields_disagree
2024,10,ThomBr01,Brian Thomas Jr.,WR,JAX,00-0039893,3.2,1,False,True,weekly_stats_name_position_team,,crosswalk_fields_disagree,Warning,crosswalk_fields_disagree
2024,10,SmitDe04,DeVonta Smith,WR,PHI,00-0036912,3.4,1,False,True,weekly_stats_name_position_team,,crosswalk_fields_disagree,Warning,crosswalk_fields_disagree
2024,10,KelcTr00,Travis Kelce,TE,KC,00-0030506,20.4,1,False,True,weekly_stats_name_position_team,,crosswalk_fields_disagree,Warning,crosswalk_fields_disagree
2024,10,SamuDe00,Deebo Samuel Sr.,WR,SF,00-0035719,12.6,1,False,True,weekly_stats_name_position_team,,crosswalk_fields_disagree,Warning,crosswalk_fields_disagree
2024,10,OttoCa00,Cade Otton,TE,TB,00-0038129,8.5,1,False,True,weekly_stats_name_position_team,,crosswalk_fields_disagree,Warning,crosswalk_fields_disagree
2024,10,MoorDa01,David Moore,WR,CAR,00-0033589,3.8,1,False,False,weekly_stats_name_position_team,,crosswalk_fields_disagree,Info,crosswalk_fields_disagree
2024,10,AlleKe00,Keenan Allen,WR,IND,00-0030279,9.4,1,False,True,master_name_position,,crosswalk_fields_disagree,Warning,crosswalk_fields_disagree
2024,10,WillJa09,Jameson Williams,WR,DET,00-0037240,8.3,1,False,True,weekly_stats_name_position_team,,crosswalk_fields_disagree,Warning,crosswalk_fields_disagree
2024,10,HarrMa05,Marvin Harrison Jr.,WR,ARI,00-0039849,16.4,1,False,True,weekly_stats_name_position_team,,crosswalk_fields_disagree,Warning,crosswalk_fields_disagree
2024,10,HenrHu00,Hunter Henry,TE,NE,00-0033090,2.4,1,False,True,weekly_stats_name_position_team,,crosswalk_fields_disagree,Warning,crosswalk_fields_disagree
2024,10,McMiJa00,Jalen McMillan,WR,TB,00-0039855,0.0,0,True,False,weekly_roster_name_position_team,,crosswalk_fields_disagree;no_actual_weekly_record;actual_score_created_from_missing_record,Info,crosswalk_fields_disagree
2024,10,DougDe00,DeMario Douglas,WR,NE,00-0038621,9.0,1,False,True,weekly_stats_name_position_team,,crosswalk_fields_disagree,Warning,crosswalk_fields_disagree
2024,10,JohnQu01,Quentin Johnston,WR,LAC,00-0038544,10.4,1,False,True,weekly_stats_name_position_team,,crosswalk_fields_disagree,Warning,crosswalk_fields_disagree
2024,10,KamaAl00,Alvin Kamara,RB,NO,00-0033906,15.9,1,False,True,weekly_stats_name_position_team,,crosswalk_fields_disagree,Warning,crosswalk_fields_disagree
2024,10,McClRa00,Ray-Ray McCloud III,WR,CHI,00-0034407,6.6,1,False,False,master_name_position,,crosswalk_fields_disagree,Info,crosswalk_fields_disagree
2024,10,WortXa00,Xavier Worthy,WR,KC,00-0039894,2.1,1,False,True,weekly_stats_name_position_team,,crosswalk_fields_disagree,Warning,crosswalk_fields_disagree
2024,10,BoutKa00,Kayshon Boutte,WR,HOU,00-0038608,8.7,1,False,False,master_name_position,,crosswalk_fields_disagree,Info,crosswalk_fields_disagree
2024,10,HollMa00,Mack Hollins,WR,NE,00-0033555,12.6,1,False,False,master_name_position,,crosswalk_fields_disagree,Info,crosswalk_fields_disagree
2024,10,TiptMa00,Mason Tipton,WR,NO,00-0039623,0.0,0,True,True,weekly_roster_name_position_team,,crosswalk_fields_disagree;no_actual_weekly_record;actual_score_created_from_missing_record,Warning,crosswalk_fields_disagree
2024,10,PalmJo01,Joshua Palmer,WR,BUF,00-0036988,4.6,1,False,False,master_name_position,,master_name_conflict,Info,master_name_conflict
2024,10,BourKe00,Kendrick Bourne,WR,ARI,00-0033307,0.0,0,True,False,master_name_position,,no_actual_weekly_record;actual_score_created_from_missing_record,Info,
2024,10,SandJa00,Ja'Tavion Sanders,TE,CAR,00-0039356,8.8,1,False,True,weekly_stats_name_position_team,,crosswalk_fields_disagree,Warning,crosswalk_fields_disagree
2024,10,PatrTi00,Tim Patrick,WR,NYJ,00-0033375,0.0,0,True,False,master_name_position,,no_actual_weekly_record;actual_score_created_from_missing_record,Info,
2024,10,OkonCh00,Chig Okonkwo,TE,WAS,00-0037809,2.4,1,False,True,master_name_position,,crosswalk_fields_disagree,Warning,crosswalk_fields_disagree
2024,10,WashPa01,Parker Washington,WR,JAX,00-0038606,0.0,0,True,False,weekly_roster_name_position_team,,no_actual_weekly_record;actual_score_created_from_missing_record,Info,
2024,10,McCaCh00,Christian McCaffrey,RB,SF,00-0033280,16.7,1,False,True,weekly_stats_name_position_team,,crosswalk_fields_disagree,Warning,crosswalk_fields_disagree
2024,10,VeleDe00,Devaughn Vele,WR,NO,00-0039424,13.9,1,False,False,master_name_position,,crosswalk_fields_disagree,Info,crosswalk_fields_disagree
2024,10,ParkCo00,Colby Parkinson,TE,LA,00-0036244,0.0,0,True,True,weekly_roster_name_position_team,,crosswalk_fields_disagree;no_actual_weekly_record;actual_score_created_from_missing_record,Warning,crosswalk_fields_disagree
2024,10,GrayNo00,Noah Gray,TE,KC,00-0036637,3.8,1,False,False,weekly_stats_name_position_team,,crosswalk_fields_disagree,Info,crosswalk_fields_disagree
2024,10,GibbJa00,Jahmyr Gibbs,RB,DET,00-0039139,12.8,1,False,True,weekly_stats_name_position_team,,crosswalk_fields_disagree,Warning,crosswalk_fields_disagree
2024,10,IrviBu00,Bucky Irving,RB,TB,00-0039361,17.7,1,False,True,weekly_stats_name_position_team,,crosswalk_fields_disagree,Warning,crosswalk_fields_disagree
2024,10,PalmTr00,Trey Palmer,WR,NO,00-0039052,0.0,1,False,False,master_name_position,,crosswalk_fields_disagree,Info,crosswalk_fields_disagree
2024,10,StevRh00,Rhamondre Stevenson,RB,NE,00-0036875,8.7,1,False,True,weekly_stats_name_position_team,,crosswalk_fields_disagree,Warning,crosswalk_fields_disagree
2024,10,SampDr00,Drew Sample,TE,CIN,00-0035631,0.0,0,True,False,weekly_roster_name_position_team,,no_actual_weekly_record;actual_score_created_from_missing_record,Info,
2024,10,ShavTy00,Tyrell Shavers,WR,BUF,00-0038679,0.0,0,True,False,weekly_roster_name_position_team,,no_actual_weekly_record;actual_score_created_from_missing_record,Info,
2024,10,OgunDa00,Dare Ogunbowale,RB,LV,00-0033854,1.1,1,False,False,master_name_position,,crosswalk_fields_disagree,Info,crosswalk_fields_disagree
2024,10,EtieTr00,Travis Etienne Jr.,RB,NO,00-0036973,5.3,1,False,True,master_name_position,,crosswalk_fields_disagree,Warning,crosswalk_fields_disagree
2024,10,JuszKy00,Kyle Juszczyk,RB,SF,00-0029892,0.0,0,True,False,weekly_roster_name_position_team,,no_actual_weekly_record;actual_score_created_from_missing_record,Info,gsis_id_not_in_master
2024,10,AtweTu00,Tutu Atwell,WR,LA,00-0036849,1.6,1,False,False,weekly_stats_name_position_team,,crosswalk_fields_disagree,Info,crosswalk_fields_disagree
2024,10,AlieMo00,Mo Alie-Cox,TE,IND,00-0033217,0.0,0,True,False,weekly_roster_name_position_team,,no_actual_weekly_record;actual_score_created_from_missing_record,Info,
2024,10,HarrNa00,Najee Harris,RB,NYG,00-0036893,11.3,1,False,True,master_name_position,,crosswalk_fields_disagree,Warning,crosswalk_fields_disagree
2024,10,WrigBr00,Brock Wright,TE,DET,00-0036754,0.0,0,True,False,weekly_roster_name_position_team,,crosswalk_fields_disagree;no_actual_weekly_record;actual_score_created_from_missing_record,Info,crosswalk_fields_disagree
2024,10,McLaJa00,Jaleel McLaughlin,RB,CLE,00-0038794,1.2,1,False,True,master_name_position,,crosswalk_fields_disagree,Warning,crosswalk_fields_disagree
2024,10,JohnTy00,Ty Johnson,RB,BUF,00-0035537,6.2,1,False,False,weekly_stats_name_position_team,,crosswalk_fields_disagree,Info,crosswalk_fields_disagree
2024,10,AlleBr01,Braelon Allen,RB,NYJ,00-0039794,4.4,1,False,True,weekly_stats_name_position_team,,crosswalk_fields_disagree,Warning,crosswalk_fields_disagree
2024,10,AdkiNa00,Nate Adkins,TE,DEN,00-0038783,0.0,0,True,False,weekly_roster_name_position_team,,no_actual_weekly_record;actual_score_created_from_missing_record,Info,
2024,10,OgleAn00,Drew Ogletree,TE,IND,00-0037292,1.2,1,False,False,pfr_crosswalk_verified,,master_name_conflict,Info,master_name_conflict
2024,10,SermTr00,Trey Sermon,RB,ATL,00-0036984,1.4,1,False,False,master_name_position,,crosswalk_fields_disagree,Info,crosswalk_fields_disagree
2024,10,HodgKh00,KhaDarel Hodge,WR,SF,00-0034854,0.0,0,True,False,master_name_position,,crosswalk_fields_disagree;no_actual_weekly_record;actual_score_created_from_missing_record,Info,crosswalk_fields_disagree
2024,10,DaviDe01,Derius Davis,WR,LAC,00-0038573,3.3,1,False,False,weekly_stats_name_position_team,,crosswalk_fields_disagree,Info,crosswalk_fields_disagree
2024,10,AlleDa01,Davis Allen,TE,LA,00-0039074,8.4,1,False,False,weekly_stats_name_position_team,,crosswalk_fields_disagree,Info,crosswalk_fields_disagree
2024,10,VannNi00,Nick Vannett,TE,BAL,00-0032394,0.0,0,True,False,master_name_position,,crosswalk_fields_disagree;master_team_context_differs;no_actual_weekly_record;actual_score_created_from_missing_record,Info,crosswalk_fields_disagree;master_team_context_differs
2024,10,ThomDe04,Deven Thompkins,WR,LV,00-0037487,0.0,0,True,False,master_name_position,,crosswalk_fields_disagree;no_actual_weekly_record;actual_score_created_from_missing_record,Info,crosswalk_fields_disagree
2024,10,ReimTi00,Tip Reiman,TE,ARI,00-0039737,0.0,0,True,False,weekly_roster_name_position_team,,no_actual_weekly_record;actual_score_created_from_missing_record,Info,
2024,10,DemeEm00,Emari Demercado,RB,DAL,00-0038705,2.2,1,False,False,master_name_position,,crosswalk_fields_disagree,Info,crosswalk_fields_disagree
2024,10,SinnBe00,Ben Sinnott,TE,WAS,00-0039912,0.0,0,True,False,weekly_roster_name_position_team,,no_actual_weekly_record;actual_score_created_from_missing_record,Info,
2024,10,GainKe00,Kenny Gainwell,RB,TB,00-0036919,4.9,1,False,False,master_name_position,,crosswalk_fields_disagree,Info,crosswalk_fields_disagree
2024,10,MundJo00,Johnny Mundt,TE,PHI,00-0033246,0.0,0,True,False,master_name_position,,no_actual_weekly_record;actual_score_created_from_missing_record,Info,
2024,10,TreaLa00,Laquon Treadwell,WR,IND,00-0032951,0.0,0,True,False,weekly_roster_name_position_team,,no_actual_weekly_record;actual_score_created_from_missing_record,Info,
2024,10,JoneTi00,Tim Jones,WR,JAX,00-0036497,0.0,0,True,False,weekly_roster_name_position_team,,no_actual_weekly_record;actual_score_created_from_missing_record,Info,
2024,10,SpanBr00,Brevyn Spann-Ford,TE,DAL,00-0039530,0.0,0,True,False,weekly_roster_name_position_team,,no_actual_weekly_record;actual_score_created_from_missing_record,Info,
2024,10,TuckSe00,Sean Tucker,RB,TB,00-0038951,0.0,1,False,False,weekly_stats_name_position_team,,crosswalk_fields_disagree,Info,crosswalk_fields_disagree
2024,10,MorrQu00,Quintin Morris,TE,JAX,00-0036590,0.0,0,True,False,master_name_position,,no_actual_weekly_record;actual_score_created_from_missing_record,Info,
2024,10,LongHu00,Hunter Long,TE,ARI,00-0037004,0.0,0,True,False,master_name_position,,crosswalk_fields_disagree;no_actual_weekly_record;actual_score_created_from_missing_record,Info,crosswalk_fields_disagree
2024,10,HeywCo00,Connor Heyward,TE,LV,00-0037304,0.0,0,True,False,manual_override,Top-player gate override because the historical FBG row uses a stale LV team while the weekly roster identifies Connor Heyward as TE 00-0037304 for PIT,no_actual_weekly_record;actual_score_created_from_missing_record,Info,manual_override_applied;gsis_id_not_in_master
2024,10,DurhPa00,Payne Durham,TE,TB,00-0039050,0.0,0,True,False,weekly_roster_name_position_team,,crosswalk_fields_disagree;no_actual_weekly_record;actual_score_created_from_missing_record,Info,crosswalk_fields_disagree
2024,10,BellDa03,Daniel Bellinger,TE,TEN,00-0038115,0.0,0,True,False,master_name_position,,no_actual_weekly_record;actual_score_created_from_missing_record,Info,
2024,10,WalkDe01,Devontez Walker,WR,BAL,00-0039792,0.0,0,True,False,weekly_roster_name_position_team,,no_actual_weekly_record;actual_score_created_from_missing_record,Info,
2024,10,ManhCh00,Chris Manhertz,TE,NYG,00-0031484,0.0,0,True,False,weekly_roster_name_position_team,,no_actual_weekly_record;actual_score_created_from_missing_record,Info,
2024,10,AustKe00,Kevin Austin Jr,WR,NO,00-0037231,5.6,1,False,False,weekly_stats_name_position_team,,crosswalk_fields_disagree,Info,crosswalk_fields_disagree
2024,10,WashCa01,Casey Washington,WR,CAR,00-0039394,0.0,0,True,False,master_name_position,,crosswalk_fields_disagree;no_actual_weekly_record;actual_score_created_from_missing_record,Info,crosswalk_fields_disagree
2024,10,QuitTe00,Teagan Quitoriano,TE,ARI,00-0037277,0.0,0,True,False,master_name_position,,no_actual_weekly_record;actual_score_created_from_missing_record,Info,
2024,10,GranCa00,Cam Grandy,TE,MIN,00-0039631,1.0,1,False,False,master_name_position,,crosswalk_fields_disagree,Info,crosswalk_fields_disagree
2024,10,OlivBr01,Bryce Oliver,WR,CLE,00-0039650,4.3,1,False,False,master_name_position,,crosswalk_fields_disagree;master_team_context_differs,Info,crosswalk_fields_disagree;master_team_context_differs
2024,10,RicaPa00,Patrick Ricard,RB,NYG,00-0033376,0.0,0,True,False,master_name_position,,no_actual_weekly_record;actual_score_created_from_missing_record,Info,
2024,10,CharIr00,Irv Charles,WR,SEA,,,0,False,False,unmatched,,no_unique_gsis_id;crosswalk_fields_disagree;no_actual_weekly_record;actual_score_created_from_missing_record,Info,crosswalk_fields_disagree
2024,10,MoreJa01,Jalen Moreno-Cropper,WR,NO,00-0038740,0.0,0,True,False,master_name_position,,crosswalk_fields_disagree;no_actual_weekly_record;actual_score_created_from_missing_record,Info,crosswalk_fields_disagree
2024,10,EstiAu00,Audric EstimC),RB,NO,00-0039373,5.3,1,False,False,master_name_position,,crosswalk_fields_disagree,Info,crosswalk_fields_disagree
2024,10,TongJa00,Jake Tonges,TE,SF,00-0037112,0.0,0,True,False,weekly_roster_name_position_team,,no_actual_weekly_record;actual_score_created_from_missing_record,Info,
2024,10,ReynCr00,Craig Reynolds,RB,WAS,00-0035567,0.0,0,True,False,master_name_position,,crosswalk_fields_disagree;no_actual_weekly_record;actual_score_created_from_missing_record,Info,crosswalk_fields_disagree
2024,10,PrenAd00,Adam Prentice,RB,DEN,00-0036727,0.0,0,True,False,pfr_crosswalk_verified,,no_actual_weekly_record;actual_score_created_from_missing_record,Info,gsis_id_not_in_master
2024,10,BlaiCh00,Chris Blair,WR,ATL,00-0036463,0.0,0,True,False,weekly_roster_name_position_team,,no_actual_weekly_record;actual_score_created_from_missing_record,Info,
2024,10,RiveRo01,Ronnie Rivers,RB,LA,00-0037557,0.0,0,True,False,weekly_roster_name_position_team,,no_actual_weekly_record;actual_score_created_from_missing_record,Info,
2024,10,BurtMi00,Michael Burton,RB,CLE,00-0031595,0.0,0,True,False,pfr_crosswalk_verified,,no_actual_weekly_record;actual_score_created_from_missing_record,Info,gsis_id_not_in_master
2024,10,HaskHa00,Hassan Haskins,RB,NE,00-0037617,6.4,1,False,False,master_name_position,,crosswalk_fields_disagree,Info,crosswalk_fields_disagree
2024,10,DallDe00,DeeJay Dallas,RB,MIN,00-0036425,1.0,1,False,False,master_name_position,,crosswalk_fields_disagree;master_team_context_differs,Info,crosswalk_fields_disagree;master_team_context_differs
2024,10,KiefKo00,Ko Kieft,TE,TB,00-0037311,0.0,0,True,False,weekly_roster_name_position_team,,crosswalk_fields_disagree;no_actual_weekly_record;actual_score_created_from_missing_record,Info,crosswalk_fields_disagree
2024,10,MayfBa00,Baker Mayfield,QB,TB,00-0034855,8.94,1,False,True,weekly_stats_name_position_team,,crosswalk_fields_disagree,Warning,crosswalk_fields_disagree
2024,10,MahoPa00,Patrick Mahomes II,QB,KC,00-0033873,16.54,1,False,True,weekly_stats_name_position_team,,crosswalk_fields_disagree,Warning,crosswalk_fields_disagree
2024,10,AlleJo01,Josh Allen,QB,BUF,00-0034857,18.2,1,False,True,weekly_stats_name_position_team,,crosswalk_fields_disagree,Warning,crosswalk_fields_disagree
2024,10,RushCo00,Cooper Rush,QB,ATL,00-0033662,-2.0,1,False,True,master_name_position,,crosswalk_fields_disagree,Warning,crosswalk_fields_disagree
2024,10,MayeDr00,Drake Maye,QB,NE,00-0039851,11.76,1,False,True,weekly_stats_name_position_team,,crosswalk_fields_disagree,Warning,crosswalk_fields_disagree
2024,10,JoneMa04,Mac Jones,QB,SF,00-0036972,5.24,1,False,True,master_name_position,,crosswalk_fields_disagree,Warning,crosswalk_fields_disagree
2024,10,CracRi00,River Cracraft,WR,WAS,00-0034054,0.0,0,True,False,master_name_position,,no_actual_weekly_record;actual_score_created_from_missing_record,Info,
2024,10,HillJu01,Julian Hill,TE,NE,00-0038720,0.0,1,False,False,master_name_position,,crosswalk_fields_disagree,Info,crosswalk_fields_disagree
2024,10,IngoAl00,Alec Ingold,RB,LAC,00-0035125,0.0,0,True,False,manual_override,Top-player gate override because the historical FBG row uses a stale LAC team while the weekly roster identifies Alec Ingold as RB 00-0035125 for MIA,no_actual_weekly_record;actual_score_created_from_missing_record,Info,manual_override_applied;gsis_id_not_in_master
2024,10,TramAu00,Austin Trammell,WR,JAX,00-0036841,0.0,0,True,False,weekly_roster_name_position_team,,no_actual_weekly_record;actual_score_created_from_missing_record,Info,
2024,10,CollNi00,Nico Collins,WR,HOU,00-0036554,0.0,0,True,False,weekly_roster_name_position_team,,no_actual_weekly_record;actual_score_created_from_missing_record,Info,
2024,10,VidaKi00,Kimani Vidal,RB,LAC,00-0039391,0.0,0,True,False,weekly_roster_name_position_team,,no_actual_weekly_record;actual_score_created_from_missing_record,Info,
2024,10,SmarSt00,Stone Smartt,TE,NO,00-0037475,0.0,0,True,False,master_name_position,,crosswalk_fields_disagree;no_actual_weekly_record;actual_score_created_from_missing_record,Info,crosswalk_fields_disagree
2024,10,BrooJo00,Jonathon Brooks,RB,CAR,00-0039344,0.0,0,True,False,weekly_roster_name_position_team,,no_actual_weekly_record;actual_score_created_from_missing_record,Info,
2024,10,TremTo00,Tommy Tremble,TE,CAR,00-0037005,0.0,0,True,False,weekly_roster_name_position_team,,no_actual_weekly_record;actual_score_created_from_missing_record,Info,
2024,11,MahoPa00,Patrick Mahomes II,QB,KC,00-0033873,15.84,1,False,True,weekly_stats_name_position_team,,crosswalk_fields_disagree,Warning,crosswalk_fields_disagree
2024,11,MayeDr00,Drake Maye,QB,NE,00-0039851,17.98,1,False,True,weekly_stats_name_position_team,,crosswalk_fields_disagree,Warning,crosswalk_fields_disagree
2024,11,JoneMa04,Mac Jones,QB,SF,00-0036972,4.22,1,False,True,master_name_position,,crosswalk_fields_disagree,Warning,crosswalk_fields_disagree
2024,11,RushCo00,Cooper Rush,QB,ATL,00-0033662,16.36,1,False,True,master_name_position,,crosswalk_fields_disagree,Warning,crosswalk_fields_disagree
2024,11,AlleJo01,Josh Allen,QB,BUF,00-0034857,23.98,1,False,True,weekly_stats_name_position_team,,crosswalk_fields_disagree,Warning,crosswalk_fields_disagree
2024,11,McCaCh00,Christian McCaffrey,RB,SF,00-0033280,14.6,1,False,True,weekly_stats_name_position_team,,crosswalk_fields_disagree,Warning,crosswalk_fields_disagree
2024,11,KamaAl00,Alvin Kamara,RB,NO,00-0033906,12.9,1,False,True,weekly_stats_name_position_team,,crosswalk_fields_disagree,Warning,crosswalk_fields_disagree
2024,11,GibbJa00,Jahmyr Gibbs,RB,DET,00-0039139,19.3,1,False,True,weekly_stats_name_position_team,,crosswalk_fields_disagree,Warning,crosswalk_fields_disagree
2024,11,WalkKe01,Ken Walker III,RB,KC,00-0038134,13.9,1,False,True,manual_override,FBG uses Ken Walker and a stale KC team in the historical export,master_name_conflict,Warning,manual_override_applied;master_name_conflict
2024,11,HarrNa00,Najee Harris,RB,NYG,00-0036893,13.3,1,False,True,master_name_position,,crosswalk_fields_disagree,Warning,crosswalk_fields_disagree
2024,11,StevRh00,Rhamondre Stevenson,RB,NE,00-0036875,12.9,1,False,True,weekly_stats_name_position_team,,crosswalk_fields_disagree,Warning,crosswalk_fields_disagree
2024,11,EstiAu00,Audric EstimC),RB,NO,00-0039373,5.5,1,False,True,master_name_position,,crosswalk_fields_disagree,Warning,crosswalk_fields_disagree
2024,11,AlleBr01,Braelon Allen,RB,NYJ,00-0039794,0.6,1,False,True,weekly_stats_name_position_team,,crosswalk_fields_disagree,Warning,crosswalk_fields_disagree
2024,11,EtieTr00,Travis Etienne Jr.,RB,NO,00-0036973,6.3,1,False,True,master_name_position,,crosswalk_fields_disagree,Warning,crosswalk_fields_disagree
2024,11,SamuDe00,Deebo Samuel Sr.,WR,SF,00-0035719,6.1,1,False,True,weekly_stats_name_position_team,,crosswalk_fields_disagree,Warning,crosswalk_fields_disagree
2024,11,GainKe00,Kenny Gainwell,RB,TB,00-0036919,5.9,1,False,False,master_name_position,,crosswalk_fields_disagree,Info,crosswalk_fields_disagree
2024,11,McLaJa00,Jaleel McLaughlin,RB,CLE,00-0038794,1.9,1,False,True,master_name_position,,crosswalk_fields_disagree,Warning,crosswalk_fields_disagree
2024,11,WillJa09,Jameson Williams,WR,DET,00-0037240,22.6,1,False,True,weekly_stats_name_position_team,,crosswalk_fields_disagree,Warning,crosswalk_fields_disagree
2024,11,SermTr00,Trey Sermon,RB,ATL,00-0036984,1.3,1,False,False,master_name_position,,crosswalk_fields_disagree,Info,crosswalk_fields_disagree
2024,11,StroPi00,Pierre Strong Jr,RB,GB,00-0038098,0.5,1,False,False,master_name_position,,crosswalk_fields_disagree,Info,crosswalk_fields_disagree
2024,11,ReynCr00,Craig Reynolds,RB,WAS,00-0035567,2.1,1,False,False,master_name_position,,crosswalk_fields_disagree,Info,crosswalk_fields_disagree
2024,11,DaviDe01,Derius Davis,WR,LAC,00-0038573,3.0,1,False,False,weekly_stats_name_position_team,,crosswalk_fields_disagree,Info,crosswalk_fields_disagree
2024,11,JohnTy00,Ty Johnson,RB,BUF,00-0035537,1.8,1,False,False,weekly_stats_name_position_team,,crosswalk_fields_disagree,Info,crosswalk_fields_disagree
2024,11,MeltBo00,Bo Melton,WR,GB,00-0037091,0.0,0,True,False,weekly_roster_name_position_team,,crosswalk_fields_disagree;no_actual_weekly_record;actual_score_created_from_missing_record,Info,crosswalk_fields_disagree
2024,11,OgunDa00,Dare Ogunbowale,RB,LV,00-0033854,2.1,1,False,False,master_name_position,,crosswalk_fields_disagree,Info,crosswalk_fields_disagree
2024,11,HaskHa00,Hassan Haskins,RB,NE,00-0037617,0.1,1,False,False,master_name_position,,crosswalk_fields_disagree,Info,crosswalk_fields_disagree
2024,11,McClRa00,Ray-Ray McCloud III,WR,CHI,00-0034407,10.6,1,False,False,master_name_position,,crosswalk_fields_disagree,Info,crosswalk_fields_disagree
2024,11,JohnQu01,Quentin Johnston,WR,LAC,00-0038544,12.8,1,False,True,weekly_stats_name_position_team,,crosswalk_fields_disagree,Warning,crosswalk_fields_disagree
2024,11,WortXa00,Xavier Worthy,WR,KC,00-0039894,16.8,1,False,False,weekly_stats_name_position_team,,crosswalk_fields_disagree,Info,crosswalk_fields_disagree
2024,11,AtweTu00,Tutu Atwell,WR,LA,00-0036849,3.1,1,False,False,weekly_stats_name_position_team,,crosswalk_fields_disagree,Info,crosswalk_fields_disagree
2024,11,DougDe00,DeMario Douglas,WR,NE,00-0038621,9.9,1,False,True,weekly_stats_name_position_team,,crosswalk_fields_disagree,Warning,crosswalk_fields_disagree
2024,11,JuszKy00,Kyle Juszczyk,RB,SF,00-0029892,0.0,0,True,False,weekly_roster_name_position_team,,no_actual_weekly_record;actual_score_created_from_missing_record,Info,gsis_id_not_in_master
2024,11,WatsCh00,Christian Watson,WR,GB,00-0038124,19.0,1,False,False,weekly_stats_name_position_team,,crosswalk_fields_disagree,Info,crosswalk_fields_disagree
2024,11,ThomBr01,Brian Thomas Jr.,WR,JAX,00-0039893,13.6,1,False,True,weekly_stats_name_position_team,,crosswalk_fields_disagree,Warning,crosswalk_fields_disagree
2024,11,RiveRo01,Ronnie Rivers,RB,LA,00-0037557,0.0,0,True,False,weekly_roster_name_position_team,,no_actual_weekly_record;actual_score_created_from_missing_record,Info,
2024,11,KrafTu00,Tucker Kraft,TE,GB,00-0038996,0.0,1,False,True,weekly_stats_name_position_team,,crosswalk_fields_disagree,Warning,crosswalk_fields_disagree
2024,11,KelcTr00,Travis Kelce,TE,KC,00-0030506,2.8,1,False,True,weekly_stats_name_position_team,,crosswalk_fields_disagree,Warning,crosswalk_fields_disagree
2024,11,PrenAd00,Adam Prentice,RB,DEN,00-0036727,0.0,0,True,False,pfr_crosswalk_verified,,no_actual_weekly_record;actual_score_created_from_missing_record,Info,gsis_id_not_in_master
2024,11,BrowAJ00,A.J. Brown,WR,NE,00-0035676,11.5,1,False,True,master_name_position,,crosswalk_fields_disagree,Warning,crosswalk_fields_disagree
2024,11,SmitDe04,DeVonta Smith,WR,PHI,00-0036912,6.9,1,False,True,weekly_stats_name_position_team,,crosswalk_fields_disagree,Warning,crosswalk_fields_disagree
2024,11,SmitJa02,Jaxon Smith-Njigba,WR,SEA,00-0038543,21.8,1,False,True,weekly_stats_name_position_team,,crosswalk_fields_disagree,Warning,crosswalk_fields_disagree
2024,11,DoubRo00,Romeo Doubs,WR,NE,00-0037816,2.7,1,False,True,master_name_position,,crosswalk_fields_disagree,Warning,crosswalk_fields_disagree
2024,11,HenrHu00,Hunter Henry,TE,NE,00-0033090,12.3,1,False,True,weekly_stats_name_position_team,,crosswalk_fields_disagree,Warning,crosswalk_fields_disagree
2024,11,AlleKe00,Keenan Allen,WR,IND,00-0030279,8.1,1,False,True,master_name_position,,crosswalk_fields_disagree,Warning,crosswalk_fields_disagree
2024,11,BoboJa00,Jake Bobo,WR,SEA,00-0038752,0.0,0,True,False,weekly_roster_name_position_team,,no_actual_weekly_record;actual_score_created_from_missing_record,Info,
2024,11,PalmJo01,Joshua Palmer,WR,BUF,00-0036988,4.3,1,False,False,master_name_position,,master_name_conflict,Info,master_name_conflict
2024,11,BoutKa00,Kayshon Boutte,WR,HOU,00-0038608,7.3,1,False,False,master_name_position,,crosswalk_fields_disagree,Info,crosswalk_fields_disagree
2024,11,VeleDe00,Devaughn Vele,WR,NO,00-0039424,10.6,1,False,False,master_name_position,,crosswalk_fields_disagree,Info,crosswalk_fields_disagree
2024,11,HollMa00,Mack Hollins,WR,NE,00-0033555,4.7,1,False,False,master_name_position,,crosswalk_fields_disagree,Info,crosswalk_fields_disagree
2024,11,OkonCh00,Chig Okonkwo,TE,WAS,00-0037809,3.9,1,False,True,master_name_position,,crosswalk_fields_disagree,Warning,crosswalk_fields_disagree
2024,11,GrayNo00,Noah Gray,TE,KC,00-0036637,18.3,1,False,False,weekly_stats_name_position_team,,crosswalk_fields_disagree,Info,crosswalk_fields_disagree
2024,11,HutcXa00,Xavier Hutchinson,WR,HOU,00-0038618,0.0,0,True,False,weekly_roster_name_position_team,,no_actual_weekly_record;actual_score_created_from_missing_record,Info,
2024,11,ParkCo00,Colby Parkinson,TE,LA,00-0036244,8.9,1,False,False,weekly_stats_name_position_team,,crosswalk_fields_disagree,Info,crosswalk_fields_disagree
2024,11,KrulLu00,Lucas Krull,TE,DEN,00-0037539,0.0,0,True,True,weekly_roster_name_position_team,,no_actual_weekly_record;actual_score_created_from_missing_record,Warning,
2024,11,WrigBr00,Brock Wright,TE,DET,00-0036754,7.5,1,False,True,weekly_stats_name_position_team,,crosswalk_fields_disagree,Warning,crosswalk_fields_disagree
2024,11,BrowPh00,Pharaoh Brown,TE,IND,00-0033439,0.0,1,False,False,master_name_position,,crosswalk_fields_disagree,Info,crosswalk_fields_disagree
2024,11,SimsBe00,Ben Sims,TE,MIA,00-0038809,0.0,0,True,False,master_name_position,,no_actual_weekly_record;actual_score_created_from_missing_record,Info,
2024,11,VannNi00,Nick Vannett,TE,BAL,00-0032394,1.6,1,False,False,master_name_position,,crosswalk_fields_disagree;master_team_context_differs,Info,crosswalk_fields_disagree;master_team_context_differs
2024,11,WilsJo02,Johnny Wilson,WR,PHI,00-0039236,0.0,0,True,False,weekly_roster_name_position_team,,no_actual_weekly_record;actual_score_created_from_missing_record,Info,
2024,11,HillJu01,Julian Hill,TE,NE,00-0038720,4.8,1,False,False,master_name_position,,crosswalk_fields_disagree,Info,crosswalk_fields_disagree
2024,11,OgleAn00,Drew Ogletree,TE,IND,00-0037292,1.8,1,False,False,pfr_crosswalk_verified,,master_name_conflict,Info,master_name_conflict
2024,11,CracRi00,River Cracraft,WR,WAS,00-0034054,0.0,0,True,False,master_name_position,,no_actual_weekly_record;actual_score_created_from_missing_record,Info,
2024,11,AlleDa01,Davis Allen,TE,LA,00-0039074,0.0,0,True,True,weekly_roster_name_position_team,,crosswalk_fields_disagree;no_actual_weekly_record;actual_score_created_from_missing_record,Warning,crosswalk_fields_disagree
2024,11,SinnBe00,Ben Sinnott,TE,WAS,00-0039912,0.0,0,True,False,weekly_roster_name_position_team,,no_actual_weekly_record;actual_score_created_from_missing_record,Info,
2024,11,HodgKh00,KhaDarel Hodge,WR,SF,00-0034854,4.2,1,False,False,master_name_position,,crosswalk_fields_disagree,Info,crosswalk_fields_disagree
2024,11,LongHu00,Hunter Long,TE,ARI,00-0037004,0.0,0,True,False,master_name_position,,crosswalk_fields_disagree;no_actual_weekly_record;actual_score_created_from_missing_record,Info,crosswalk_fields_disagree
2024,11,JoneTi00,Tim Jones,WR,JAX,00-0036497,0.0,0,True,False,weekly_roster_name_position_team,,no_actual_weekly_record;actual_score_created_from_missing_record,Info,
2024,11,HeywCo00,Connor Heyward,TE,LV,00-0037304,0.0,0,True,False,manual_override,Top-player gate override because the historical FBG row uses a stale LV team while the weekly roster identifies Connor Heyward as TE 00-0037304 for PIT,no_actual_weekly_record;actual_score_created_from_missing_record,Info,manual_override_applied;gsis_id_not_in_master
2024,11,QuitTe00,Teagan Quitoriano,TE,ARI,00-0037277,0.0,0,True,False,master_name_position,,no_actual_weekly_record;actual_score_created_from_missing_record,Info,
2024,11,WashCa01,Casey Washington,WR,CAR,00-0039394,0.0,1,False,False,master_name_position,,crosswalk_fields_disagree,Info,crosswalk_fields_disagree
2024,11,ShorJu00,Justin Shorter,WR,LV,00-0038590,0.0,0,True,False,pfr_crosswalk_verified,,master_position_conflict;no_actual_weekly_record;actual_score_created_from_missing_record,Info,master_position_conflict
2024,11,OlivBr01,Bryce Oliver,WR,CLE,00-0039650,4.3,1,False,False,master_name_position,,crosswalk_fields_disagree;master_team_context_differs,Info,crosswalk_fields_disagree;master_team_context_differs
2024,11,CharIr00,Irv Charles,WR,SEA,,,0,False,False,unmatched,,no_unique_gsis_id;crosswalk_fields_disagree;no_actual_weekly_record;actual_score_created_from_missing_record,Info,crosswalk_fields_disagree
2024,11,TongJa00,Jake Tonges,TE,SF,00-0037112,0.0,0,True,False,weekly_roster_name_position_team,,no_actual_weekly_record;actual_score_created_from_missing_record,Info,
2024,11,AustKe00,Kevin Austin Jr,WR,NO,00-0037231,2.8,1,False,False,weekly_stats_name_position_team,,crosswalk_fields_disagree,Info,crosswalk_fields_disagree
2024,11,JoneVe00,Velus Jones Jr,RB,SEA,00-0037745,0.0,0,True,False,manual_override,Top-player gate override because the historical FBG row labels Velus Jones Jr as RB with stale teams while the weekly records identify GSIS 00-0037745 and the master position is WR,crosswalk_fields_disagree;master_position_conflict;no_actual_weekly_record;actual_score_created_from_missing_record,Info,crosswalk_fields_disagree;manual_override_applied;master_position_conflict
2024,11,BurtMi00,Michael Burton,RB,CLE,00-0031595,0.0,0,True,False,pfr_crosswalk_verified,,no_actual_weekly_record;actual_score_created_from_missing_record,Info,gsis_id_not_in_master
2024,11,SmarSt00,Stone Smartt,TE,NO,00-0037475,0.0,0,True,False,master_name_position,,crosswalk_fields_disagree;no_actual_weekly_record;actual_score_created_from_missing_record,Info,crosswalk_fields_disagree
2024,11,FantPr00,Princeton Fant,TE,DAL,00-0038735,0.0,0,True,False,weekly_roster_name_position_team,,no_actual_weekly_record;actual_score_created_from_missing_record,Info,
2024,11,WillBr04,Brayden Willis,TE,SF,00-0038643,0.0,1,False,False,weekly_stats_name_position_team,,crosswalk_fields_disagree,Info,crosswalk_fields_disagree
2024,11,GillRe00,Reggie Gilliam,RB,NE,00-0036187,0.0,0,True,False,master_name_position,,crosswalk_fields_disagree;no_actual_weekly_record;actual_score_created_from_missing_record,Info,crosswalk_fields_disagree
2024,11,ThomJe05,Je'Quan Thomas,WR,MIA,,,0,False,False,unmatched,,no_unique_gsis_id;no_actual_weekly_record;actual_score_created_from_missing_record,Info,
2024,11,WhitCo01,Cody White,WR,LV,00-0035891,0.0,0,True,False,master_name_position,,crosswalk_fields_disagree;no_actual_weekly_record;actual_score_created_from_missing_record,Info,crosswalk_fields_disagree
2024,11,GranCa00,Cam Grandy,TE,MIN,00-0039631,0.0,0,True,False,master_name_position,,crosswalk_fields_disagree;no_actual_weekly_record;actual_score_created_from_missing_record,Info,crosswalk_fields_disagree
2024,11,LancTr00,Trey Lance,QB,LAC,00-0037012,0.0,0,True,True,master_name_position,,no_actual_weekly_record;actual_score_created_from_missing_record,Warning,
2024,11,LuepHu01,Hunter Luepke,RB,DAL,00-0038738,0.0,0,True,False,weekly_roster_name_position_team,,no_actual_weekly_record;actual_score_created_from_missing_record,Info,
2024,11,BeckAn00,Andrew Beck,RB,NYJ,00-0034959,0.0,0,True,False,manual_override,FBG position and team differ from the weekly roster record,no_actual_weekly_record;actual_score_created_from_missing_record,Info,manual_override_applied;gsis_id_not_in_master
2024,11,BrooJa02,Jalen Brooks,WR,ARI,00-0038640,0.0,0,True,False,master_name_position,,no_actual_weekly_record;actual_score_created_from_missing_record,Info,
2024,11,PachIs00,Isiah Pacheco,RB,DET,00-0037197,0.0,0,True,False,master_name_position,,no_actual_weekly_record;actual_score_created_from_missing_record,Info,
2024,11,VidaKi00,Kimani Vidal,RB,LAC,00-0039391,0.0,0,True,False,weekly_roster_name_position_team,,no_actual_weekly_record;actual_score_created_from_missing_record,Info,
2024,11,RodrCh01,Chris Rodriguez Jr.,RB,JAX,00-0038611,0.0,0,True,False,master_name_position,,no_actual_weekly_record;actual_score_created_from_missing_record,Info,
2024,11,MusgLu00,Luke Musgrave,TE,GB,00-0039144,0.0,0,True,False,weekly_roster_name_position_team,,crosswalk_fields_disagree;no_actual_weekly_record;actual_score_created_from_missing_record,Info,crosswalk_fields_disagree
2024,11,WoerCh00,Charlie Woerner,TE,ATL,00-0036429,0.0,0,True,False,weekly_roster_name_position_team,,no_actual_weekly_record;actual_score_created_from_missing_record,Info,
2024,11,TramAu00,Austin Trammell,WR,JAX,00-0036841,0.0,0,True,False,weekly_roster_name_position_team,,no_actual_weekly_record;actual_score_created_from_missing_record,Info,
2024,12,MayfBa00,Baker Mayfield,QB,TB,00-0034855,18.66,1,False,True,weekly_stats_name_position_team,,crosswalk_fields_disagree,Warning,crosswalk_fields_disagree
2024,12,RushCo00,Cooper Rush,QB,ATL,00-0033662,17.98,1,False,True,master_name_position,,crosswalk_fields_disagree,Warning,crosswalk_fields_disagree
2024,12,MayeDr00,Drake Maye,QB,NE,00-0039851,13.48,1,False,True,weekly_stats_name_position_team,,crosswalk_fields_disagree,Warning,crosswalk_fields_disagree
2024,12,MahoPa00,Patrick Mahomes II,QB,KC,00-0033873,28.76,1,False,True,weekly_stats_name_position_team,,crosswalk_fields_disagree,Warning,crosswalk_fields_disagree
2024,12,FielJu00,Justin Fields,QB,KC,00-0036945,2.6,1,False,True,master_name_position,,crosswalk_fields_disagree,Warning,crosswalk_fields_disagree
2024,12,McCaCh00,Christian McCaffrey,RB,SF,00-0033280,7.8,1,False,True,weekly_stats_name_position_team,,crosswalk_fields_disagree,Warning,crosswalk_fields_disagree
2024,12,WalkKe01,Ken Walker III,RB,KC,00-0038134,13.3,1,False,True,manual_override,FBG uses Ken Walker and a stale KC team in the historical export,master_name_conflict,Warning,manual_override_applied;master_name_conflict
2024,12,BrowAJ00,A.J. Brown,WR,NE,00-0035676,22.9,1,False,True,master_name_position,,crosswalk_fields_disagree,Warning,crosswalk_fields_disagree
2024,12,GibbJa00,Jahmyr Gibbs,RB,DET,00-0039139,24.9,1,False,True,weekly_stats_name_position_team,,crosswalk_fields_disagree,Warning,crosswalk_fields_disagree
2024,12,KelcTr00,Travis Kelce,TE,KC,00-0030506,12.2,1,False,True,weekly_stats_name_position_team,,crosswalk_fields_disagree,Warning,crosswalk_fields_disagree
2024,12,SmitJa02,Jaxon Smith-Njigba,WR,SEA,00-0038543,19.7,1,False,True,weekly_stats_name_position_team,,crosswalk_fields_disagree,Warning,crosswalk_fields_disagree
2024,12,StevRh00,Rhamondre Stevenson,RB,NE,00-0036875,3.3,1,False,True,weekly_stats_name_position_team,,crosswalk_fields_disagree,Warning,crosswalk_fields_disagree
2024,12,OttoCa00,Cade Otton,TE,TB,00-0038129,4.0,1,False,True,weekly_stats_name_position_team,,crosswalk_fields_disagree,Warning,crosswalk_fields_disagree
2024,12,HarrNa00,Najee Harris,RB,NYG,00-0036893,7.4,1,False,True,master_name_position,,crosswalk_fields_disagree,Warning,crosswalk_fields_disagree
2024,12,IrviBu00,Bucky Irving,RB,TB,00-0039361,27.2,1,False,True,weekly_stats_name_position_team,,crosswalk_fields_disagree,Warning,crosswalk_fields_disagree
2024,12,WillJa09,Jameson Williams,WR,DET,00-0037240,11.8,1,False,True,weekly_stats_name_position_team,,crosswalk_fields_disagree,Warning,crosswalk_fields_disagree
2024,12,SamuDe00,Deebo Samuel Sr.,WR,SF,00-0035719,3.1,1,False,True,weekly_stats_name_position_team,,crosswalk_fields_disagree,Warning,crosswalk_fields_disagree
2024,12,DoubRo00,Romeo Doubs,WR,NE,00-0037816,8.4,1,False,True,master_name_position,,crosswalk_fields_disagree,Warning,crosswalk_fields_disagree
2024,12,HarrMa05,Marvin Harrison Jr.,WR,ARI,00-0039849,7.7,1,False,True,weekly_stats_name_position_team,,crosswalk_fields_disagree,Warning,crosswalk_fields_disagree
2024,12,JohnQu01,Quentin Johnston,WR,LAC,00-0038544,0.0,1,False,True,weekly_stats_name_position_team,,crosswalk_fields_disagree,Warning,crosswalk_fields_disagree
2024,12,WatsCh00,Christian Watson,WR,GB,00-0038124,0.4,1,False,True,weekly_stats_name_position_team,,crosswalk_fields_disagree,Warning,crosswalk_fields_disagree
2024,12,AlleKe00,Keenan Allen,WR,IND,00-0030279,23.6,1,False,False,master_name_position,,crosswalk_fields_disagree,Info,crosswalk_fields_disagree
2024,12,BoutKa00,Kayshon Boutte,WR,HOU,00-0038608,1.6,1,False,False,master_name_position,,crosswalk_fields_disagree,Info,crosswalk_fields_disagree
2024,12,HenrHu00,Hunter Henry,TE,NE,00-0033090,9.4,1,False,True,weekly_stats_name_position_team,,crosswalk_fields_disagree,Warning,crosswalk_fields_disagree
2024,12,DougDe00,DeMario Douglas,WR,NE,00-0038621,11.3,1,False,True,weekly_stats_name_position_team,,crosswalk_fields_disagree,Warning,crosswalk_fields_disagree
2024,12,KrafTu00,Tucker Kraft,TE,GB,00-0038996,10.6,1,False,True,weekly_stats_name_position_team,,crosswalk_fields_disagree,Warning,crosswalk_fields_disagree
2024,12,VeleDe00,Devaughn Vele,WR,NO,00-0039424,14.0,1,False,False,master_name_position,,crosswalk_fields_disagree,Info,crosswalk_fields_disagree
2024,12,SandJa00,Ja'Tavion Sanders,TE,CAR,00-0039356,7.9,1,False,True,weekly_stats_name_position_team,,crosswalk_fields_disagree,Warning,crosswalk_fields_disagree
2024,12,SlayDa00,Darius Slayton,WR,NYG,00-0035535,0.0,1,False,False,weekly_stats_name_position_team,,crosswalk_fields_disagree,Info,crosswalk_fields_disagree
2024,12,McMiJa00,Jalen McMillan,WR,TB,00-0039855,2.1,1,False,False,weekly_stats_name_position_team,,crosswalk_fields_disagree,Info,crosswalk_fields_disagree
2024,12,LikeIs00,Isaiah Likely,TE,NYG,00-0037838,0.0,0,True,True,master_name_position,,no_actual_weekly_record;actual_score_created_from_missing_record,Warning,
2024,12,WortXa00,Xavier Worthy,WR,KC,00-0039894,9.1,1,False,False,weekly_stats_name_position_team,,crosswalk_fields_disagree,Info,crosswalk_fields_disagree
2024,12,PalmJo01,Joshua Palmer,WR,BUF,00-0036988,6.8,1,False,False,master_name_position,,master_name_conflict,Info,master_name_conflict
2024,12,MoorDa01,David Moore,WR,CAR,00-0033589,20.1,1,False,False,weekly_stats_name_position_team,,crosswalk_fields_disagree,Info,crosswalk_fields_disagree
2024,12,GrayNo00,Noah Gray,TE,KC,00-0036637,22.6,1,False,True,weekly_stats_name_position_team,,crosswalk_fields_disagree,Warning,crosswalk_fields_disagree
2024,12,FlouRy00,Ryan Flournoy,WR,DAL,00-0039410,0.0,0,True,False,weekly_roster_name_position_team,,no_actual_weekly_record;actual_score_created_from_missing_record,Info,
2024,12,EstiAu00,Audric EstimC),RB,NO,00-0039373,1.5,1,False,True,master_name_position,,crosswalk_fields_disagree,Warning,crosswalk_fields_disagree
2024,12,AlleDa01,Davis Allen,TE,LA,00-0039074,0.0,1,False,True,weekly_stats_name_position_team,,crosswalk_fields_disagree,Warning,crosswalk_fields_disagree
2024,12,OkonCh00,Chig Okonkwo,TE,WAS,00-0037809,14.0,1,False,True,master_name_position,,crosswalk_fields_disagree,Warning,crosswalk_fields_disagree
2024,12,McLaJa00,Jaleel McLaughlin,RB,CLE,00-0038794,4.4,1,False,True,master_name_position,,crosswalk_fields_disagree,Warning,crosswalk_fields_disagree
2024,12,GainKe00,Kenny Gainwell,RB,TB,00-0036919,8.2,1,False,True,master_name_position,,crosswalk_fields_disagree,Warning,crosswalk_fields_disagree
2024,12,HillJu01,Julian Hill,TE,NE,00-0038720,1.8,1,False,False,master_name_position,,crosswalk_fields_disagree,Info,crosswalk_fields_disagree
2024,12,WrigBr00,Brock Wright,TE,DET,00-0036754,4.4,1,False,False,weekly_stats_name_position_team,,crosswalk_fields_disagree,Info,crosswalk_fields_disagree
2024,12,DemeEm00,Emari Demercado,RB,DAL,00-0038705,1.4,1,False,True,master_name_position,,crosswalk_fields_disagree,Warning,crosswalk_fields_disagree
2024,12,KrulLu00,Lucas Krull,TE,DEN,00-0037539,0.0,0,True,False,weekly_roster_name_position_team,,no_actual_weekly_record;actual_score_created_from_missing_record,Info,
2024,12,AtweTu00,Tutu Atwell,WR,LA,00-0036849,6.0,1,False,False,weekly_stats_name_position_team,,crosswalk_fields_disagree,Info,crosswalk_fields_disagree
2024,12,TuckSe00,Sean Tucker,RB,TB,00-0038951,8.0,1,False,True,weekly_stats_name_position_team,,crosswalk_fields_disagree,Warning,crosswalk_fields_disagree
2024,12,JuszKy00,Kyle Juszczyk,RB,SF,00-0029892,0.0,0,True,False,weekly_roster_name_position_team,,no_actual_weekly_record;actual_score_created_from_missing_record,Info,gsis_id_not_in_master
2024,12,AlieMo00,Mo Alie-Cox,TE,IND,00-0033217,0.0,0,True,False,weekly_roster_name_position_team,,no_actual_weekly_record;actual_score_created_from_missing_record,Info,
2024,12,ParkCo00,Colby Parkinson,TE,LA,00-0036244,2.0,1,False,False,weekly_stats_name_position_team,,crosswalk_fields_disagree,Info,crosswalk_fields_disagree
2024,12,OgunDa00,Dare Ogunbowale,RB,LV,00-0033854,0.0,1,False,False,master_name_position,,crosswalk_fields_disagree,Info,crosswalk_fields_disagree
2024,12,SimsBe00,Ben Sims,TE,MIA,00-0038809,0.0,0,True,False,master_name_position,,no_actual_weekly_record;actual_score_created_from_missing_record,Info,
2024,12,DaviDe01,Derius Davis,WR,LAC,00-0038573,2.4,1,False,False,weekly_stats_name_position_team,,crosswalk_fields_disagree,Info,crosswalk_fields_disagree
2024,12,StroPi00,Pierre Strong Jr,RB,GB,00-0038098,0.0,0,True,False,master_name_position,,crosswalk_fields_disagree;no_actual_weekly_record;actual_score_created_from_missing_record,Info,crosswalk_fields_disagree
2024,12,MeltBo00,Bo Melton,WR,GB,00-0037091,0.5,1,False,False,weekly_stats_name_position_team,,crosswalk_fields_disagree,Info,crosswalk_fields_disagree
2024,12,OgleAn00,Drew Ogletree,TE,IND,00-0037292,0.0,1,False,False,pfr_crosswalk_verified,,master_name_conflict,Info,master_name_conflict
2024,12,PalmTr00,Trey Palmer,WR,NO,00-0039052,2.8,1,False,False,master_name_position,,crosswalk_fields_disagree,Info,crosswalk_fields_disagree
2024,12,VannNi00,Nick Vannett,TE,BAL,00-0032394,0.0,1,False,False,master_name_position,,crosswalk_fields_disagree;master_team_context_differs,Info,crosswalk_fields_disagree;master_team_context_differs
2024,12,DurhPa00,Payne Durham,TE,TB,00-0039050,3.6,1,False,False,weekly_stats_name_position_team,,crosswalk_fields_disagree,Info,crosswalk_fields_disagree
2024,12,HyatJa00,Jalin Hyatt,WR,NYG,00-0038938,0.0,0,True,False,weekly_roster_name_position_team,,no_actual_weekly_record;actual_score_created_from_missing_record,Info,
2024,12,MitcKe01,Keaton Mitchell,RB,LAC,00-0038454,0.0,0,True,False,master_name_position,,no_actual_weekly_record;actual_score_created_from_missing_record,Info,
2024,12,SermTr00,Trey Sermon,RB,ATL,00-0036984,0.0,0,True,False,master_name_position,,crosswalk_fields_disagree;no_actual_weekly_record;actual_score_created_from_missing_record,Info,crosswalk_fields_disagree
2024,12,LongHu00,Hunter Long,TE,ARI,00-0037004,0.0,0,True,False,master_name_position,,crosswalk_fields_disagree;no_actual_weekly_record;actual_score_created_from_missing_record,Info,crosswalk_fields_disagree
2024,12,SmarSt00,Stone Smartt,TE,NO,00-0037475,0.0,0,True,False,master_name_position,,crosswalk_fields_disagree;no_actual_weekly_record;actual_score_created_from_missing_record,Info,crosswalk_fields_disagree
2024,12,VakiSi99,Sione Vaki,RB,DET,00-0039364,0.0,0,True,False,weekly_roster_name_position_team,,no_actual_weekly_record;actual_score_created_from_missing_record,Info,
2024,12,BrowPh00,Pharaoh Brown,TE,IND,00-0033439,3.9,1,False,False,master_name_position,,crosswalk_fields_disagree,Info,crosswalk_fields_disagree
2024,12,ReynCr00,Craig Reynolds,RB,WAS,00-0035567,0.6,1,False,False,master_name_position,,crosswalk_fields_disagree,Info,crosswalk_fields_disagree
2024,12,HaskHa00,Hassan Haskins,RB,NE,00-0037617,0.3,1,False,False,master_name_position,,crosswalk_fields_disagree,Info,crosswalk_fields_disagree
2024,12,ManhCh00,Chris Manhertz,TE,NYG,00-0031484,0.0,0,True,False,weekly_roster_name_position_team,,no_actual_weekly_record;actual_score_created_from_missing_record,Info,
2024,12,ThraJa01,Jamari Thrash,WR,CLE,00-0039379,0.0,0,True,False,weekly_roster_name_position_team,,no_actual_weekly_record;actual_score_created_from_missing_record,Info,
2024,12,ShipWi00,Will Shipley,RB,PHI,00-0039746,0.0,0,True,False,weekly_roster_name_position_team,,no_actual_weekly_record;actual_score_created_from_missing_record,Info,
2024,12,BurtMi00,Michael Burton,RB,CLE,00-0031595,0.0,0,True,False,pfr_crosswalk_verified,,no_actual_weekly_record;actual_score_created_from_missing_record,Info,gsis_id_not_in_master
2024,12,OlivBr01,Bryce Oliver,WR,CLE,00-0039650,0.0,1,False,False,master_name_position,,crosswalk_fields_disagree;master_team_context_differs,Info,crosswalk_fields_disagree;master_team_context_differs
2024,12,ThomJe05,Je'Quan Thomas,WR,MIA,,,0,False,False,unmatched,,no_unique_gsis_id;no_actual_weekly_record;actual_score_created_from_missing_record,Info,
2024,12,RiveRo01,Ronnie Rivers,RB,LA,00-0037557,0.0,0,True,False,weekly_roster_name_position_team,,no_actual_weekly_record;actual_score_created_from_missing_record,Info,
2024,12,WhitCo01,Cody White,WR,LV,00-0035891,0.0,1,False,False,master_name_position,,crosswalk_fields_disagree,Info,crosswalk_fields_disagree
2024,12,ShorJu00,Justin Shorter,WR,LV,00-0038590,0.0,0,True,False,pfr_crosswalk_verified,,master_position_conflict;no_actual_weekly_record;actual_score_created_from_missing_record,Info,master_position_conflict
2024,12,QuitTe00,Teagan Quitoriano,TE,ARI,00-0037277,0.0,0,True,False,master_name_position,,no_actual_weekly_record;actual_score_created_from_missing_record,Info,
2024,12,HeywCo00,Connor Heyward,TE,LV,00-0037304,0.0,0,True,False,manual_override,Top-player gate override because the historical FBG row uses a stale LV team while the weekly roster identifies Connor Heyward as TE 00-0037304 for PIT,no_actual_weekly_record;actual_score_created_from_missing_record,Info,manual_override_applied;gsis_id_not_in_master
2024,12,DallDe00,DeeJay Dallas,RB,MIN,00-0036425,0.0,1,False,False,master_name_position,,crosswalk_fields_disagree;master_team_context_differs,Info,crosswalk_fields_disagree;master_team_context_differs
2024,12,KiefKo00,Ko Kieft,TE,TB,00-0037311,0.0,0,True,False,weekly_roster_name_position_team,,crosswalk_fields_disagree;no_actual_weekly_record;actual_score_created_from_missing_record,Info,crosswalk_fields_disagree
2024,12,ThomDe04,Deven Thompkins,WR,LV,00-0037487,4.3,1,False,False,master_name_position,,crosswalk_fields_disagree,Info,crosswalk_fields_disagree
2024,12,MuseNi00,Nick Muse,TE,ATL,00-0037317,0.0,0,True,False,master_name_position,,crosswalk_fields_disagree;no_actual_weekly_record;actual_score_created_from_missing_record,Info,crosswalk_fields_disagree
2024,12,TongJa00,Jake Tonges,TE,SF,00-0037112,0.0,0,True,False,weekly_roster_name_position_team,,no_actual_weekly_record;actual_score_created_from_missing_record,Info,
2024,12,FantPr00,Princeton Fant,TE,DAL,00-0038735,0.0,0,True,False,weekly_roster_name_position_team,,no_actual_weekly_record;actual_score_created_from_missing_record,Info,
2024,12,WalkDe01,Devontez Walker,WR,BAL,00-0039792,0.0,0,True,False,weekly_roster_name_position_team,,no_actual_weekly_record;actual_score_created_from_missing_record,Info,
2024,12,WillBr04,Brayden Willis,TE,SF,00-0038643,0.0,0,True,False,weekly_roster_name_position_team,,crosswalk_fields_disagree;no_actual_weekly_record;actual_score_created_from_missing_record,Info,crosswalk_fields_disagree
2024,12,WestJa00,Jack Westover,TE,WAS,00-0039305,0.0,0,True,False,master_name_position,,no_actual_weekly_record;actual_score_created_from_missing_record,Info,
2024,12,IngoAl00,Alec Ingold,RB,LAC,00-0035125,0.0,0,True,False,manual_override,Top-player gate override because the historical FBG row uses a stale LAC team while the weekly roster identifies Alec Ingold as RB 00-0035125 for MIA,no_actual_weekly_record;actual_score_created_from_missing_record,Info,manual_override_applied;gsis_id_not_in_master
2024,12,BeckAn00,Andrew Beck,RB,NYJ,00-0034959,0.0,0,True,False,manual_override,FBG position and team differ from the weekly roster record,no_actual_weekly_record;actual_score_created_from_missing_record,Info,manual_override_applied;gsis_id_not_in_master
2024,12,LloyMa00,MarShawn Lloyd,RB,GB,00-0039811,0.0,0,True,False,weekly_roster_name_position_team,,crosswalk_fields_disagree;no_actual_weekly_record;actual_score_created_from_missing_record,Info,crosswalk_fields_disagree
2024,12,FantNo00,Noah Fant,TE,NO,00-0035644,0.0,0,True,False,master_name_position,,crosswalk_fields_disagree;no_actual_weekly_record;actual_score_created_from_missing_record,Info,crosswalk_fields_disagree
2024,12,OsboKJ00,K.J. Osborn,WR,TEN,00-0036345,0.0,0,True,False,master_name_position,,no_actual_weekly_record;actual_score_created_from_missing_record,Info,
2024,13,MahoPa00,Patrick Mahomes II,QB,KC,00-0033873,16.64,1,False,True,weekly_stats_name_position_team,,crosswalk_fields_disagree,Warning,crosswalk_fields_disagree
2024,13,AlleJo01,Josh Allen,QB,BUF,00-0034857,28.42,1,False,True,weekly_stats_name_position_team,,crosswalk_fields_disagree,Warning,crosswalk_fields_disagree
2024,13,MayeDr00,Drake Maye,QB,NE,00-0039851,19.42,1,False,True,weekly_stats_name_position_team,,crosswalk_fields_disagree,Warning,crosswalk_fields_disagree
2024,13,RushCo00,Cooper Rush,QB,ATL,00-0033662,11.8,1,False,True,master_name_position,,crosswalk_fields_disagree,Warning,crosswalk_fields_disagree
2024,13,MayfBa00,Baker Mayfield,QB,TB,00-0034855,10.2,1,False,True,weekly_stats_name_position_team,,crosswalk_fields_disagree,Warning,crosswalk_fields_disagree
2024,13,FielJu00,Justin Fields,QB,KC,00-0036945,0.7,1,False,False,master_name_position,,crosswalk_fields_disagree,Info,crosswalk_fields_disagree
2024,13,McLaJa00,Jaleel McLaughlin,RB,CLE,00-0038794,9.4,1,False,False,master_name_position,,crosswalk_fields_disagree,Info,crosswalk_fields_disagree
2024,13,VeleDe00,Devaughn Vele,WR,NO,00-0039424,2.6,1,False,False,master_name_position,,crosswalk_fields_disagree,Info,crosswalk_fields_disagree
2024,13,StroPi00,Pierre Strong Jr,RB,GB,00-0038098,0.0,1,False,False,master_name_position,,crosswalk_fields_disagree,Info,crosswalk_fields_disagree
2024,13,BurtMi00,Michael Burton,RB,CLE,00-0031595,0.0,0,True,False,pfr_crosswalk_verified,,no_actual_weekly_record;actual_score_created_from_missing_record,Info,gsis_id_not_in_master
2024,13,HumpLi00,Lil'Jordan Humphrey,WR,DEN,00-0035406,0.0,0,True,False,weekly_roster_name_position_team,,no_actual_weekly_record;actual_score_created_from_missing_record,Info,
2024,13,EstiAu00,Audric EstimC),RB,NO,00-0039373,1.2,1,False,False,master_name_position,,crosswalk_fields_disagree,Info,crosswalk_fields_disagree
2024,13,HollMa00,Mack Hollins,WR,NE,00-0033555,7.7,1,False,False,master_name_position,,crosswalk_fields_disagree,Info,crosswalk_fields_disagree
2024,13,McCaCh00,Christian McCaffrey,RB,SF,00-0033280,8.7,1,False,True,weekly_stats_name_position_team,,crosswalk_fields_disagree,Warning,crosswalk_fields_disagree
2024,13,GillRe00,Reggie Gilliam,RB,NE,00-0036187,0.0,1,False,False,master_name_position,,crosswalk_fields_disagree,Info,crosswalk_fields_disagree
2024,13,JohnTy00,Ty Johnson,RB,BUF,00-0035537,4.7,1,False,False,weekly_stats_name_position_team,,crosswalk_fields_disagree,Info,crosswalk_fields_disagree
2024,13,SaubEr00,Eric Saubert,TE,SEA,00-0033576,0.0,0,True,False,master_name_position,,no_actual_weekly_record;actual_score_created_from_missing_record,Info,
2024,13,WillBr04,Brayden Willis,TE,SF,00-0038643,0.0,0,True,False,weekly_roster_name_position_team,,crosswalk_fields_disagree;no_actual_weekly_record;actual_score_created_from_missing_record,Info,crosswalk_fields_disagree
2024,13,TongJa00,Jake Tonges,TE,SF,00-0037112,0.0,0,True,False,weekly_roster_name_position_team,,no_actual_weekly_record;actual_score_created_from_missing_record,Info,
2024,13,SamuDe00,Deebo Samuel Sr.,WR,SF,00-0035719,6.0,1,False,True,weekly_stats_name_position_team,,crosswalk_fields_disagree,Warning,crosswalk_fields_disagree
2024,13,JuszKy00,Kyle Juszczyk,RB,SF,00-0029892,0.0,0,True,False,weekly_roster_name_position_team,,no_actual_weekly_record;actual_score_created_from_missing_record,Info,gsis_id_not_in_master
2024,13,GainKe00,Kenny Gainwell,RB,TB,00-0036919,0.0,1,False,False,master_name_position,,crosswalk_fields_disagree,Info,crosswalk_fields_disagree
2024,13,CalcGr00,Grant Calcaterra,TE,PHI,00-0037086,0.0,0,True,False,weekly_roster_name_position_team,,no_actual_weekly_record;actual_score_created_from_missing_record,Info,
2024,13,BrowAJ00,A.J. Brown,WR,NE,00-0035676,11.6,1,False,True,master_name_position,,crosswalk_fields_disagree,Warning,crosswalk_fields_disagree
2024,13,BateRa00,Rashod Bateman,WR,BAL,00-0036550,0.0,0,True,False,weekly_roster_name_position_team,,no_actual_weekly_record;actual_score_created_from_missing_record,Info,
2024,13,RicaPa00,Patrick Ricard,RB,NYG,00-0033376,0.0,0,True,False,master_name_position,,no_actual_weekly_record;actual_score_created_from_missing_record,Info,
2024,13,WalkKe01,Ken Walker III,RB,KC,00-0038134,6.6,1,False,True,manual_override,FBG uses Ken Walker and a stale KC team in the historical export,master_name_conflict,Warning,manual_override_applied;master_name_conflict
2024,13,PalmJo01,Joshua Palmer,WR,BUF,00-0036988,4.1,1,False,False,master_name_position,,master_name_conflict,Info,master_name_conflict
2024,13,HarrMa05,Marvin Harrison Jr.,WR,ARI,00-0039849,17.0,1,False,True,weekly_stats_name_position_team,,crosswalk_fields_disagree,Warning,crosswalk_fields_disagree
2024,13,OkonCh00,Chig Okonkwo,TE,WAS,00-0037809,5.7,1,False,True,master_name_position,,crosswalk_fields_disagree,Warning,crosswalk_fields_disagree
2024,13,HenrHu00,Hunter Henry,TE,NE,00-0033090,14.5,1,False,True,weekly_stats_name_position_team,,crosswalk_fields_disagree,Warning,crosswalk_fields_disagree
2024,13,MillRy00,Ryan Miller,WR,MIA,00-0038824,0.0,0,True,False,master_name_position,,no_actual_weekly_record;actual_score_created_from_missing_record,Info,
2024,13,FantNo00,Noah Fant,TE,NO,00-0035644,5.6,1,False,True,master_name_position,,crosswalk_fields_disagree,Warning,crosswalk_fields_disagree
2024,13,OttoCa00,Cade Otton,TE,TB,00-0038129,6.0,1,False,True,weekly_stats_name_position_team,,crosswalk_fields_disagree,Warning,crosswalk_fields_disagree
2024,13,WillJa09,Jameson Williams,WR,DET,00-0037240,9.6,1,False,True,weekly_stats_name_position_team,,crosswalk_fields_disagree,Warning,crosswalk_fields_disagree
2024,13,ThomBr01,Brian Thomas Jr.,WR,JAX,00-0039893,18.7,1,False,True,weekly_stats_name_position_team,,crosswalk_fields_disagree,Warning,crosswalk_fields_disagree
2024,13,WatsCh00,Christian Watson,WR,GB,00-0038124,8.7,1,False,False,weekly_stats_name_position_team,,crosswalk_fields_disagree,Info,crosswalk_fields_disagree
2024,13,KrafTu00,Tucker Kraft,TE,GB,00-0038996,13.8,1,False,True,weekly_stats_name_position_team,,crosswalk_fields_disagree,Warning,crosswalk_fields_disagree
2024,13,MuseNi00,Nick Muse,TE,ATL,00-0037317,0.0,0,True,False,master_name_position,,crosswalk_fields_disagree;no_actual_weekly_record;actual_score_created_from_missing_record,Info,crosswalk_fields_disagree
2024,13,BateJo00,John Bates,TE,WAS,00-0036628,0.0,0,True,False,weekly_roster_name_position_team,,no_actual_weekly_record;actual_score_created_from_missing_record,Info,
2024,13,WashCa01,Casey Washington,WR,CAR,00-0039394,0.0,0,True,False,master_name_position,,crosswalk_fields_disagree;no_actual_weekly_record;actual_score_created_from_missing_record,Info,crosswalk_fields_disagree
2024,13,ParkCo00,Colby Parkinson,TE,LA,00-0036244,2.3,1,False,False,weekly_stats_name_position_team,,crosswalk_fields_disagree,Info,crosswalk_fields_disagree
2024,13,KelcTr00,Travis Kelce,TE,KC,00-0030506,13.8,1,False,True,weekly_stats_name_position_team,,crosswalk_fields_disagree,Warning,crosswalk_fields_disagree
2024,13,GibbJa00,Jahmyr Gibbs,RB,DET,00-0039139,10.4,1,False,True,weekly_stats_name_position_team,,crosswalk_fields_disagree,Warning,crosswalk_fields_disagree
2024,13,StevRh00,Rhamondre Stevenson,RB,NE,00-0036875,12.4,1,False,True,weekly_stats_name_position_team,,crosswalk_fields_disagree,Warning,crosswalk_fields_disagree
2024,13,DaviDe01,Derius Davis,WR,LAC,00-0038573,1.6,1,False,False,weekly_stats_name_position_team,,crosswalk_fields_disagree,Info,crosswalk_fields_disagree
2024,13,SmitJa02,Jaxon Smith-Njigba,WR,SEA,00-0038543,11.9,1,False,True,weekly_stats_name_position_team,,crosswalk_fields_disagree,Warning,crosswalk_fields_disagree
2024,13,KamaAl00,Alvin Kamara,RB,NO,00-0033906,15.9,1,False,True,weekly_stats_name_position_team,,crosswalk_fields_disagree,Warning,crosswalk_fields_disagree
2024,13,AlleKe00,Keenan Allen,WR,IND,00-0030279,24.3,1,False,True,master_name_position,,crosswalk_fields_disagree,Warning,crosswalk_fields_disagree
2024,13,EtieTr00,Travis Etienne Jr.,RB,NO,00-0036973,8.8,1,False,True,master_name_position,,crosswalk_fields_disagree,Warning,crosswalk_fields_disagree
2024,13,SermTr00,Trey Sermon,RB,ATL,00-0036984,0.0,1,False,False,master_name_position,,crosswalk_fields_disagree,Info,crosswalk_fields_disagree
2024,13,AlleBr01,Braelon Allen,RB,NYJ,00-0039794,4.7,1,False,True,weekly_stats_name_position_team,,crosswalk_fields_disagree,Warning,crosswalk_fields_disagree
2024,13,SherTr00,Trent Sherfield,WR,BUF,00-0034487,0.0,0,True,False,master_name_position,,no_actual_weekly_record;actual_score_created_from_missing_record,Info,
2024,13,IrviBu00,Bucky Irving,RB,TB,00-0039361,27.5,1,False,True,weekly_stats_name_position_team,,crosswalk_fields_disagree,Warning,crosswalk_fields_disagree
2024,13,SlayDa00,Darius Slayton,WR,NYG,00-0035535,2.8,1,False,False,weekly_stats_name_position_team,,crosswalk_fields_disagree,Info,crosswalk_fields_disagree
2024,13,HarrNa00,Najee Harris,RB,NYG,00-0036893,24.9,1,False,True,master_name_position,,crosswalk_fields_disagree,Warning,crosswalk_fields_disagree
2024,13,McClRa00,Ray-Ray McCloud III,WR,CHI,00-0034407,13.3,1,False,False,master_name_position,,crosswalk_fields_disagree,Info,crosswalk_fields_disagree
2024,13,McMiJa00,Jalen McMillan,WR,TB,00-0039855,4.5,1,False,False,weekly_stats_name_position_team,,crosswalk_fields_disagree,Info,crosswalk_fields_disagree
2024,13,WrigBr00,Brock Wright,TE,DET,00-0036754,2.3,1,False,False,weekly_stats_name_position_team,,crosswalk_fields_disagree,Info,crosswalk_fields_disagree
2024,13,OgleAn00,Drew Ogletree,TE,IND,00-0037292,3.2,1,False,False,pfr_crosswalk_verified,,master_name_conflict,Info,master_name_conflict
2024,13,OlivBr01,Bryce Oliver,WR,CLE,00-0039650,0.0,1,False,False,master_name_position,,crosswalk_fields_disagree;master_team_context_differs,Info,crosswalk_fields_disagree;master_team_context_differs
2024,13,DurhPa00,Payne Durham,TE,TB,00-0039050,0.0,0,True,False,weekly_roster_name_position_team,,crosswalk_fields_disagree;no_actual_weekly_record;actual_score_created_from_missing_record,Info,crosswalk_fields_disagree
2024,13,WaynJa00,Jared Wayne,WR,HOU,00-0038728,0.0,0,True,False,weekly_roster_name_position_team,,no_actual_weekly_record;actual_score_created_from_missing_record,Info,
2024,13,DemeEm00,Emari Demercado,RB,DAL,00-0038705,2.5,1,False,False,master_name_position,,crosswalk_fields_disagree,Info,crosswalk_fields_disagree
2024,13,AustKe00,Kevin Austin Jr,WR,NO,00-0037231,7.0,1,False,False,weekly_stats_name_position_team,,crosswalk_fields_disagree,Info,crosswalk_fields_disagree
2024,13,ReynCr00,Craig Reynolds,RB,WAS,00-0035567,0.0,0,True,False,master_name_position,,crosswalk_fields_disagree;no_actual_weekly_record;actual_score_created_from_missing_record,Info,crosswalk_fields_disagree
2024,13,HodgKh00,KhaDarel Hodge,WR,SF,00-0034854,0.0,0,True,False,master_name_position,,crosswalk_fields_disagree;no_actual_weekly_record;actual_score_created_from_missing_record,Info,crosswalk_fields_disagree
2024,13,MoorDa01,David Moore,WR,CAR,00-0033589,9.0,1,False,False,weekly_stats_name_position_team,,crosswalk_fields_disagree,Info,crosswalk_fields_disagree
2024,13,AlleDa01,Davis Allen,TE,LA,00-0039074,0.0,0,True,False,weekly_roster_name_position_team,,crosswalk_fields_disagree;no_actual_weekly_record;actual_score_created_from_missing_record,Info,crosswalk_fields_disagree
2024,13,RiveRo01,Ronnie Rivers,RB,LA,00-0037557,0.0,0,True,False,weekly_roster_name_position_team,,no_actual_weekly_record;actual_score_created_from_missing_record,Info,
2024,13,PalmTr00,Trey Palmer,WR,NO,00-0039052,0.0,1,False,False,master_name_position,,crosswalk_fields_disagree,Info,crosswalk_fields_disagree
2024,13,CracRi00,River Cracraft,WR,WAS,00-0034054,0.0,0,True,False,master_name_position,,no_actual_weekly_record;actual_score_created_from_missing_record,Info,
2024,13,ShorJu00,Justin Shorter,WR,LV,00-0038590,0.0,1,False,False,pfr_crosswalk_verified,,master_position_conflict,Info,master_position_conflict
2024,13,HaskHa00,Hassan Haskins,RB,NE,00-0037617,-2.0,1,False,False,master_name_position,,crosswalk_fields_disagree,Info,crosswalk_fields_disagree
2024,13,WrigJa04,Jaylen Wright,RB,MIA,00-0039874,0.0,0,True,False,weekly_roster_name_position_team,,no_actual_weekly_record;actual_score_created_from_missing_record,Info,
2024,13,PrenAd00,Adam Prentice,RB,DEN,00-0036727,0.0,0,True,False,pfr_crosswalk_verified,,no_actual_weekly_record;actual_score_created_from_missing_record,Info,gsis_id_not_in_master
2024,13,HillJu01,Julian Hill,TE,NE,00-0038720,1.5,1,False,False,master_name_position,,crosswalk_fields_disagree,Info,crosswalk_fields_disagree
2024,13,BrowPh00,Pharaoh Brown,TE,IND,00-0033439,0.0,1,False,False,master_name_position,,crosswalk_fields_disagree,Info,crosswalk_fields_disagree
2024,13,ThomDe04,Deven Thompkins,WR,LV,00-0037487,0.0,0,True,False,master_name_position,,crosswalk_fields_disagree;no_actual_weekly_record;actual_score_created_from_missing_record,Info,crosswalk_fields_disagree
2024,13,CharIr00,Irv Charles,WR,SEA,,,0,False,False,unmatched,,no_unique_gsis_id;crosswalk_fields_disagree;no_actual_weekly_record;actual_score_created_from_missing_record,Info,crosswalk_fields_disagree
2024,13,TuckSe00,Sean Tucker,RB,TB,00-0038951,0.0,1,False,False,weekly_stats_name_position_team,,crosswalk_fields_disagree,Info,crosswalk_fields_disagree
2024,13,HeywCo00,Connor Heyward,TE,LV,00-0037304,0.0,0,True,False,manual_override,Top-player gate override because the historical FBG row uses a stale LV team while the weekly roster identifies Connor Heyward as TE 00-0037304 for PIT,no_actual_weekly_record;actual_score_created_from_missing_record,Info,manual_override_applied;gsis_id_not_in_master
2024,13,WhitCo01,Cody White,WR,LV,00-0035891,0.0,0,True,False,master_name_position,,crosswalk_fields_disagree;no_actual_weekly_record;actual_score_created_from_missing_record,Info,crosswalk_fields_disagree
2024,13,SimsBe00,Ben Sims,TE,MIA,00-0038809,0.0,0,True,False,master_name_position,,no_actual_weekly_record;actual_score_created_from_missing_record,Info,
2024,13,MeltBo00,Bo Melton,WR,GB,00-0037091,0.0,0,True,False,weekly_roster_name_position_team,,crosswalk_fields_disagree;no_actual_weekly_record;actual_score_created_from_missing_record,Info,crosswalk_fields_disagree
2024,13,GrayNo00,Noah Gray,TE,KC,00-0036637,9.8,1,False,True,weekly_stats_name_position_team,,crosswalk_fields_disagree,Warning,crosswalk_fields_disagree
2024,13,FantPr00,Princeton Fant,TE,DAL,00-0038735,0.0,0,True,False,weekly_roster_name_position_team,,no_actual_weekly_record;actual_score_created_from_missing_record,Info,
2024,13,SmarSt00,Stone Smartt,TE,NO,00-0037475,1.3,1,False,False,master_name_position,,crosswalk_fields_disagree,Info,crosswalk_fields_disagree
2024,13,DallDe00,DeeJay Dallas,RB,MIN,00-0036425,0.0,0,True,False,master_name_position,,crosswalk_fields_disagree;master_team_context_differs;no_actual_weekly_record;actual_score_created_from_missing_record,Info,crosswalk_fields_disagree;master_team_context_differs
2024,13,JohnQu01,Quentin Johnston,WR,LAC,00-0038544,3.2,1,False,False,weekly_stats_name_position_team,,crosswalk_fields_disagree,Info,crosswalk_fields_disagree
2024,13,WortXa00,Xavier Worthy,WR,KC,00-0039894,10.4,1,False,False,weekly_stats_name_position_team,,crosswalk_fields_disagree,Info,crosswalk_fields_disagree
2024,13,DougDe00,DeMario Douglas,WR,NE,00-0038621,6.0,1,False,False,weekly_stats_name_position_team,,crosswalk_fields_disagree,Info,crosswalk_fields_disagree
2024,13,AtweTu00,Tutu Atwell,WR,LA,00-0036849,5.9,1,False,False,weekly_stats_name_position_team,,crosswalk_fields_disagree,Info,crosswalk_fields_disagree
2024,13,HomeTr00,Travis Homer,RB,PIT,00-0035594,0.0,0,True,False,master_name_position,,no_actual_weekly_record;actual_score_created_from_missing_record,Info,
2024,13,KiefKo00,Ko Kieft,TE,TB,00-0037311,0.0,0,True,False,weekly_roster_name_position_team,,crosswalk_fields_disagree;no_actual_weekly_record;actual_score_created_from_missing_record,Info,crosswalk_fields_disagree
2024,13,LongHu00,Hunter Long,TE,ARI,00-0037004,0.0,1,False,False,master_name_position,,crosswalk_fields_disagree,Info,crosswalk_fields_disagree
2024,13,ReagJa00,Jalen Reagor,WR,MIA,00-0036387,0.0,0,True,False,master_name_position,,no_actual_weekly_record;actual_score_created_from_missing_record,Info,
2024,13,BoutKa00,Kayshon Boutte,WR,HOU,00-0038608,9.1,1,False,False,master_name_position,,crosswalk_fields_disagree,Info,crosswalk_fields_disagree
2024,13,OgunDa00,Dare Ogunbowale,RB,LV,00-0033854,0.0,0,True,False,master_name_position,,crosswalk_fields_disagree;no_actual_weekly_record;actual_score_created_from_missing_record,Info,crosswalk_fields_disagree
2024,13,TreaLa00,Laquon Treadwell,WR,IND,00-0032951,0.0,0,True,False,weekly_roster_name_position_team,,no_actual_weekly_record;actual_score_created_from_missing_record,Info,
2024,13,IngoAl00,Alec Ingold,RB,LAC,00-0035125,0.0,0,True,False,manual_override,Top-player gate override because the historical FBG row uses a stale LAC team while the weekly roster identifies Alec Ingold as RB 00-0035125 for MIA,no_actual_weekly_record;actual_score_created_from_missing_record,Info,manual_override_applied;gsis_id_not_in_master
2024,13,VakiSi99,Sione Vaki,RB,DET,00-0039364,0.0,0,True,False,weekly_roster_name_position_team,,no_actual_weekly_record;actual_score_created_from_missing_record,Info,
2024,13,VannNi00,Nick Vannett,TE,BAL,00-0032394,1.6,1,False,False,master_name_position,,crosswalk_fields_disagree;master_team_context_differs,Info,crosswalk_fields_disagree;master_team_context_differs
2024,13,WiliIs00,Isaiah Williams,WR,NYJ,,,0,False,False,unmatched,,no_unique_gsis_id;no_actual_weekly_record;actual_score_created_from_missing_record,Info,
2024,13,GranCa00,Cam Grandy,TE,MIN,00-0039631,0.0,0,True,False,master_name_position,,crosswalk_fields_disagree;no_actual_weekly_record;actual_score_created_from_missing_record,Info,crosswalk_fields_disagree
2024,13,LancTr00,Trey Lance,QB,LAC,00-0037012,0.0,0,True,True,master_name_position,,no_actual_weekly_record;actual_score_created_from_missing_record,Warning,
2024,13,ColeKe01,Keon Coleman,WR,BUF,00-0039901,0.0,0,True,False,weekly_roster_name_position_team,,no_actual_weekly_record;actual_score_created_from_missing_record,Info,
2024,13,HutcXa00,Xavier Hutchinson,WR,HOU,00-0038618,0.0,0,True,False,weekly_roster_name_position_team,,no_actual_weekly_record;actual_score_created_from_missing_record,Info,
2024,13,TramAu00,Austin Trammell,WR,JAX,00-0036841,0.0,0,True,False,weekly_roster_name_position_team,,no_actual_weekly_record;actual_score_created_from_missing_record,Info,
2024,13,OlivJo00,Josh Oliver,TE,MIN,00-0035249,0.0,0,True,False,weekly_roster_name_position_team,,no_actual_weekly_record;actual_score_created_from_missing_record,Info,
2024,13,TiptMa00,Mason Tipton,WR,NO,00-0039623,0.0,0,True,False,weekly_roster_name_position_team,,crosswalk_fields_disagree;no_actual_weekly_record;actual_score_created_from_missing_record,Info,crosswalk_fields_disagree
2024,13,WilsJo02,Johnny Wilson,WR,PHI,00-0039236,0.0,0,True,False,weekly_roster_name_position_team,,no_actual_weekly_record;actual_score_created_from_missing_record,Info,
2024,14,MahoPa00,Patrick Mahomes II,QB,KC,00-0033873,14.1,1,False,True,weekly_stats_name_position_team,,crosswalk_fields_disagree,Warning,crosswalk_fields_disagree
2024,14,MayfBa00,Baker Mayfield,QB,TB,00-0034855,19.0,1,False,True,weekly_stats_name_position_team,,crosswalk_fields_disagree,Warning,crosswalk_fields_disagree
2024,14,AlleJo01,Josh Allen,QB,BUF,00-0034857,51.88,1,False,True,weekly_stats_name_position_team,,crosswalk_fields_disagree,Warning,crosswalk_fields_disagree
2024,14,RushCo00,Cooper Rush,QB,ATL,00-0033662,13.82,1,False,True,master_name_position,,crosswalk_fields_disagree,Warning,crosswalk_fields_disagree
2024,14,JoneMa04,Mac Jones,QB,SF,00-0036972,5.1,1,False,True,master_name_position,,crosswalk_fields_disagree,Warning,crosswalk_fields_disagree
2024,14,FielJu00,Justin Fields,QB,KC,00-0036945,0.0,0,True,True,master_name_position,,crosswalk_fields_disagree;no_actual_weekly_record;actual_score_created_from_missing_record,Warning,crosswalk_fields_disagree
2024,14,KamaAl00,Alvin Kamara,RB,NO,00-0033906,12.9,1,False,True,weekly_stats_name_position_team,,crosswalk_fields_disagree,Warning,crosswalk_fields_disagree
2024,14,GibbJa00,Jahmyr Gibbs,RB,DET,00-0039139,19.3,1,False,True,weekly_stats_name_position_team,,crosswalk_fields_disagree,Warning,crosswalk_fields_disagree
2024,14,IrviBu00,Bucky Irving,RB,TB,00-0039361,2.8,1,False,True,weekly_stats_name_position_team,,crosswalk_fields_disagree,Warning,crosswalk_fields_disagree
2024,14,HarrNa00,Najee Harris,RB,NYG,00-0036893,11.3,1,False,True,master_name_position,,crosswalk_fields_disagree,Warning,crosswalk_fields_disagree
2024,14,EtieTr00,Travis Etienne Jr.,RB,NO,00-0036973,11.0,1,False,True,master_name_position,,crosswalk_fields_disagree,Warning,crosswalk_fields_disagree
2024,14,GainKe00,Kenny Gainwell,RB,TB,00-0036919,5.3,1,False,True,master_name_position,,crosswalk_fields_disagree,Warning,crosswalk_fields_disagree
2024,14,AlleBr01,Braelon Allen,RB,NYJ,00-0039794,12.1,1,False,True,weekly_stats_name_position_team,,crosswalk_fields_disagree,Warning,crosswalk_fields_disagree
2024,14,SamuDe00,Deebo Samuel Sr.,WR,SF,00-0035719,5.5,1,False,True,weekly_stats_name_position_team,,crosswalk_fields_disagree,Warning,crosswalk_fields_disagree
2024,14,DemeEm00,Emari Demercado,RB,DAL,00-0038705,5.5,1,False,False,master_name_position,,crosswalk_fields_disagree,Info,crosswalk_fields_disagree
2024,14,JohnTy00,Ty Johnson,RB,BUF,00-0035537,13.5,1,False,True,weekly_stats_name_position_team,,crosswalk_fields_disagree,Warning,crosswalk_fields_disagree
2024,14,TuckSe00,Sean Tucker,RB,TB,00-0038951,4.7,1,False,False,weekly_stats_name_position_team,,crosswalk_fields_disagree,Info,crosswalk_fields_disagree
2024,14,WillJa09,Jameson Williams,WR,DET,00-0037240,13.0,1,False,True,weekly_stats_name_position_team,,crosswalk_fields_disagree,Warning,crosswalk_fields_disagree
2024,14,HaskHa00,Hassan Haskins,RB,NE,00-0037617,0.0,0,True,False,master_name_position,,crosswalk_fields_disagree;no_actual_weekly_record;actual_score_created_from_missing_record,Info,crosswalk_fields_disagree
2024,14,DaviDe01,Derius Davis,WR,LAC,00-0038573,2.1,1,False,False,weekly_stats_name_position_team,,crosswalk_fields_disagree,Info,crosswalk_fields_disagree
2024,14,NailJa00,Jalen Nailor,WR,LV,00-0037291,0.0,0,True,False,master_name_position,,no_actual_weekly_record;actual_score_created_from_missing_record,Info,
2024,14,StroPi00,Pierre Strong Jr,RB,GB,00-0038098,2.9,1,False,False,master_name_position,,crosswalk_fields_disagree,Info,crosswalk_fields_disagree
2024,14,ThomBr01,Brian Thomas Jr.,WR,JAX,00-0039893,16.6,1,False,True,weekly_stats_name_position_team,,crosswalk_fields_disagree,Warning,crosswalk_fields_disagree
2024,14,ReynCr00,Craig Reynolds,RB,WAS,00-0035567,0.0,0,True,False,master_name_position,,crosswalk_fields_disagree;no_actual_weekly_record;actual_score_created_from_missing_record,Info,crosswalk_fields_disagree
2024,14,McClRa00,Ray-Ray McCloud III,WR,CHI,00-0034407,18.1,1,False,False,master_name_position,,crosswalk_fields_disagree,Info,crosswalk_fields_disagree
2024,14,WortXa00,Xavier Worthy,WR,KC,00-0039894,9.6,1,False,False,weekly_stats_name_position_team,,crosswalk_fields_disagree,Info,crosswalk_fields_disagree
2024,14,VakiSi99,Sione Vaki,RB,DET,00-0039364,0.0,0,True,False,weekly_roster_name_position_team,,no_actual_weekly_record;actual_score_created_from_missing_record,Info,
2024,14,JohnQu01,Quentin Johnston,WR,LAC,00-0038544,15.8,1,False,True,weekly_stats_name_position_team,,crosswalk_fields_disagree,Warning,crosswalk_fields_disagree
2024,14,MeltBo00,Bo Melton,WR,GB,00-0037091,0.0,0,True,False,weekly_roster_name_position_team,,crosswalk_fields_disagree;no_actual_weekly_record;actual_score_created_from_missing_record,Info,crosswalk_fields_disagree
2024,14,AustKe00,Kevin Austin Jr,WR,NO,00-0037231,1.5,1,False,False,weekly_stats_name_position_team,,crosswalk_fields_disagree,Info,crosswalk_fields_disagree
2024,14,ChesJu00,Julius Chestnut,RB,TEN,00-0037594,0.0,0,True,False,weekly_roster_name_position_team,,no_actual_weekly_record;actual_score_created_from_missing_record,Info,
2024,14,SteeCa00,Carson Steele,RB,PHI,00-0039325,0.0,0,True,False,master_name_position,,no_actual_weekly_record;actual_score_created_from_missing_record,Info,
2024,14,WatsCh00,Christian Watson,WR,GB,00-0038124,13.4,1,False,True,weekly_stats_name_position_team,,crosswalk_fields_disagree,Warning,crosswalk_fields_disagree
2024,14,RiveRo01,Ronnie Rivers,RB,LA,00-0037557,0.0,0,True,False,weekly_roster_name_position_team,,no_actual_weekly_record;actual_score_created_from_missing_record,Info,
2024,14,JuszKy00,Kyle Juszczyk,RB,SF,00-0029892,0.0,0,True,False,weekly_roster_name_position_team,,no_actual_weekly_record;actual_score_created_from_missing_record,Info,gsis_id_not_in_master
2024,14,KrafTu00,Tucker Kraft,TE,GB,00-0038996,13.1,1,False,True,weekly_stats_name_position_team,,crosswalk_fields_disagree,Warning,crosswalk_fields_disagree
2024,14,PrenAd00,Adam Prentice,RB,DEN,00-0036727,0.0,0,True,False,pfr_crosswalk_verified,,no_actual_weekly_record;actual_score_created_from_missing_record,Info,gsis_id_not_in_master
2024,14,LaubDy00,Dylan Laube,RB,LV,00-0039407,0.0,0,True,False,weekly_roster_name_position_team,,no_actual_weekly_record;actual_score_created_from_missing_record,Info,
2024,14,KelcTr00,Travis Kelce,TE,KC,00-0030506,9.5,1,False,True,weekly_stats_name_position_team,,crosswalk_fields_disagree,Warning,crosswalk_fields_disagree
2024,14,DallDe00,DeeJay Dallas,RB,MIN,00-0036425,0.0,1,False,False,master_name_position,,crosswalk_fields_disagree;master_team_context_differs,Info,crosswalk_fields_disagree;master_team_context_differs
2024,14,GillRe00,Reggie Gilliam,RB,NE,00-0036187,0.0,0,True,False,master_name_position,,crosswalk_fields_disagree;no_actual_weekly_record;actual_score_created_from_missing_record,Info,crosswalk_fields_disagree
2024,14,IngoAl00,Alec Ingold,RB,LAC,00-0035125,0.0,0,True,False,manual_override,Top-player gate override because the historical FBG row uses a stale LAC team while the weekly roster identifies Alec Ingold as RB 00-0035125 for MIA,no_actual_weekly_record;actual_score_created_from_missing_record,Info,manual_override_applied;gsis_id_not_in_master
2024,14,ThomDe04,Deven Thompkins,WR,LV,00-0037487,1.7,1,False,False,master_name_position,,crosswalk_fields_disagree,Info,crosswalk_fields_disagree
2024,14,PalmJo01,Joshua Palmer,WR,BUF,00-0036988,13.8,1,False,False,master_name_position,,master_name_conflict,Info,master_name_conflict
2024,14,SmitDe04,DeVonta Smith,WR,PHI,00-0036912,13.7,1,False,True,weekly_stats_name_position_team,,crosswalk_fields_disagree,Warning,crosswalk_fields_disagree
2024,14,HollMa00,Mack Hollins,WR,NE,00-0033555,15.7,1,False,False,master_name_position,,crosswalk_fields_disagree,Info,crosswalk_fields_disagree
2024,14,BrowAJ00,A.J. Brown,WR,NE,00-0035676,8.3,1,False,True,master_name_position,,crosswalk_fields_disagree,Warning,crosswalk_fields_disagree
2024,14,SandJa00,Ja'Tavion Sanders,TE,CAR,00-0039356,0.0,1,False,True,weekly_stats_name_position_team,,crosswalk_fields_disagree,Warning,crosswalk_fields_disagree
2024,14,OkonCh00,Chig Okonkwo,TE,WAS,00-0037809,3.8,1,False,True,master_name_position,,crosswalk_fields_disagree,Warning,crosswalk_fields_disagree
2024,14,PalmTr00,Trey Palmer,WR,NO,00-0039052,0.0,1,False,False,master_name_position,,crosswalk_fields_disagree,Info,crosswalk_fields_disagree
2024,14,TongJa00,Jake Tonges,TE,SF,00-0037112,0.0,0,True,False,weekly_roster_name_position_team,,no_actual_weekly_record;actual_score_created_from_missing_record,Info,
2024,14,AlleKe00,Keenan Allen,WR,IND,00-0030279,6.0,1,False,True,master_name_position,,crosswalk_fields_disagree,Warning,crosswalk_fields_disagree
2024,14,FarrLu00,Luke Farrell,TE,SF,00-0036887,0.0,0,True,False,master_name_position,,no_actual_weekly_record;actual_score_created_from_missing_record,Info,
2024,14,SlayDa00,Darius Slayton,WR,NYG,00-0035535,4.7,1,False,True,weekly_stats_name_position_team,,crosswalk_fields_disagree,Warning,crosswalk_fields_disagree
2024,14,JoneTi00,Tim Jones,WR,JAX,00-0036497,0.0,0,True,False,weekly_roster_name_position_team,,no_actual_weekly_record;actual_score_created_from_missing_record,Info,
2024,14,MoorDa01,David Moore,WR,CAR,00-0033589,4.5,1,False,False,weekly_stats_name_position_team,,crosswalk_fields_disagree,Info,crosswalk_fields_disagree
2024,14,BoboJa00,Jake Bobo,WR,SEA,00-0038752,0.0,0,True,False,weekly_roster_name_position_team,,no_actual_weekly_record;actual_score_created_from_missing_record,Info,
2024,14,DurhPa00,Payne Durham,TE,TB,00-0039050,0.0,1,False,False,weekly_stats_name_position_team,,crosswalk_fields_disagree,Info,crosswalk_fields_disagree
2024,14,HodgKh00,KhaDarel Hodge,WR,SF,00-0034854,0.0,0,True,False,master_name_position,,crosswalk_fields_disagree;no_actual_weekly_record;actual_score_created_from_missing_record,Info,crosswalk_fields_disagree
2024,14,AtweTu00,Tutu Atwell,WR,LA,00-0036849,7.5,1,False,False,weekly_stats_name_position_team,,crosswalk_fields_disagree,Info,crosswalk_fields_disagree
2024,14,SmitJa02,Jaxon Smith-Njigba,WR,SEA,00-0038543,19.6,1,False,True,weekly_stats_name_position_team,,crosswalk_fields_disagree,Warning,crosswalk_fields_disagree
2024,14,OlivBr01,Bryce Oliver,WR,CLE,00-0039650,2.6,1,False,False,master_name_position,,crosswalk_fields_disagree;master_team_context_differs,Info,crosswalk_fields_disagree;master_team_context_differs
2024,14,HeywCo00,Connor Heyward,TE,LV,00-0037304,0.0,0,True,False,manual_override,Top-player gate override because the historical FBG row uses a stale LV team while the weekly roster identifies Connor Heyward as TE 00-0037304 for PIT,no_actual_weekly_record;actual_score_created_from_missing_record,Info,manual_override_applied;gsis_id_not_in_master
2024,14,BrowPh00,Pharaoh Brown,TE,IND,00-0033439,1.6,1,False,False,master_name_position,,crosswalk_fields_disagree,Info,crosswalk_fields_disagree
2024,14,ManhCh00,Chris Manhertz,TE,NYG,00-0031484,0.0,0,True,False,weekly_roster_name_position_team,,no_actual_weekly_record;actual_score_created_from_missing_record,Info,
2024,14,WrigBr00,Brock Wright,TE,DET,00-0036754,0.0,1,False,False,weekly_stats_name_position_team,,crosswalk_fields_disagree,Info,crosswalk_fields_disagree
2024,14,RussBr00,Brady Russell,RB,SEA,00-0038488,0.0,0,True,False,master_name_position,,no_actual_weekly_record;actual_score_created_from_missing_record,Info,
2024,14,AlleDa01,Davis Allen,TE,LA,00-0039074,0.0,0,True,False,weekly_roster_name_position_team,,crosswalk_fields_disagree;no_actual_weekly_record;actual_score_created_from_missing_record,Info,crosswalk_fields_disagree
2024,14,RemiNi00,Nikko Remigio,WR,KC,00-0038519,0.0,1,False,False,weekly_stats_name_position_team,,crosswalk_fields_disagree,Info,crosswalk_fields_disagree
2024,14,McMiJa00,Jalen McMillan,WR,TB,00-0039855,21.9,1,False,False,weekly_stats_name_position_team,,crosswalk_fields_disagree,Info,crosswalk_fields_disagree
2024,14,KiefKo00,Ko Kieft,TE,TB,00-0037311,0.0,0,True,False,weekly_roster_name_position_team,,crosswalk_fields_disagree;no_actual_weekly_record;actual_score_created_from_missing_record,Info,crosswalk_fields_disagree
2024,14,LongHu00,Hunter Long,TE,ARI,00-0037004,6.0,1,False,False,master_name_position,,crosswalk_fields_disagree,Info,crosswalk_fields_disagree
2024,14,OttoCa00,Cade Otton,TE,TB,00-0038129,10.0,1,False,True,weekly_stats_name_position_team,,crosswalk_fields_disagree,Warning,crosswalk_fields_disagree
2024,14,ParkCo00,Colby Parkinson,TE,LA,00-0036244,2.1,1,False,True,weekly_stats_name_position_team,,crosswalk_fields_disagree,Warning,crosswalk_fields_disagree
2024,14,HarrMa05,Marvin Harrison Jr.,WR,ARI,00-0039849,8.9,1,False,True,weekly_stats_name_position_team,,crosswalk_fields_disagree,Warning,crosswalk_fields_disagree
2024,14,GrayNo00,Noah Gray,TE,KC,00-0036637,6.6,1,False,True,weekly_stats_name_position_team,,crosswalk_fields_disagree,Warning,crosswalk_fields_disagree
2024,14,FantNo00,Noah Fant,TE,NO,00-0035644,4.8,1,False,True,master_name_position,,crosswalk_fields_disagree,Warning,crosswalk_fields_disagree
2024,14,HiggEl00,Elijah Higgins,TE,ARI,00-0039041,0.0,0,True,False,weekly_roster_name_position_team,,no_actual_weekly_record;actual_score_created_from_missing_record,Info,
2024,14,SmarSt00,Stone Smartt,TE,NO,00-0037475,8.4,1,False,False,master_name_position,,crosswalk_fields_disagree,Info,crosswalk_fields_disagree
2024,14,VannNi00,Nick Vannett,TE,BAL,00-0032394,1.4,1,False,False,master_name_position,,crosswalk_fields_disagree;master_team_context_differs,Info,crosswalk_fields_disagree;master_team_context_differs
2024,14,HillJu01,Julian Hill,TE,NE,00-0038720,2.4,1,False,False,master_name_position,,crosswalk_fields_disagree,Info,crosswalk_fields_disagree
2024,14,FranFe00,Feleipe Franks,TE,CAR,00-0036825,0.0,0,True,False,weekly_roster_name_position_team,,no_actual_weekly_record;actual_score_created_from_missing_record,Info,
2024,14,BlaiCh00,Chris Blair,WR,ATL,00-0036463,0.0,0,True,False,weekly_roster_name_position_team,,no_actual_weekly_record;actual_score_created_from_missing_record,Info,
2024,14,MillSc01,Scotty Miller,WR,CHI,00-0035298,6.8,1,False,False,pfr_crosswalk_verified,,master_name_conflict,Info,master_name_conflict
2024,14,CharIr00,Irv Charles,WR,SEA,,,0,False,False,unmatched,,no_unique_gsis_id;crosswalk_fields_disagree;no_actual_weekly_record;actual_score_created_from_missing_record,Info,crosswalk_fields_disagree
2024,14,JenkEJ00,E.J. Jenkins,TE,PHI,00-0038498,0.0,0,True,False,weekly_roster_name_position_team,,no_actual_weekly_record;actual_score_created_from_missing_record,Info,
2024,14,WiliIs00,Isaiah Williams,WR,NYJ,,,0,False,False,unmatched,,no_unique_gsis_id;no_actual_weekly_record;actual_score_created_from_missing_record,Info,
2024,14,WillBr04,Brayden Willis,TE,SF,00-0038643,0.0,0,True,False,weekly_roster_name_position_team,,crosswalk_fields_disagree;no_actual_weekly_record;actual_score_created_from_missing_record,Info,crosswalk_fields_disagree
2024,14,GranCa00,Cam Grandy,TE,MIN,00-0039631,0.0,0,True,False,master_name_position,,crosswalk_fields_disagree;no_actual_weekly_record;actual_score_created_from_missing_record,Info,crosswalk_fields_disagree
2024,14,ThraJa01,Jamari Thrash,WR,CLE,00-0039379,0.0,0,True,False,weekly_roster_name_position_team,,no_actual_weekly_record;actual_score_created_from_missing_record,Info,
2024,14,LancTr00,Trey Lance,QB,LAC,00-0037012,0.0,0,True,True,master_name_position,,no_actual_weekly_record;actual_score_created_from_missing_record,Warning,
2024,14,BrooJa02,Jalen Brooks,WR,ARI,00-0038640,0.0,0,True,False,master_name_position,,no_actual_weekly_record;actual_score_created_from_missing_record,Info,
2024,14,WhitZa00,Zamir White,RB,NO,00-0038040,0.0,0,True,False,master_name_position,,no_actual_weekly_record;actual_score_created_from_missing_record,Info,
2024,14,McCoLa00,Ladd McConkey,WR,LAC,00-0039915,0.0,0,True,False,weekly_roster_name_position_team,,no_actual_weekly_record;actual_score_created_from_missing_record,Info,
2024,14,CokeJa01,Jalen Coker,WR,CAR,00-0039491,0.0,0,True,False,weekly_roster_name_position_team,,no_actual_weekly_record;actual_score_created_from_missing_record,Info,
2024,14,WhitCo01,Cody White,WR,LV,00-0035891,0.0,0,True,False,master_name_position,,crosswalk_fields_disagree;no_actual_weekly_record;actual_score_created_from_missing_record,Info,crosswalk_fields_disagree
2024,15,GibbJa00,Jahmyr Gibbs,RB,DET,00-0039139,28.4,1,False,True,weekly_stats_name_position_team,,crosswalk_fields_disagree,Warning,crosswalk_fields_disagree
2024,15,WrigBr00,Brock Wright,TE,DET,00-0036754,0.0,0,True,False,weekly_roster_name_position_team,,crosswalk_fields_disagree;no_actual_weekly_record;actual_score_created_from_missing_record,Info,crosswalk_fields_disagree
2024,15,WillJa09,Jameson Williams,WR,DET,00-0037240,12.7,1,False,True,weekly_stats_name_position_team,,crosswalk_fields_disagree,Warning,crosswalk_fields_disagree
2024,15,OkonCh00,Chig Okonkwo,TE,WAS,00-0037809,13.9,1,False,True,master_name_position,,crosswalk_fields_disagree,Warning,crosswalk_fields_disagree
2024,15,VannNi00,Nick Vannett,TE,BAL,00-0032394,1.7,1,False,False,master_name_position,,crosswalk_fields_disagree;master_team_context_differs,Info,crosswalk_fields_disagree;master_team_context_differs
2024,15,GainKe00,Kenny Gainwell,RB,TB,00-0036919,9.0,1,False,False,master_name_position,,crosswalk_fields_disagree,Info,crosswalk_fields_disagree
2024,15,BrowAJ00,A.J. Brown,WR,NE,00-0035676,25.0,1,False,True,master_name_position,,crosswalk_fields_disagree,Warning,crosswalk_fields_disagree
2024,15,SmitDe04,DeVonta Smith,WR,PHI,00-0036912,28.0,1,False,True,weekly_stats_name_position_team,,crosswalk_fields_disagree,Warning,crosswalk_fields_disagree
2024,15,SmarSt00,Stone Smartt,TE,NO,00-0037475,8.0,1,False,True,master_name_position,,crosswalk_fields_disagree,Warning,crosswalk_fields_disagree
2024,15,PalmJo01,Joshua Palmer,WR,BUF,00-0036988,3.0,1,False,False,master_name_position,,master_name_conflict,Info,master_name_conflict
2024,15,JohnQu01,Quentin Johnston,WR,LAC,00-0038544,15.5,1,False,False,weekly_stats_name_position_team,,crosswalk_fields_disagree,Info,crosswalk_fields_disagree
2024,15,ReagJa00,Jalen Reagor,WR,MIA,00-0036387,0.0,0,True,False,master_name_position,,no_actual_weekly_record;actual_score_created_from_missing_record,Info,
2024,15,MahoPa00,Patrick Mahomes II,QB,KC,00-0033873,15.76,1,False,True,weekly_stats_name_position_team,,crosswalk_fields_disagree,Warning,crosswalk_fields_disagree
2024,15,KelcTr00,Travis Kelce,TE,KC,00-0030506,6.7,1,False,True,weekly_stats_name_position_team,,crosswalk_fields_disagree,Warning,crosswalk_fields_disagree
2024,15,GrayNo00,Noah Gray,TE,KC,00-0036637,10.1,1,False,True,weekly_stats_name_position_team,,crosswalk_fields_disagree,Warning,crosswalk_fields_disagree
2024,15,WortXa00,Xavier Worthy,WR,KC,00-0039894,19.6,1,False,False,weekly_stats_name_position_team,,crosswalk_fields_disagree,Info,crosswalk_fields_disagree
2024,15,ParkCo00,Colby Parkinson,TE,LA,00-0036244,4.1,1,False,False,weekly_stats_name_position_team,,crosswalk_fields_disagree,Info,crosswalk_fields_disagree
2024,15,AtweTu00,Tutu Atwell,WR,LA,00-0036849,1.6,1,False,False,weekly_stats_name_position_team,,crosswalk_fields_disagree,Info,crosswalk_fields_disagree
2024,15,AlleKe00,Keenan Allen,WR,IND,00-0030279,20.2,1,False,True,master_name_position,,crosswalk_fields_disagree,Warning,crosswalk_fields_disagree
2024,15,RushCo00,Cooper Rush,QB,ATL,00-0033662,19.06,1,False,True,master_name_position,,crosswalk_fields_disagree,Warning,crosswalk_fields_disagree
2024,15,JuszKy00,Kyle Juszczyk,RB,SF,00-0029892,0.0,0,True,False,weekly_roster_name_position_team,,no_actual_weekly_record;actual_score_created_from_missing_record,Info,gsis_id_not_in_master
2024,15,SamuDe00,Deebo Samuel Sr.,WR,SF,00-0035719,4.9,1,False,True,weekly_stats_name_position_team,,crosswalk_fields_disagree,Warning,crosswalk_fields_disagree
2024,15,FielJu00,Justin Fields,QB,KC,00-0036945,0.8,1,False,False,master_name_position,,crosswalk_fields_disagree,Info,crosswalk_fields_disagree
2024,15,HarrNa00,Najee Harris,RB,NYG,00-0036893,3.1,1,False,True,master_name_position,,crosswalk_fields_disagree,Warning,crosswalk_fields_disagree
2024,15,WashDa02,Darnell Washington,TE,PIT,00-0038558,0.0,0,True,False,weekly_roster_name_position_team,,no_actual_weekly_record;actual_score_created_from_missing_record,Info,
2024,15,MillSc01,Scotty Miller,WR,CHI,00-0035298,0.0,1,False,False,pfr_crosswalk_verified,,master_name_conflict,Info,master_name_conflict
2024,15,KrafTu00,Tucker Kraft,TE,GB,00-0038996,5.4,1,False,True,weekly_stats_name_position_team,,crosswalk_fields_disagree,Warning,crosswalk_fields_disagree
2024,15,WatsCh00,Christian Watson,WR,GB,00-0038124,8.6,1,False,False,weekly_stats_name_position_team,,crosswalk_fields_disagree,Info,crosswalk_fields_disagree
2024,15,DoubRo00,Romeo Doubs,WR,NE,00-0037816,19.0,1,False,False,master_name_position,,crosswalk_fields_disagree,Info,crosswalk_fields_disagree
2024,15,WhitZa00,Zamir White,RB,NO,00-0038040,0.0,0,True,False,master_name_position,,no_actual_weekly_record;actual_score_created_from_missing_record,Info,
2024,15,FantNo00,Noah Fant,TE,NO,00-0035644,4.5,1,False,True,master_name_position,,crosswalk_fields_disagree,Warning,crosswalk_fields_disagree
2024,15,SmitJa02,Jaxon Smith-Njigba,WR,SEA,00-0038543,18.3,1,False,True,weekly_stats_name_position_team,,crosswalk_fields_disagree,Warning,crosswalk_fields_disagree
2024,15,SandJa00,Ja'Tavion Sanders,TE,CAR,00-0039356,0.0,1,False,True,weekly_stats_name_position_team,,crosswalk_fields_disagree,Warning,crosswalk_fields_disagree
2024,15,MoorDa01,David Moore,WR,CAR,00-0033589,3.9,1,False,False,weekly_stats_name_position_team,,crosswalk_fields_disagree,Info,crosswalk_fields_disagree
2024,15,DemeEm00,Emari Demercado,RB,DAL,00-0038705,0.0,0,True,False,master_name_position,,crosswalk_fields_disagree;no_actual_weekly_record;actual_score_created_from_missing_record,Info,crosswalk_fields_disagree
2024,15,HarrMa05,Marvin Harrison Jr.,WR,ARI,00-0039849,5.2,1,False,True,weekly_stats_name_position_team,,crosswalk_fields_disagree,Warning,crosswalk_fields_disagree
2024,15,SlayDa00,Darius Slayton,WR,NYG,00-0035535,2.6,1,False,False,weekly_stats_name_position_team,,crosswalk_fields_disagree,Info,crosswalk_fields_disagree
2024,15,HyatJa00,Jalin Hyatt,WR,NYG,00-0038938,0.0,0,True,False,weekly_roster_name_position_team,,no_actual_weekly_record;actual_score_created_from_missing_record,Info,
2024,15,MayfBa00,Baker Mayfield,QB,TB,00-0034855,28.02,1,False,True,weekly_stats_name_position_team,,crosswalk_fields_disagree,Warning,crosswalk_fields_disagree
2024,15,IrviBu00,Bucky Irving,RB,TB,00-0039361,13.3,1,False,True,weekly_stats_name_position_team,,crosswalk_fields_disagree,Warning,crosswalk_fields_disagree
2024,15,OttoCa00,Cade Otton,TE,TB,00-0038129,4.4,1,False,True,weekly_stats_name_position_team,,crosswalk_fields_disagree,Warning,crosswalk_fields_disagree
2024,15,McMiJa00,Jalen McMillan,WR,TB,00-0039855,18.5,1,False,False,weekly_stats_name_position_team,,crosswalk_fields_disagree,Info,crosswalk_fields_disagree
2024,15,McClRa00,Ray-Ray McCloud III,WR,CHI,00-0034407,2.4,1,False,False,master_name_position,,crosswalk_fields_disagree,Info,crosswalk_fields_disagree
2024,15,AlleJo01,Josh Allen,QB,BUF,00-0034857,41.28,1,False,True,weekly_stats_name_position_team,,crosswalk_fields_disagree,Warning,crosswalk_fields_disagree
2024,15,JohnTy00,Ty Johnson,RB,BUF,00-0035537,17.3,1,False,False,weekly_stats_name_position_team,,crosswalk_fields_disagree,Info,crosswalk_fields_disagree
2024,15,HollMa00,Mack Hollins,WR,NE,00-0033555,1.7,1,False,False,master_name_position,,crosswalk_fields_disagree,Info,crosswalk_fields_disagree
2024,15,JoneMa04,Mac Jones,QB,SF,00-0036972,18.66,1,False,True,master_name_position,,crosswalk_fields_disagree,Warning,crosswalk_fields_disagree
2024,15,EtieTr00,Travis Etienne Jr.,RB,NO,00-0036973,12.5,1,False,True,master_name_position,,crosswalk_fields_disagree,Warning,crosswalk_fields_disagree
2024,15,ThomBr01,Brian Thomas Jr.,WR,JAX,00-0039893,32.5,1,False,True,weekly_stats_name_position_team,,crosswalk_fields_disagree,Warning,crosswalk_fields_disagree
2024,15,KamaAl00,Alvin Kamara,RB,NO,00-0033906,17.0,1,False,True,weekly_stats_name_position_team,,crosswalk_fields_disagree,Warning,crosswalk_fields_disagree
2024,15,HaenJa00,Jake Haener,QB,NYG,00-0038998,0.66,1,False,True,master_name_position,,crosswalk_fields_disagree,Warning,crosswalk_fields_disagree
2024,15,AustKe00,Kevin Austin Jr,WR,NO,00-0037231,1.8,1,False,False,weekly_stats_name_position_team,,crosswalk_fields_disagree,Info,crosswalk_fields_disagree
2024,15,AlleBr01,Braelon Allen,RB,NYJ,00-0039794,0.5,1,False,True,weekly_stats_name_position_team,,crosswalk_fields_disagree,Warning,crosswalk_fields_disagree
2024,15,ConkTy00,Tyler Conklin,TE,DET,00-0034270,0.0,0,True,False,master_name_position,,no_actual_weekly_record;actual_score_created_from_missing_record,Info,
2024,15,AlieMo00,Mo Alie-Cox,TE,IND,00-0033217,0.0,0,True,False,weekly_roster_name_position_team,,no_actual_weekly_record;actual_score_created_from_missing_record,Info,
2024,15,OgleAn00,Drew Ogletree,TE,IND,00-0037292,0.0,0,True,False,pfr_crosswalk_verified,,master_name_conflict;no_actual_weekly_record;actual_score_created_from_missing_record,Info,master_name_conflict
2024,15,McLaJa00,Jaleel McLaughlin,RB,CLE,00-0038794,6.4,1,False,True,master_name_position,,crosswalk_fields_disagree,Warning,crosswalk_fields_disagree
2024,15,EstiAu00,Audric EstimC),RB,NO,00-0039373,2.8,1,False,False,master_name_position,,crosswalk_fields_disagree,Info,crosswalk_fields_disagree
2024,15,VeleDe00,Devaughn Vele,WR,NO,00-0039424,0.0,1,False,False,master_name_position,,crosswalk_fields_disagree,Info,crosswalk_fields_disagree
2024,15,PierDa01,Dameon Pierce,RB,PHI,00-0037258,0.0,0,True,False,master_name_position,,no_actual_weekly_record;actual_score_created_from_missing_record,Info,
2024,15,StovCa00,Cade Stover,TE,HOU,00-0039359,0.0,0,True,False,weekly_roster_name_position_team,,no_actual_weekly_record;actual_score_created_from_missing_record,Info,
2024,15,MayeDr00,Drake Maye,QB,NE,00-0039851,17.48,1,False,True,weekly_stats_name_position_team,,crosswalk_fields_disagree,Warning,crosswalk_fields_disagree
2024,15,StevRh00,Rhamondre Stevenson,RB,NE,00-0036875,9.5,1,False,True,weekly_stats_name_position_team,,crosswalk_fields_disagree,Warning,crosswalk_fields_disagree
2024,15,HenrHu00,Hunter Henry,TE,NE,00-0033090,6.5,1,False,True,weekly_stats_name_position_team,,crosswalk_fields_disagree,Warning,crosswalk_fields_disagree
2024,15,DougDe00,DeMario Douglas,WR,NE,00-0038621,10.1,1,False,False,weekly_stats_name_position_team,,crosswalk_fields_disagree,Info,crosswalk_fields_disagree
2024,15,BoutKa00,Kayshon Boutte,WR,HOU,00-0038608,3.9,1,False,False,master_name_position,,crosswalk_fields_disagree,Info,crosswalk_fields_disagree
2024,15,TuckSe00,Sean Tucker,RB,TB,00-0038951,1.7,1,False,False,weekly_stats_name_position_team,,crosswalk_fields_disagree,Info,crosswalk_fields_disagree
2024,15,StroPi00,Pierre Strong Jr,RB,GB,00-0038098,0.0,1,False,False,master_name_position,,crosswalk_fields_disagree,Info,crosswalk_fields_disagree
2024,15,OgunDa00,Dare Ogunbowale,RB,LV,00-0033854,3.5,1,False,False,master_name_position,,crosswalk_fields_disagree,Info,crosswalk_fields_disagree
2024,15,SermTr00,Trey Sermon,RB,ATL,00-0036984,3.2,1,False,False,master_name_position,,crosswalk_fields_disagree,Info,crosswalk_fields_disagree
2024,15,IngoAl00,Alec Ingold,RB,LAC,00-0035125,0.0,0,True,False,manual_override,Top-player gate override because the historical FBG row uses a stale LAC team while the weekly roster identifies Alec Ingold as RB 00-0035125 for MIA,no_actual_weekly_record;actual_score_created_from_missing_record,Info,manual_override_applied;gsis_id_not_in_master
2024,15,ChesJu00,Julius Chestnut,RB,TEN,00-0037594,0.0,0,True,False,weekly_roster_name_position_team,,no_actual_weekly_record;actual_score_created_from_missing_record,Info,
2024,15,RiveRo01,Ronnie Rivers,RB,LA,00-0037557,0.0,0,True,False,weekly_roster_name_position_team,,no_actual_weekly_record;actual_score_created_from_missing_record,Info,
2024,15,ReynCr00,Craig Reynolds,RB,WAS,00-0035567,0.0,1,False,False,master_name_position,,crosswalk_fields_disagree,Info,crosswalk_fields_disagree
2024,15,HigbTy01,Tyler Higbee,TE,LA,00-0033110,0.0,0,True,False,weekly_roster_name_position_team,,no_actual_weekly_record;actual_score_created_from_missing_record,Info,
2024,15,FarrLu00,Luke Farrell,TE,SF,00-0036887,0.0,0,True,False,master_name_position,,no_actual_weekly_record;actual_score_created_from_missing_record,Info,
2024,15,HillJu01,Julian Hill,TE,NE,00-0038720,0.0,0,True,False,master_name_position,,crosswalk_fields_disagree;no_actual_weekly_record;actual_score_created_from_missing_record,Info,crosswalk_fields_disagree
2024,15,SimsBe00,Ben Sims,TE,MIA,00-0038809,0.0,0,True,False,master_name_position,,no_actual_weekly_record;actual_score_created_from_missing_record,Info,
2024,15,LongHu00,Hunter Long,TE,ARI,00-0037004,3.7,1,False,False,master_name_position,,crosswalk_fields_disagree,Info,crosswalk_fields_disagree
2024,15,ManhCh00,Chris Manhertz,TE,NYG,00-0031484,0.0,0,True,False,weekly_roster_name_position_team,,no_actual_weekly_record;actual_score_created_from_missing_record,Info,
2024,15,DurhPa00,Payne Durham,TE,TB,00-0039050,0.0,0,True,False,weekly_roster_name_position_team,,crosswalk_fields_disagree;no_actual_weekly_record;actual_score_created_from_missing_record,Info,crosswalk_fields_disagree
2024,15,PalmTr00,Trey Palmer,WR,NO,00-0039052,0.0,1,False,False,master_name_position,,crosswalk_fields_disagree,Info,crosswalk_fields_disagree
2024,15,HodgKh00,KhaDarel Hodge,WR,SF,00-0034854,0.0,1,False,False,master_name_position,,crosswalk_fields_disagree,Info,crosswalk_fields_disagree
2024,15,JoneTi00,Tim Jones,WR,JAX,00-0036497,0.0,0,True,False,weekly_roster_name_position_team,,no_actual_weekly_record;actual_score_created_from_missing_record,Info,
2024,15,ThomDe04,Deven Thompkins,WR,LV,00-0037487,0.0,1,False,False,master_name_position,,crosswalk_fields_disagree,Info,crosswalk_fields_disagree
2024,15,MingJo00,Jonathan Mingo,WR,DAL,00-0039062,0.0,0,True,False,weekly_roster_name_position_team,,no_actual_weekly_record;actual_score_created_from_missing_record,Info,
2024,15,DaviDe01,Derius Davis,WR,LAC,00-0038573,0.0,1,False,False,weekly_stats_name_position_team,,crosswalk_fields_disagree,Info,crosswalk_fields_disagree
2024,15,FlouRy00,Ryan Flournoy,WR,DAL,00-0039410,0.0,0,True,False,weekly_roster_name_position_team,,no_actual_weekly_record;actual_score_created_from_missing_record,Info,
2024,15,WashCa00,Carlos Washington Jr.,RB,MIA,00-0038930,0.0,0,True,False,master_name_position,,no_actual_weekly_record;actual_score_created_from_missing_record,Info,
2024,15,MeltBo00,Bo Melton,WR,GB,00-0037091,0.0,0,True,False,weekly_roster_name_position_team,,crosswalk_fields_disagree;no_actual_weekly_record;actual_score_created_from_missing_record,Info,crosswalk_fields_disagree
2024,15,BrowPh00,Pharaoh Brown,TE,IND,00-0033439,0.0,0,True,False,master_name_position,,crosswalk_fields_disagree;no_actual_weekly_record;actual_score_created_from_missing_record,Info,crosswalk_fields_disagree
2024,15,RicaPa00,Patrick Ricard,RB,NYG,00-0033376,0.0,0,True,False,master_name_position,,no_actual_weekly_record;actual_score_created_from_missing_record,Info,
2024,15,GillRe00,Reggie Gilliam,RB,NE,00-0036187,0.0,0,True,False,master_name_position,,crosswalk_fields_disagree;no_actual_weekly_record;actual_score_created_from_missing_record,Info,crosswalk_fields_disagree
2024,15,JoneVe00,Velus Jones Jr,RB,SEA,00-0037745,0.0,0,True,False,manual_override,Top-player gate override because the historical FBG row labels Velus Jones Jr as RB with stale teams while the weekly records identify GSIS 00-0037745 and the master position is WR,crosswalk_fields_disagree;master_position_conflict;no_actual_weekly_record;actual_score_created_from_missing_record,Info,crosswalk_fields_disagree;manual_override_applied;master_position_conflict
2024,15,HaskHa00,Hassan Haskins,RB,NE,00-0037617,0.0,0,True,False,master_name_position,,crosswalk_fields_disagree;no_actual_weekly_record;actual_score_created_from_missing_record,Info,crosswalk_fields_disagree
2024,15,BurtMi00,Michael Burton,RB,CLE,00-0031595,0.0,0,True,False,pfr_crosswalk_verified,,no_actual_weekly_record;actual_score_created_from_missing_record,Info,gsis_id_not_in_master
2024,15,HeywCo00,Connor Heyward,TE,LV,00-0037304,0.0,0,True,False,manual_override,Top-player gate override because the historical FBG row uses a stale LV team while the weekly roster identifies Connor Heyward as TE 00-0037304 for PIT,no_actual_weekly_record;actual_score_created_from_missing_record,Info,manual_override_applied;gsis_id_not_in_master
2024,15,DallDe00,DeeJay Dallas,RB,MIN,00-0036425,1.5,1,False,False,master_name_position,,crosswalk_fields_disagree;master_team_context_differs,Info,crosswalk_fields_disagree;master_team_context_differs
2024,15,OlivBr01,Bryce Oliver,WR,CLE,00-0039650,1.8,1,False,False,master_name_position,,crosswalk_fields_disagree;master_team_context_differs,Info,crosswalk_fields_disagree;master_team_context_differs
2024,15,WestJa00,Jack Westover,TE,WAS,00-0039305,0.0,0,True,False,master_name_position,,no_actual_weekly_record;actual_score_created_from_missing_record,Info,
2024,15,SteeCa00,Carson Steele,RB,PHI,00-0039325,0.0,0,True,False,master_name_position,,no_actual_weekly_record;actual_score_created_from_missing_record,Info,
2024,15,JenkEJ00,E.J. Jenkins,TE,PHI,00-0038498,0.0,0,True,False,weekly_roster_name_position_team,,no_actual_weekly_record;actual_score_created_from_missing_record,Info,
2024,15,FantPr00,Princeton Fant,TE,DAL,00-0038735,0.0,0,True,False,weekly_roster_name_position_team,,no_actual_weekly_record;actual_score_created_from_missing_record,Info,
2024,15,AlleDa01,Davis Allen,TE,LA,00-0039074,0.0,1,False,False,weekly_stats_name_position_team,,crosswalk_fields_disagree,Info,crosswalk_fields_disagree
2024,15,FranFe00,Feleipe Franks,TE,CAR,00-0036825,0.0,0,True,False,weekly_roster_name_position_team,,no_actual_weekly_record;actual_score_created_from_missing_record,Info,
2024,15,PrenAd00,Adam Prentice,RB,DEN,00-0036727,0.0,0,True,False,pfr_crosswalk_verified,,no_actual_weekly_record;actual_score_created_from_missing_record,Info,gsis_id_not_in_master
2024,15,KiefKo00,Ko Kieft,TE,TB,00-0037311,0.0,0,True,False,weekly_roster_name_position_team,,crosswalk_fields_disagree;no_actual_weekly_record;actual_score_created_from_missing_record,Info,crosswalk_fields_disagree
2024,15,TongJa00,Jake Tonges,TE,SF,00-0037112,0.0,0,True,False,weekly_roster_name_position_team,,no_actual_weekly_record;actual_score_created_from_missing_record,Info,
2024,15,SmitBr03,Brandon Smith,WR,PIT,00-0036775,0.0,0,True,False,master_name_position,,no_actual_weekly_record;actual_score_created_from_missing_record,Info,
2024,15,RemiNi00,Nikko Remigio,WR,KC,00-0038519,0.0,1,False,False,weekly_stats_name_position_team,,crosswalk_fields_disagree,Info,crosswalk_fields_disagree
2024,15,MartDa01,David Martin-Robinson,TE,TEN,00-0039648,0.0,0,True,False,weekly_roster_name_position_team,,no_actual_weekly_record;actual_score_created_from_missing_record,Info,
2024,15,WillBr04,Brayden Willis,TE,SF,00-0038643,0.0,1,False,False,weekly_stats_name_position_team,,crosswalk_fields_disagree,Info,crosswalk_fields_disagree
2024,15,ShipWi00,Will Shipley,RB,PHI,00-0039746,0.0,0,True,False,weekly_roster_name_position_team,,no_actual_weekly_record;actual_score_created_from_missing_record,Info,
2024,15,GranCa00,Cam Grandy,TE,MIN,00-0039631,3.2,1,False,False,master_name_position,,crosswalk_fields_disagree,Info,crosswalk_fields_disagree
2024,15,WiliIs00,Isaiah Williams,WR,NYJ,,,0,False,False,unmatched,,no_unique_gsis_id;no_actual_weekly_record;actual_score_created_from_missing_record,Info,
2024,15,OConAi01,Aidan O'Connell,QB,LV,00-0038579,0.0,0,True,True,weekly_roster_name_position_team,,no_actual_weekly_record;actual_score_created_from_missing_record,Warning,
2024,15,RattSp00,Spencer Rattler,QB,NO,00-0039376,9.4,1,False,False,weekly_stats_name_position_team,,crosswalk_fields_disagree,Info,crosswalk_fields_disagree
2024,15,PeniMi00,Michael Penix Jr.,QB,ATL,00-0039917,0.0,0,True,False,weekly_roster_name_position_team,,no_actual_weekly_record;actual_score_created_from_missing_record,Info,
2024,15,BeckOd01,Odell Beckham Jr,WR,NYG,00-0031235,0.0,0,True,False,master_name_position,,no_actual_weekly_record;actual_score_created_from_missing_record,Info,
2024,16,MayfBa00,Baker Mayfield,QB,TB,00-0034855,22.32,1,False,True,weekly_stats_name_position_team,,crosswalk_fields_disagree,Warning,crosswalk_fields_disagree
2024,16,MahoPa00,Patrick Mahomes II,QB,KC,00-0033873,23.7,1,False,True,weekly_stats_name_position_team,,crosswalk_fields_disagree,Warning,crosswalk_fields_disagree
2024,16,AlleJo01,Josh Allen,QB,BUF,00-0034857,11.16,1,False,True,weekly_stats_name_position_team,,crosswalk_fields_disagree,Warning,crosswalk_fields_disagree
2024,16,RushCo00,Cooper Rush,QB,ATL,00-0033662,15.28,1,False,True,master_name_position,,crosswalk_fields_disagree,Warning,crosswalk_fields_disagree
2024,16,JoneMa04,Mac Jones,QB,SF,00-0036972,13.88,1,False,True,master_name_position,,crosswalk_fields_disagree,Warning,crosswalk_fields_disagree
2024,16,MayeDr00,Drake Maye,QB,NE,00-0039851,17.44,1,False,True,weekly_stats_name_position_team,,crosswalk_fields_disagree,Warning,crosswalk_fields_disagree
2024,16,RattSp00,Spencer Rattler,QB,NO,00-0039376,4.92,1,False,True,weekly_stats_name_position_team,,crosswalk_fields_disagree,Warning,crosswalk_fields_disagree
2024,16,MusgLu00,Luke Musgrave,TE,GB,00-0039144,0.0,1,False,False,weekly_stats_name_position_team,,crosswalk_fields_disagree,Info,crosswalk_fields_disagree
2024,16,WatsCh00,Christian Watson,WR,GB,00-0038124,2.3,1,False,False,weekly_stats_name_position_team,,crosswalk_fields_disagree,Info,crosswalk_fields_disagree
2024,16,KrafTu00,Tucker Kraft,TE,GB,00-0038996,9.5,1,False,True,weekly_stats_name_position_team,,crosswalk_fields_disagree,Warning,crosswalk_fields_disagree
2024,16,MeltBo00,Bo Melton,WR,GB,00-0037091,1.4,1,False,False,weekly_stats_name_position_team,,crosswalk_fields_disagree,Info,crosswalk_fields_disagree
2024,16,SimsBe00,Ben Sims,TE,MIA,00-0038809,0.0,0,True,False,master_name_position,,no_actual_weekly_record;actual_score_created_from_missing_record,Info,
2024,16,AustKe00,Kevin Austin Jr,WR,NO,00-0037231,2.7,1,False,False,weekly_stats_name_position_team,,crosswalk_fields_disagree,Info,crosswalk_fields_disagree
2024,16,DoubRo00,Romeo Doubs,WR,NE,00-0037816,4.0,1,False,True,master_name_position,,crosswalk_fields_disagree,Warning,crosswalk_fields_disagree
2024,16,TiptMa00,Mason Tipton,WR,NO,00-0039623,0.0,1,False,False,weekly_stats_name_position_team,,crosswalk_fields_disagree,Info,crosswalk_fields_disagree
2024,16,PrenAd00,Adam Prentice,RB,DEN,00-0036727,0.0,0,True,False,pfr_crosswalk_verified,,no_actual_weekly_record;actual_score_created_from_missing_record,Info,gsis_id_not_in_master
2024,16,McMiJa00,Jalen McMillan,WR,TB,00-0039855,16.7,1,False,False,weekly_stats_name_position_team,,crosswalk_fields_disagree,Info,crosswalk_fields_disagree
2024,16,PalmTr00,Trey Palmer,WR,NO,00-0039052,5.1,1,False,False,master_name_position,,crosswalk_fields_disagree,Info,crosswalk_fields_disagree
2024,16,IrviBu00,Bucky Irving,RB,TB,00-0039361,18.2,1,False,True,weekly_stats_name_position_team,,crosswalk_fields_disagree,Warning,crosswalk_fields_disagree
2024,16,TuckSe00,Sean Tucker,RB,TB,00-0038951,0.0,1,False,False,weekly_stats_name_position_team,,crosswalk_fields_disagree,Info,crosswalk_fields_disagree
2024,16,DurhPa00,Payne Durham,TE,TB,00-0039050,7.9,1,False,False,weekly_stats_name_position_team,,crosswalk_fields_disagree,Info,crosswalk_fields_disagree
2024,16,KiefKo00,Ko Kieft,TE,TB,00-0037311,0.0,0,True,False,weekly_roster_name_position_team,,crosswalk_fields_disagree;no_actual_weekly_record;actual_score_created_from_missing_record,Info,crosswalk_fields_disagree
2024,16,MingJo00,Jonathan Mingo,WR,DAL,00-0039062,0.0,0,True,False,weekly_roster_name_position_team,,no_actual_weekly_record;actual_score_created_from_missing_record,Info,
2024,16,FantPr00,Princeton Fant,TE,DAL,00-0038735,0.0,0,True,False,weekly_roster_name_position_team,,no_actual_weekly_record;actual_score_created_from_missing_record,Info,
2024,16,JuszKy00,Kyle Juszczyk,RB,SF,00-0029892,0.0,0,True,False,weekly_roster_name_position_team,,no_actual_weekly_record;actual_score_created_from_missing_record,Info,gsis_id_not_in_master
2024,16,HillJu01,Julian Hill,TE,NE,00-0038720,0.0,1,False,False,master_name_position,,crosswalk_fields_disagree,Info,crosswalk_fields_disagree
2024,16,SamuDe00,Deebo Samuel Sr.,WR,SF,00-0035719,25.1,1,False,True,weekly_stats_name_position_team,,crosswalk_fields_disagree,Warning,crosswalk_fields_disagree
2024,16,AbanIs00,Israel Abanikanda,RB,DAL,00-0038389,0.0,0,True,False,master_name_position,,no_actual_weekly_record;actual_score_created_from_missing_record,Info,
2024,16,WillBr04,Brayden Willis,TE,SF,00-0038643,0.0,1,False,False,weekly_stats_name_position_team,,crosswalk_fields_disagree,Info,crosswalk_fields_disagree
2024,16,WrigJa04,Jaylen Wright,RB,MIA,00-0039874,0.0,0,True,False,weekly_roster_name_position_team,,no_actual_weekly_record;actual_score_created_from_missing_record,Info,
2024,16,IngoAl00,Alec Ingold,RB,LAC,00-0035125,0.0,0,True,False,manual_override,Top-player gate override because the historical FBG row uses a stale LAC team while the weekly roster identifies Alec Ingold as RB 00-0035125 for MIA,no_actual_weekly_record;actual_score_created_from_missing_record,Info,manual_override_applied;gsis_id_not_in_master
2024,16,WalkKe01,Ken Walker III,RB,KC,00-0038134,13.9,1,False,True,manual_override,FBG uses Ken Walker and a stale KC team in the historical export,master_name_conflict,Warning,manual_override_applied;master_name_conflict
2024,16,StevRh00,Rhamondre Stevenson,RB,NE,00-0036875,12.3,1,False,True,weekly_stats_name_position_team,,crosswalk_fields_disagree,Warning,crosswalk_fields_disagree
2024,16,HarrNa00,Najee Harris,RB,NYG,00-0036893,4.2,1,False,True,master_name_position,,crosswalk_fields_disagree,Warning,crosswalk_fields_disagree
2024,16,SermTr00,Trey Sermon,RB,ATL,00-0036984,2.5,1,False,False,master_name_position,,crosswalk_fields_disagree,Info,crosswalk_fields_disagree
2024,16,AlleBr01,Braelon Allen,RB,NYJ,00-0039794,2.0,1,False,False,weekly_stats_name_position_team,,crosswalk_fields_disagree,Info,crosswalk_fields_disagree
2024,16,SteeCa00,Carson Steele,RB,PHI,00-0039325,0.0,0,True,False,master_name_position,,no_actual_weekly_record;actual_score_created_from_missing_record,Info,
2024,16,BeckAn00,Andrew Beck,RB,NYJ,00-0034959,0.0,0,True,False,manual_override,FBG position and team differ from the weekly roster record,no_actual_weekly_record;actual_score_created_from_missing_record,Info,manual_override_applied;gsis_id_not_in_master
2024,16,GainKe00,Kenny Gainwell,RB,TB,00-0036919,2.3,1,False,False,master_name_position,,crosswalk_fields_disagree,Info,crosswalk_fields_disagree
2024,16,JeffJe00,Jermar Jefferson,RB,MIN,00-0036670,3.3,1,False,False,master_name_position,,crosswalk_fields_disagree,Info,crosswalk_fields_disagree
2024,16,PalmJo01,Joshua Palmer,WR,BUF,00-0036988,9.1,1,False,False,master_name_position,,master_name_conflict,Info,master_name_conflict
2024,16,StroPi00,Pierre Strong Jr,RB,GB,00-0038098,2.9,1,False,False,master_name_position,,crosswalk_fields_disagree,Info,crosswalk_fields_disagree
2024,16,ShipWi00,Will Shipley,RB,PHI,00-0039746,0.0,0,True,False,weekly_roster_name_position_team,,no_actual_weekly_record;actual_score_created_from_missing_record,Info,
2024,16,WallTy00,Tylan Wallace,WR,CLE,00-0036630,0.0,0,True,False,master_name_position,,no_actual_weekly_record;actual_score_created_from_missing_record,Info,
2024,16,JohnTy00,Ty Johnson,RB,BUF,00-0035537,3.0,1,False,True,weekly_stats_name_position_team,,crosswalk_fields_disagree,Warning,crosswalk_fields_disagree
2024,16,DotsJa00,Jahan Dotson,WR,ATL,00-0037741,0.0,0,True,False,master_name_position,,no_actual_weekly_record;actual_score_created_from_missing_record,Info,
2024,16,OgunDa00,Dare Ogunbowale,RB,LV,00-0033854,0.0,1,False,False,master_name_position,,crosswalk_fields_disagree,Info,crosswalk_fields_disagree
2024,16,ThomDe04,Deven Thompkins,WR,LV,00-0037487,0.9,1,False,False,master_name_position,,crosswalk_fields_disagree,Info,crosswalk_fields_disagree
2024,16,WortXa00,Xavier Worthy,WR,KC,00-0039894,20.5,1,False,True,weekly_stats_name_position_team,,crosswalk_fields_disagree,Warning,crosswalk_fields_disagree
2024,16,WaynJa00,Jared Wayne,WR,HOU,00-0038728,0.0,0,True,False,weekly_roster_name_position_team,,no_actual_weekly_record;actual_score_created_from_missing_record,Info,
2024,16,SmitDe04,DeVonta Smith,WR,PHI,00-0036912,11.1,1,False,True,weekly_stats_name_position_team,,crosswalk_fields_disagree,Warning,crosswalk_fields_disagree
2024,16,WillJa09,Jameson Williams,WR,DET,00-0037240,26.0,1,False,True,weekly_stats_name_position_team,,crosswalk_fields_disagree,Warning,crosswalk_fields_disagree
2024,16,HaskHa00,Hassan Haskins,RB,NE,00-0037617,11.9,1,False,False,master_name_position,,crosswalk_fields_disagree,Info,crosswalk_fields_disagree
2024,16,RiveRo01,Ronnie Rivers,RB,LA,00-0037557,0.0,0,True,False,weekly_roster_name_position_team,,no_actual_weekly_record;actual_score_created_from_missing_record,Info,
2024,16,ReynCr00,Craig Reynolds,RB,WAS,00-0035567,3.3,1,False,False,master_name_position,,crosswalk_fields_disagree,Info,crosswalk_fields_disagree
2024,16,FantNo00,Noah Fant,TE,NO,00-0035644,8.0,1,False,True,master_name_position,,crosswalk_fields_disagree,Warning,crosswalk_fields_disagree
2024,16,WhitCo01,Cody White,WR,LV,00-0035891,0.0,0,True,False,master_name_position,,crosswalk_fields_disagree;no_actual_weekly_record;actual_score_created_from_missing_record,Info,crosswalk_fields_disagree
2024,16,DougDe00,DeMario Douglas,WR,NE,00-0038621,7.9,1,False,False,weekly_stats_name_position_team,,crosswalk_fields_disagree,Info,crosswalk_fields_disagree
2024,16,EtieTr00,Travis Etienne Jr.,RB,NO,00-0036973,5.7,1,False,True,master_name_position,,crosswalk_fields_disagree,Warning,crosswalk_fields_disagree
2024,16,SmitXa00,Xavier Smith,WR,LA,00-0038359,0.0,0,True,False,weekly_roster_name_position_team,,no_actual_weekly_record;actual_score_created_from_missing_record,Info,
2024,16,WilsJo02,Johnny Wilson,WR,PHI,00-0039236,0.0,0,True,False,weekly_roster_name_position_team,,no_actual_weekly_record;actual_score_created_from_missing_record,Info,
2024,16,CorlMa00,Malachi Corley,WR,CLE,00-0039920,0.0,0,True,False,master_name_position,,no_actual_weekly_record;actual_score_created_from_missing_record,Info,
2024,16,BrowAJ00,A.J. Brown,WR,NE,00-0035676,23.7,1,False,True,master_name_position,,crosswalk_fields_disagree,Warning,crosswalk_fields_disagree
2024,16,GibbJa00,Jahmyr Gibbs,RB,DET,00-0039139,25.4,1,False,True,weekly_stats_name_position_team,,crosswalk_fields_disagree,Warning,crosswalk_fields_disagree
2024,16,McClRa00,Ray-Ray McCloud III,WR,CHI,00-0034407,5.7,1,False,False,master_name_position,,crosswalk_fields_disagree,Info,crosswalk_fields_disagree
2024,16,AlleKe00,Keenan Allen,WR,IND,00-0030279,29.1,1,False,True,master_name_position,,crosswalk_fields_disagree,Warning,crosswalk_fields_disagree
2024,16,SandJa00,Ja'Tavion Sanders,TE,CAR,00-0039356,0.0,0,True,False,weekly_roster_name_position_team,,crosswalk_fields_disagree;no_actual_weekly_record;actual_score_created_from_missing_record,Info,crosswalk_fields_disagree
2024,16,HenrHu00,Hunter Henry,TE,NE,00-0033090,13.9,1,False,True,weekly_stats_name_position_team,,crosswalk_fields_disagree,Warning,crosswalk_fields_disagree
2024,16,HarrMa05,Marvin Harrison Jr.,WR,ARI,00-0039849,7.9,1,False,True,weekly_stats_name_position_team,,crosswalk_fields_disagree,Warning,crosswalk_fields_disagree
2024,16,SinnBe00,Ben Sinnott,TE,WAS,00-0039912,0.0,0,True,False,weekly_roster_name_position_team,,no_actual_weekly_record;actual_score_created_from_missing_record,Info,
2024,16,ThomBr01,Brian Thomas Jr.,WR,JAX,00-0039893,28.2,1,False,True,weekly_stats_name_position_team,,crosswalk_fields_disagree,Warning,crosswalk_fields_disagree
2024,16,GranKy00,Kylen Granson,TE,TEN,00-0036876,0.0,0,True,False,master_name_position,,no_actual_weekly_record;actual_score_created_from_missing_record,Info,
2024,16,KelcTr00,Travis Kelce,TE,KC,00-0030506,8.0,1,False,True,weekly_stats_name_position_team,,crosswalk_fields_disagree,Warning,crosswalk_fields_disagree
2024,16,SmarSt00,Stone Smartt,TE,NO,00-0037475,6.7,1,False,True,master_name_position,,crosswalk_fields_disagree,Warning,crosswalk_fields_disagree
2024,16,HollMa00,Mack Hollins,WR,NE,00-0033555,4.5,1,False,False,master_name_position,,crosswalk_fields_disagree,Info,crosswalk_fields_disagree
2024,16,RemiNi00,Nikko Remigio,WR,KC,00-0038519,0.0,1,False,False,weekly_stats_name_position_team,,crosswalk_fields_disagree,Info,crosswalk_fields_disagree
2024,16,WhylJo00,Josh Whyle,TE,GB,00-0038589,0.0,0,True,False,master_name_position,,no_actual_weekly_record;actual_score_created_from_missing_record,Info,
2024,16,SmitJa02,Jaxon Smith-Njigba,WR,SEA,00-0038543,24.0,1,False,True,weekly_stats_name_position_team,,crosswalk_fields_disagree,Warning,crosswalk_fields_disagree
2024,16,BrowMa05,Hollywood Brown,WR,PHI,00-0035662,9.5,1,False,False,manual_override,FBG uses Hollywood Brown and a stale PHI team in the historical export,master_name_conflict,Info,manual_override_applied;master_name_conflict
2024,16,OlivBr01,Bryce Oliver,WR,CLE,00-0039650,0.0,0,True,False,master_name_position,,crosswalk_fields_disagree;master_team_context_differs;no_actual_weekly_record;actual_score_created_from_missing_record,Info,crosswalk_fields_disagree;master_team_context_differs
2024,16,AtweTu00,Tutu Atwell,WR,LA,00-0036849,2.2,1,False,False,weekly_stats_name_position_team,,crosswalk_fields_disagree,Info,crosswalk_fields_disagree
2024,16,MillSc01,Scotty Miller,WR,CHI,00-0035298,0.0,0,True,False,pfr_crosswalk_verified,,master_name_conflict;no_actual_weekly_record;actual_score_created_from_missing_record,Info,master_name_conflict
2024,16,WashDa02,Darnell Washington,TE,PIT,00-0038558,0.0,0,True,False,weekly_roster_name_position_team,,no_actual_weekly_record;actual_score_created_from_missing_record,Info,
2024,16,BurtMi00,Michael Burton,RB,CLE,00-0031595,0.0,0,True,False,pfr_crosswalk_verified,,no_actual_weekly_record;actual_score_created_from_missing_record,Info,gsis_id_not_in_master
2024,16,AlleDa01,Davis Allen,TE,LA,00-0039074,0.0,0,True,False,weekly_roster_name_position_team,,crosswalk_fields_disagree;no_actual_weekly_record;actual_score_created_from_missing_record,Info,crosswalk_fields_disagree
2024,16,ShorJu00,Justin Shorter,WR,LV,00-0038590,0.0,0,True,False,pfr_crosswalk_verified,,master_position_conflict;no_actual_weekly_record;actual_score_created_from_missing_record,Info,master_position_conflict
2024,16,LongHu00,Hunter Long,TE,ARI,00-0037004,0.0,1,False,False,master_name_position,,crosswalk_fields_disagree,Info,crosswalk_fields_disagree
2024,16,HodgKh00,KhaDarel Hodge,WR,SF,00-0034854,0.0,0,True,False,master_name_position,,crosswalk_fields_disagree;no_actual_weekly_record;actual_score_created_from_missing_record,Info,crosswalk_fields_disagree
2024,16,WrigBr00,Brock Wright,TE,DET,00-0036754,0.0,0,True,False,weekly_roster_name_position_team,,crosswalk_fields_disagree;no_actual_weekly_record;actual_score_created_from_missing_record,Info,crosswalk_fields_disagree
2024,16,OgleAn00,Drew Ogletree,TE,IND,00-0037292,0.0,1,False,False,pfr_crosswalk_verified,,master_name_conflict,Info,master_name_conflict
2024,16,JohnQu01,Quentin Johnston,WR,LAC,00-0038544,4.8,1,False,True,weekly_stats_name_position_team,,crosswalk_fields_disagree,Warning,crosswalk_fields_disagree
2024,16,DaviDe01,Derius Davis,WR,LAC,00-0038573,10.8,1,False,False,weekly_stats_name_position_team,,crosswalk_fields_disagree,Info,crosswalk_fields_disagree
2024,16,HeywCo00,Connor Heyward,TE,LV,00-0037304,0.0,0,True,False,manual_override,Top-player gate override because the historical FBG row uses a stale LV team while the weekly roster identifies Connor Heyward as TE 00-0037304 for PIT,no_actual_weekly_record;actual_score_created_from_missing_record,Info,manual_override_applied;gsis_id_not_in_master
2024,16,CalcGr00,Grant Calcaterra,TE,PHI,00-0037086,0.0,0,True,True,weekly_roster_name_position_team,,no_actual_weekly_record;actual_score_created_from_missing_record,Warning,
2024,16,SlayDa00,Darius Slayton,WR,NYG,00-0035535,3.7,1,False,False,weekly_stats_name_position_team,,crosswalk_fields_disagree,Info,crosswalk_fields_disagree
2024,16,ReimTi00,Tip Reiman,TE,ARI,00-0039737,0.0,0,True,False,weekly_roster_name_position_team,,no_actual_weekly_record;actual_score_created_from_missing_record,Info,
2024,16,VeleDe00,Devaughn Vele,WR,NO,00-0039424,10.1,1,False,False,master_name_position,,crosswalk_fields_disagree,Info,crosswalk_fields_disagree
2024,16,WhitBl01,Blake Whiteheart,TE,CLE,00-0038710,0.0,0,True,False,weekly_roster_name_position_team,,no_actual_weekly_record;actual_score_created_from_missing_record,Info,
2024,16,WalkDe01,Devontez Walker,WR,BAL,00-0039792,0.0,0,True,False,weekly_roster_name_position_team,,no_actual_weekly_record;actual_score_created_from_missing_record,Info,
2024,16,CollCh00,Chris Collier,RB,LV,00-0039244,0.0,0,True,False,weekly_roster_name_position_team,,no_actual_weekly_record;actual_score_created_from_missing_record,Info,
2024,16,BoutKa00,Kayshon Boutte,WR,HOU,00-0038608,20.5,1,False,False,master_name_position,,crosswalk_fields_disagree,Info,crosswalk_fields_disagree
2024,16,BrowPh00,Pharaoh Brown,TE,IND,00-0033439,2.7,1,False,False,master_name_position,,crosswalk_fields_disagree,Info,crosswalk_fields_disagree
2024,16,GrayNo00,Noah Gray,TE,KC,00-0036637,2.0,1,False,True,weekly_stats_name_position_team,,crosswalk_fields_disagree,Warning,crosswalk_fields_disagree
2024,16,ParkCo00,Colby Parkinson,TE,LA,00-0036244,0.0,1,False,False,weekly_stats_name_position_team,,crosswalk_fields_disagree,Info,crosswalk_fields_disagree
2024,16,DrumDy00,Dylan Drummond,WR,ATL,00-0038953,0.0,0,True,False,weekly_roster_name_position_team,,no_actual_weekly_record;actual_score_created_from_missing_record,Info,
2024,16,ManhCh00,Chris Manhertz,TE,NYG,00-0031484,0.0,0,True,False,weekly_roster_name_position_team,,no_actual_weekly_record;actual_score_created_from_missing_record,Info,
2024,16,MundJo00,Johnny Mundt,TE,PHI,00-0033246,0.0,0,True,False,master_name_position,,no_actual_weekly_record;actual_score_created_from_missing_record,Info,
2024,16,FranFe00,Feleipe Franks,TE,CAR,00-0036825,0.0,0,True,False,weekly_roster_name_position_team,,no_actual_weekly_record;actual_score_created_from_missing_record,Info,
2024,16,JenkEJ00,E.J. Jenkins,TE,PHI,00-0038498,0.0,0,True,False,weekly_roster_name_position_team,,no_actual_weekly_record;actual_score_created_from_missing_record,Info,
2024,16,OkonCh00,Chig Okonkwo,TE,WAS,00-0037809,19.1,1,False,True,master_name_position,,crosswalk_fields_disagree,Warning,crosswalk_fields_disagree
2024,16,MoorDa01,David Moore,WR,CAR,00-0033589,11.9,1,False,False,weekly_stats_name_position_team,,crosswalk_fields_disagree,Info,crosswalk_fields_disagree
2024,16,HumpLi00,Lil'Jordan Humphrey,WR,DEN,00-0035406,0.0,0,True,False,weekly_roster_name_position_team,,no_actual_weekly_record;actual_score_created_from_missing_record,Info,
2024,16,MallWi00,Will Mallory,TE,IND,00-0038394,0.0,0,True,False,weekly_roster_name_position_team,,no_actual_weekly_record;actual_score_created_from_missing_record,Info,
2024,16,DallDe00,DeeJay Dallas,RB,MIN,00-0036425,7.1,1,False,False,master_name_position,,crosswalk_fields_disagree;master_team_context_differs,Info,crosswalk_fields_disagree;master_team_context_differs
2024,16,JennTe00,Terrell Jennings,RB,NE,00-0039757,0.0,0,True,False,weekly_roster_name_position_team,,crosswalk_fields_disagree;no_actual_weekly_record;actual_score_created_from_missing_record,Info,crosswalk_fields_disagree
2024,16,LaubDy00,Dylan Laube,RB,LV,00-0039407,0.0,0,True,False,weekly_roster_name_position_team,,no_actual_weekly_record;actual_score_created_from_missing_record,Info,
2024,16,GillRe00,Reggie Gilliam,RB,NE,00-0036187,0.0,1,False,False,master_name_position,,crosswalk_fields_disagree,Info,crosswalk_fields_disagree
2024,16,DulcGr00,Greg Dulcich,TE,MIA,00-0037252,0.0,0,True,False,master_name_position,,no_actual_weekly_record;actual_score_created_from_missing_record,Info,
2024,16,WiliIs00,Isaiah Williams,WR,NYJ,,,0,False,False,unmatched,,no_unique_gsis_id;no_actual_weekly_record;actual_score_created_from_missing_record,Info,
2024,16,EstiAu00,Audric EstimC),RB,NO,00-0039373,10.8,1,False,True,master_name_position,,crosswalk_fields_disagree,Warning,crosswalk_fields_disagree
2024,16,GranCa00,Cam Grandy,TE,MIN,00-0039631,0.0,0,True,False,master_name_position,,crosswalk_fields_disagree;no_actual_weekly_record;actual_score_created_from_missing_record,Info,crosswalk_fields_disagree
2024,16,VannNi00,Nick Vannett,TE,BAL,00-0032394,0.0,0,True,False,master_name_position,,crosswalk_fields_disagree;master_team_context_differs;no_actual_weekly_record;actual_score_created_from_missing_record,Info,crosswalk_fields_disagree;master_team_context_differs
2024,16,QuitTe00,Teagan Quitoriano,TE,ARI,00-0037277,0.0,0,True,False,master_name_position,,no_actual_weekly_record;actual_score_created_from_missing_record,Info,
2024,16,BeckOd01,Odell Beckham Jr,WR,NYG,00-0031235,0.0,0,True,False,master_name_position,,no_actual_weekly_record;actual_score_created_from_missing_record,Info,
2024,16,MetcJo00,John Metchie III,WR,CAR,00-0037614,0.0,0,True,False,master_name_position,,no_actual_weekly_record;actual_score_created_from_missing_record,Info,
2024,16,FielJu00,Justin Fields,QB,KC,00-0036945,0.0,0,True,False,master_name_position,,crosswalk_fields_disagree;no_actual_weekly_record;actual_score_created_from_missing_record,Info,crosswalk_fields_disagree
2024,16,HudsTa00,Tanner Hudson,TE,CIN,00-0034613,0.0,0,True,False,weekly_roster_name_position_team,,no_actual_weekly_record;actual_score_created_from_missing_record,Info,
2024,17,MahoPa00,Patrick Mahomes II,QB,KC,00-0033873,26.0,1,False,True,weekly_stats_name_position_team,,crosswalk_fields_disagree,Warning,crosswalk_fields_disagree
2024,17,MayeDr00,Drake Maye,QB,NE,00-0039851,9.88,1,False,True,weekly_stats_name_position_team,,crosswalk_fields_disagree,Warning,crosswalk_fields_disagree
2024,17,MayfBa00,Baker Mayfield,QB,TB,00-0034855,34.56,1,False,True,weekly_stats_name_position_team,,crosswalk_fields_disagree,Warning,crosswalk_fields_disagree
2024,17,JoneMa04,Mac Jones,QB,SF,00-0036972,17.16,1,False,True,master_name_position,,crosswalk_fields_disagree,Warning,crosswalk_fields_disagree
2024,17,RushCo00,Cooper Rush,QB,ATL,00-0033662,6.08,1,False,True,master_name_position,,crosswalk_fields_disagree,Warning,crosswalk_fields_disagree
2024,17,AlleJo01,Josh Allen,QB,BUF,00-0034857,22.98,1,False,True,weekly_stats_name_position_team,,crosswalk_fields_disagree,Warning,crosswalk_fields_disagree
2024,17,RattSp00,Spencer Rattler,QB,NO,00-0039376,13.32,1,False,True,weekly_stats_name_position_team,,crosswalk_fields_disagree,Warning,crosswalk_fields_disagree
2024,17,SamuDe00,Deebo Samuel Sr.,WR,SF,00-0035719,9.1,1,False,True,weekly_stats_name_position_team,,crosswalk_fields_disagree,Warning,crosswalk_fields_disagree
2024,17,WillJa09,Jameson Williams,WR,DET,00-0037240,24.5,1,False,True,weekly_stats_name_position_team,,crosswalk_fields_disagree,Warning,crosswalk_fields_disagree
2024,17,WrigBr00,Brock Wright,TE,DET,00-0036754,0.0,0,True,False,weekly_roster_name_position_team,,crosswalk_fields_disagree;no_actual_weekly_record;actual_score_created_from_missing_record,Info,crosswalk_fields_disagree
2024,17,WillBr04,Brayden Willis,TE,SF,00-0038643,0.0,1,False,False,weekly_stats_name_position_team,,crosswalk_fields_disagree,Info,crosswalk_fields_disagree
2024,17,GibbJa00,Jahmyr Gibbs,RB,DET,00-0039139,26.3,1,False,True,weekly_stats_name_position_team,,crosswalk_fields_disagree,Warning,crosswalk_fields_disagree
2024,17,TongJa00,Jake Tonges,TE,SF,00-0037112,0.0,0,True,False,weekly_roster_name_position_team,,no_actual_weekly_record;actual_score_created_from_missing_record,Info,
2024,17,ReynCr00,Craig Reynolds,RB,WAS,00-0035567,8.6,1,False,False,master_name_position,,crosswalk_fields_disagree,Info,crosswalk_fields_disagree
2024,17,JuszKy00,Kyle Juszczyk,RB,SF,00-0029892,0.0,0,True,False,weekly_roster_name_position_team,,no_actual_weekly_record;actual_score_created_from_missing_record,Info,gsis_id_not_in_master
2024,17,JeffJe00,Jermar Jefferson,RB,MIN,00-0036670,0.9,1,False,False,master_name_position,,crosswalk_fields_disagree,Info,crosswalk_fields_disagree
2024,17,WrigJa04,Jaylen Wright,RB,MIA,00-0039874,0.0,0,True,False,weekly_roster_name_position_team,,no_actual_weekly_record;actual_score_created_from_missing_record,Info,
2024,17,StroPi00,Pierre Strong Jr,RB,GB,00-0038098,7.8,1,False,False,master_name_position,,crosswalk_fields_disagree,Info,crosswalk_fields_disagree
2024,17,SmytDu00,Durham Smythe,TE,BAL,00-0034798,0.0,0,True,False,master_name_position,,no_actual_weekly_record;actual_score_created_from_missing_record,Info,
2024,17,HillJu01,Julian Hill,TE,NE,00-0038720,0.0,1,False,False,master_name_position,,crosswalk_fields_disagree,Info,crosswalk_fields_disagree
2024,17,IngoAl00,Alec Ingold,RB,LAC,00-0035125,0.0,0,True,False,manual_override,Top-player gate override because the historical FBG row uses a stale LAC team while the weekly roster identifies Alec Ingold as RB 00-0035125 for MIA,no_actual_weekly_record;actual_score_created_from_missing_record,Info,manual_override_applied;gsis_id_not_in_master
2024,17,GainKe00,Kenny Gainwell,RB,TB,00-0036919,1.9,1,False,False,master_name_position,,crosswalk_fields_disagree,Info,crosswalk_fields_disagree
2024,17,BrowAJ00,A.J. Brown,WR,NE,00-0035676,12.6,1,False,True,master_name_position,,crosswalk_fields_disagree,Warning,crosswalk_fields_disagree
2024,17,WilsJo02,Johnny Wilson,WR,PHI,00-0039236,0.0,0,True,False,weekly_roster_name_position_team,,no_actual_weekly_record;actual_score_created_from_missing_record,Info,
2024,17,DotsJa00,Jahan Dotson,WR,ATL,00-0037741,0.0,0,True,False,master_name_position,,no_actual_weekly_record;actual_score_created_from_missing_record,Info,
2024,17,SpanBr00,Brevyn Spann-Ford,TE,DAL,00-0039530,0.0,0,True,False,weekly_roster_name_position_team,,no_actual_weekly_record;actual_score_created_from_missing_record,Info,
2024,17,SchoLu00,Luke Schoonmaker,TE,DAL,00-0038547,0.0,0,True,False,weekly_roster_name_position_team,,no_actual_weekly_record;actual_score_created_from_missing_record,Info,
2024,17,SmitDe04,DeVonta Smith,WR,PHI,00-0036912,30.0,1,False,True,weekly_stats_name_position_team,,crosswalk_fields_disagree,Warning,crosswalk_fields_disagree
2024,17,EtieTr00,Travis Etienne Jr.,RB,NO,00-0036973,8.5,1,False,True,master_name_position,,crosswalk_fields_disagree,Warning,crosswalk_fields_disagree
2024,17,HarrNa00,Najee Harris,RB,NYG,00-0036893,10.1,1,False,True,master_name_position,,crosswalk_fields_disagree,Warning,crosswalk_fields_disagree
2024,17,StevRh00,Rhamondre Stevenson,RB,NE,00-0036875,0.1,1,False,True,weekly_stats_name_position_team,,crosswalk_fields_disagree,Warning,crosswalk_fields_disagree
2024,17,SermTr00,Trey Sermon,RB,ATL,00-0036984,2.0,1,False,False,master_name_position,,crosswalk_fields_disagree,Info,crosswalk_fields_disagree
2024,17,McLaJa00,Jaleel McLaughlin,RB,CLE,00-0038794,9.6,1,False,True,master_name_position,,crosswalk_fields_disagree,Warning,crosswalk_fields_disagree
2024,17,AlleBr01,Braelon Allen,RB,NYJ,00-0039794,2.6,1,False,False,weekly_stats_name_position_team,,crosswalk_fields_disagree,Info,crosswalk_fields_disagree
2024,17,JohnTy00,Ty Johnson,RB,BUF,00-0035537,3.5,1,False,True,weekly_stats_name_position_team,,crosswalk_fields_disagree,Warning,crosswalk_fields_disagree
2024,17,SteeCa00,Carson Steele,RB,PHI,00-0039325,0.0,0,True,False,master_name_position,,no_actual_weekly_record;actual_score_created_from_missing_record,Info,
2024,17,IrviBu00,Bucky Irving,RB,TB,00-0039361,23.0,1,False,True,weekly_stats_name_position_team,,crosswalk_fields_disagree,Warning,crosswalk_fields_disagree
2024,17,PalmTr00,Trey Palmer,WR,NO,00-0039052,0.0,1,False,False,master_name_position,,crosswalk_fields_disagree,Info,crosswalk_fields_disagree
2024,17,RiveRo01,Ronnie Rivers,RB,LA,00-0037557,0.0,0,True,False,weekly_roster_name_position_team,,no_actual_weekly_record;actual_score_created_from_missing_record,Info,
2024,17,SmitJa02,Jaxon Smith-Njigba,WR,SEA,00-0038543,6.2,1,False,True,weekly_stats_name_position_team,,crosswalk_fields_disagree,Warning,crosswalk_fields_disagree
2024,17,PrenAd00,Adam Prentice,RB,DEN,00-0036727,0.0,0,True,False,pfr_crosswalk_verified,,no_actual_weekly_record;actual_score_created_from_missing_record,Info,gsis_id_not_in_master
2024,17,ThomBr01,Brian Thomas Jr.,WR,JAX,00-0039893,23.9,1,False,True,weekly_stats_name_position_team,,crosswalk_fields_disagree,Warning,crosswalk_fields_disagree
2024,17,OgunDa00,Dare Ogunbowale,RB,LV,00-0033854,2.8,1,False,False,master_name_position,,crosswalk_fields_disagree,Info,crosswalk_fields_disagree
2024,17,BrowMa05,Hollywood Brown,WR,PHI,00-0035662,8.6,1,False,False,manual_override,FBG uses Hollywood Brown and a stale PHI team in the historical export,master_name_conflict,Info,manual_override_applied;master_name_conflict
2024,17,VeleDe00,Devaughn Vele,WR,NO,00-0039424,4.7,1,False,False,master_name_position,,crosswalk_fields_disagree,Info,crosswalk_fields_disagree
2024,17,DougDe00,DeMario Douglas,WR,NE,00-0038621,14.6,1,False,False,weekly_stats_name_position_team,,crosswalk_fields_disagree,Info,crosswalk_fields_disagree
2024,17,AustKe00,Kevin Austin Jr,WR,NO,00-0037231,3.3,1,False,False,weekly_stats_name_position_team,,crosswalk_fields_disagree,Info,crosswalk_fields_disagree
2024,17,WaynJa00,Jared Wayne,WR,HOU,00-0038728,0.0,0,True,False,weekly_roster_name_position_team,,no_actual_weekly_record;actual_score_created_from_missing_record,Info,
2024,17,AlleKe00,Keenan Allen,WR,IND,00-0030279,7.5,1,False,True,master_name_position,,crosswalk_fields_disagree,Warning,crosswalk_fields_disagree
2024,17,WortXa00,Xavier Worthy,WR,KC,00-0039894,22.9,1,False,True,weekly_stats_name_position_team,,crosswalk_fields_disagree,Warning,crosswalk_fields_disagree
2024,17,GrayNo00,Noah Gray,TE,KC,00-0036637,1.6,1,False,True,weekly_stats_name_position_team,,crosswalk_fields_disagree,Warning,crosswalk_fields_disagree
2024,17,GoodTy00,Tyler Goodson,RB,ATL,00-0037120,0.0,0,True,False,master_name_position,,no_actual_weekly_record;actual_score_created_from_missing_record,Info,
2024,17,TremTo00,Tommy Tremble,TE,CAR,00-0037005,0.0,0,True,True,weekly_roster_name_position_team,,no_actual_weekly_record;actual_score_created_from_missing_record,Warning,
2024,17,DoubRo00,Romeo Doubs,WR,NE,00-0037816,14.8,1,False,True,master_name_position,,crosswalk_fields_disagree,Warning,crosswalk_fields_disagree
2024,17,GillRe00,Reggie Gilliam,RB,NE,00-0036187,0.3,1,False,False,master_name_position,,crosswalk_fields_disagree,Info,crosswalk_fields_disagree
2024,17,DallDe00,DeeJay Dallas,RB,MIN,00-0036425,1.5,1,False,False,master_name_position,,crosswalk_fields_disagree;master_team_context_differs,Info,crosswalk_fields_disagree;master_team_context_differs
2024,17,HarrMa05,Marvin Harrison Jr.,WR,ARI,00-0039849,15.6,1,False,True,weekly_stats_name_position_team,,crosswalk_fields_disagree,Warning,crosswalk_fields_disagree
2024,17,MusgLu00,Luke Musgrave,TE,GB,00-0039144,1.4,1,False,False,weekly_stats_name_position_team,,crosswalk_fields_disagree,Info,crosswalk_fields_disagree
2024,17,OlivBr01,Bryce Oliver,WR,CLE,00-0039650,0.0,0,True,False,master_name_position,,crosswalk_fields_disagree;master_team_context_differs;no_actual_weekly_record;actual_score_created_from_missing_record,Info,crosswalk_fields_disagree;master_team_context_differs
2024,17,OkonCh00,Chig Okonkwo,TE,WAS,00-0037809,10.9,1,False,True,master_name_position,,crosswalk_fields_disagree,Warning,crosswalk_fields_disagree
2024,17,DurhPa00,Payne Durham,TE,TB,00-0039050,11.6,1,False,True,weekly_stats_name_position_team,,crosswalk_fields_disagree,Warning,crosswalk_fields_disagree
2024,17,HenrHu00,Hunter Henry,TE,NE,00-0033090,0.0,1,False,True,weekly_stats_name_position_team,,crosswalk_fields_disagree,Warning,crosswalk_fields_disagree
2024,17,PalmJo01,Joshua Palmer,WR,BUF,00-0036988,8.1,1,False,False,master_name_position,,master_name_conflict,Info,master_name_conflict
2024,17,FarrLu00,Luke Farrell,TE,SF,00-0036887,0.0,0,True,False,master_name_position,,no_actual_weekly_record;actual_score_created_from_missing_record,Info,
2024,17,SlayDa00,Darius Slayton,WR,NYG,00-0035535,10.2,1,False,False,weekly_stats_name_position_team,,crosswalk_fields_disagree,Info,crosswalk_fields_disagree
2024,17,AtweTu00,Tutu Atwell,WR,LA,00-0036849,0.0,0,True,False,weekly_roster_name_position_team,,crosswalk_fields_disagree;no_actual_weekly_record;actual_score_created_from_missing_record,Info,crosswalk_fields_disagree
2024,17,McClRa00,Ray-Ray McCloud III,WR,CHI,00-0034407,3.7,1,False,False,master_name_position,,crosswalk_fields_disagree,Info,crosswalk_fields_disagree
2024,17,SandJa00,Ja'Tavion Sanders,TE,CAR,00-0039356,1.5,1,False,False,weekly_stats_name_position_team,,crosswalk_fields_disagree,Info,crosswalk_fields_disagree
2024,17,KelcTr00,Travis Kelce,TE,KC,00-0030506,22.4,1,False,True,weekly_stats_name_position_team,,crosswalk_fields_disagree,Warning,crosswalk_fields_disagree
2024,17,BrowPh00,Pharaoh Brown,TE,IND,00-0033439,-0.6,1,False,False,master_name_position,,crosswalk_fields_disagree,Info,crosswalk_fields_disagree
2024,17,BoutKa00,Kayshon Boutte,WR,HOU,00-0038608,6.8,1,False,False,master_name_position,,crosswalk_fields_disagree,Info,crosswalk_fields_disagree
2024,17,HollMa00,Mack Hollins,WR,NE,00-0033555,5.3,1,False,False,master_name_position,,crosswalk_fields_disagree,Info,crosswalk_fields_disagree
2024,17,KrafTu00,Tucker Kraft,TE,GB,00-0038996,7.3,1,False,True,weekly_stats_name_position_team,,crosswalk_fields_disagree,Warning,crosswalk_fields_disagree
2024,17,BrooCh01,Chris Brooks,RB,GB,00-0038685,0.0,0,True,False,weekly_roster_name_position_team,,no_actual_weekly_record;actual_score_created_from_missing_record,Info,
2024,17,ParkCo00,Colby Parkinson,TE,LA,00-0036244,0.0,1,False,False,weekly_stats_name_position_team,,crosswalk_fields_disagree,Info,crosswalk_fields_disagree
2024,17,DuliAs00,Ashton Dulin,WR,IND,00-0035021,0.0,0,True,False,weekly_roster_name_position_team,,no_actual_weekly_record;actual_score_created_from_missing_record,Info,
2024,17,BurtMi00,Michael Burton,RB,CLE,00-0031595,0.0,0,True,False,pfr_crosswalk_verified,,no_actual_weekly_record;actual_score_created_from_missing_record,Info,gsis_id_not_in_master
2024,17,AlleDa01,Davis Allen,TE,LA,00-0039074,0.0,1,False,False,weekly_stats_name_position_team,,crosswalk_fields_disagree,Info,crosswalk_fields_disagree
2024,17,SimsBe00,Ben Sims,TE,MIA,00-0038809,0.0,0,True,False,master_name_position,,no_actual_weekly_record;actual_score_created_from_missing_record,Info,
2024,17,HyatJa00,Jalin Hyatt,WR,NYG,00-0038938,0.0,0,True,False,weekly_roster_name_position_team,,no_actual_weekly_record;actual_score_created_from_missing_record,Info,
2024,17,MoorDa01,David Moore,WR,CAR,00-0033589,2.7,1,False,False,weekly_stats_name_position_team,,crosswalk_fields_disagree,Info,crosswalk_fields_disagree
2024,17,MillSc01,Scotty Miller,WR,CHI,00-0035298,0.0,1,False,False,pfr_crosswalk_verified,,master_name_conflict,Info,master_name_conflict
2024,17,KiefKo00,Ko Kieft,TE,TB,00-0037311,0.0,0,True,False,weekly_roster_name_position_team,,crosswalk_fields_disagree;no_actual_weekly_record;actual_score_created_from_missing_record,Info,crosswalk_fields_disagree
2024,17,HumpLi00,Lil'Jordan Humphrey,WR,DEN,00-0035406,0.0,0,True,False,weekly_roster_name_position_team,,no_actual_weekly_record;actual_score_created_from_missing_record,Info,
2024,17,OlivJo00,Josh Oliver,TE,MIN,00-0035249,0.0,0,True,False,weekly_roster_name_position_team,,no_actual_weekly_record;actual_score_created_from_missing_record,Info,
2024,17,SherTr00,Trent Sherfield,WR,BUF,00-0034487,0.0,0,True,False,master_name_position,,no_actual_weekly_record;actual_score_created_from_missing_record,Info,
2024,17,RemiNi00,Nikko Remigio,WR,KC,00-0038519,0.0,1,False,False,weekly_stats_name_position_team,,crosswalk_fields_disagree,Info,crosswalk_fields_disagree
2024,17,BoboJa00,Jake Bobo,WR,SEA,00-0038752,0.0,0,True,False,weekly_roster_name_position_team,,no_actual_weekly_record;actual_score_created_from_missing_record,Info,
2024,17,SinnBe00,Ben Sinnott,TE,WAS,00-0039912,0.0,0,True,False,weekly_roster_name_position_team,,no_actual_weekly_record;actual_score_created_from_missing_record,Info,
2024,17,BarnAJ00,AJ Barner,TE,SEA,00-0039793,0.0,0,True,False,weekly_roster_name_position_team,,no_actual_weekly_record;actual_score_created_from_missing_record,Info,
2024,17,JohnQu01,Quentin Johnston,WR,LAC,00-0038544,9.8,1,False,False,weekly_stats_name_position_team,,crosswalk_fields_disagree,Info,crosswalk_fields_disagree
2024,17,SmarSt00,Stone Smartt,TE,NO,00-0037475,4.3,1,False,False,master_name_position,,crosswalk_fields_disagree,Info,crosswalk_fields_disagree
2024,17,MeltBo00,Bo Melton,WR,GB,00-0037091,4.8,1,False,False,weekly_stats_name_position_team,,crosswalk_fields_disagree,Info,crosswalk_fields_disagree
2024,17,ReimTi00,Tip Reiman,TE,ARI,00-0039737,0.0,0,True,False,weekly_roster_name_position_team,,no_actual_weekly_record;actual_score_created_from_missing_record,Info,
2024,17,OgleAn00,Drew Ogletree,TE,IND,00-0037292,0.0,0,True,False,pfr_crosswalk_verified,,master_name_conflict;no_actual_weekly_record;actual_score_created_from_missing_record,Info,master_name_conflict
2024,17,HodgKh00,KhaDarel Hodge,WR,SF,00-0034854,1.9,1,False,False,master_name_position,,crosswalk_fields_disagree,Info,crosswalk_fields_disagree
2024,17,CorlMa00,Malachi Corley,WR,CLE,00-0039920,0.0,0,True,False,master_name_position,,no_actual_weekly_record;actual_score_created_from_missing_record,Info,
2024,17,FantNo00,Noah Fant,TE,NO,00-0035644,8.3,1,False,True,master_name_position,,crosswalk_fields_disagree,Warning,crosswalk_fields_disagree
2024,17,JoneVe00,Velus Jones Jr,RB,SEA,00-0037745,0.0,1,False,False,manual_override,Top-player gate override because the historical FBG row labels Velus Jones Jr as RB with stale teams while the weekly records identify GSIS 00-0037745 and the master position is WR,crosswalk_fields_disagree;master_position_conflict,Info,crosswalk_fields_disagree;manual_override_applied;master_position_conflict
2024,17,DulcGr00,Greg Dulcich,TE,MIA,00-0037252,0.0,0,True,False,master_name_position,,no_actual_weekly_record;actual_score_created_from_missing_record,Info,
2024,17,HeywCo00,Connor Heyward,TE,LV,00-0037304,0.0,0,True,False,manual_override,Top-player gate override because the historical FBG row uses a stale LV team while the weekly roster identifies Connor Heyward as TE 00-0037304 for PIT,no_actual_weekly_record;actual_score_created_from_missing_record,Info,manual_override_applied;gsis_id_not_in_master
2024,17,FranFe00,Feleipe Franks,TE,CAR,00-0036825,0.0,0,True,False,weekly_roster_name_position_team,,no_actual_weekly_record;actual_score_created_from_missing_record,Info,
2024,17,McMiJa00,Jalen McMillan,WR,TB,00-0039855,23.0,1,False,True,weekly_stats_name_position_team,,crosswalk_fields_disagree,Warning,crosswalk_fields_disagree
2024,17,DaviDe01,Derius Davis,WR,LAC,00-0038573,10.6,1,False,False,weekly_stats_name_position_team,,crosswalk_fields_disagree,Info,crosswalk_fields_disagree
2024,17,VannNi00,Nick Vannett,TE,BAL,00-0032394,7.8,1,False,False,master_name_position,,crosswalk_fields_disagree;master_team_context_differs,Info,crosswalk_fields_disagree;master_team_context_differs
2024,17,LongHu00,Hunter Long,TE,ARI,00-0037004,0.0,1,False,False,master_name_position,,crosswalk_fields_disagree,Info,crosswalk_fields_disagree
2024,17,ShorJu00,Justin Shorter,WR,LV,00-0038590,0.0,0,True,False,pfr_crosswalk_verified,,master_position_conflict;no_actual_weekly_record;actual_score_created_from_missing_record,Info,master_position_conflict
2024,17,HaskHa00,Hassan Haskins,RB,NE,00-0037617,5.0,1,False,False,master_name_position,,crosswalk_fields_disagree,Info,crosswalk_fields_disagree
2024,17,EstiAu00,Audric EstimC),RB,NO,00-0039373,4.7,1,False,True,master_name_position,,crosswalk_fields_disagree,Warning,crosswalk_fields_disagree
2024,17,TuckSe00,Sean Tucker,RB,TB,00-0038951,5.4,1,False,False,weekly_stats_name_position_team,,crosswalk_fields_disagree,Info,crosswalk_fields_disagree
2024,17,WiliIs00,Isaiah Williams,WR,NYJ,,,0,False,False,unmatched,,no_unique_gsis_id;no_actual_weekly_record;actual_score_created_from_missing_record,Info,
2024,17,GranCa00,Cam Grandy,TE,MIN,00-0039631,1.7,1,False,False,master_name_position,,crosswalk_fields_disagree,Info,crosswalk_fields_disagree
2024,17,ZappBa00,Bailey Zappe,QB,NYJ,00-0038108,0.0,0,True,False,master_name_position,,no_actual_weekly_record;actual_score_created_from_missing_record,Info,
2024,17,BrowDy00,Dyami Brown,WR,WAS,00-0036626,0.0,0,True,False,weekly_roster_name_position_team,,no_actual_weekly_record;actual_score_created_from_missing_record,Info,
2024,17,BensTr01,Trey Benson,RB,ARI,00-0039921,0.0,0,True,False,weekly_roster_name_position_team,,no_actual_weekly_record;actual_score_created_from_missing_record,Info,
2024,17,BeckAn00,Andrew Beck,RB,NYJ,00-0034959,0.0,0,True,False,manual_override,FBG position and team differ from the weekly roster record,no_actual_weekly_record;actual_score_created_from_missing_record,Info,manual_override_applied;gsis_id_not_in_master
2024,17,JennTe00,Terrell Jennings,RB,NE,00-0039757,0.0,0,True,False,weekly_roster_name_position_team,,crosswalk_fields_disagree;no_actual_weekly_record;actual_score_created_from_missing_record,Info,crosswalk_fields_disagree
2024,17,DeviTo00,Tommy DeVito,QB,NE,00-0038476,0.0,0,True,False,master_name_position,,no_actual_weekly_record;actual_score_created_from_missing_record,Info,
2024,17,BeckOd01,Odell Beckham Jr,WR,NYG,00-0031235,0.0,0,True,False,master_name_position,,no_actual_weekly_record;actual_score_created_from_missing_record,Info,
2024,17,WatsCh00,Christian Watson,WR,GB,00-0038124,0.0,0,True,False,weekly_roster_name_position_team,,crosswalk_fields_disagree;no_actual_weekly_record;actual_score_created_from_missing_record,Info,crosswalk_fields_disagree
2025,1,McClRa00,Ray-Ray McCloud III,WR,CHI,00-0034407,8.1,1,False,False,master_name_position,,crosswalk_fields_disagree,Info,crosswalk_fields_disagree
2025,1,HodgKh00,KhaDarel Hodge,WR,SF,00-0034854,0.0,1,False,False,master_name_position,,crosswalk_fields_disagree,Info,crosswalk_fields_disagree
2025,1,WashCa01,Casey Washington,WR,CAR,00-0039394,6.3,1,False,False,master_name_position,,crosswalk_fields_disagree,Info,crosswalk_fields_disagree
2025,1,AlleJo01,Josh Allen,QB,BUF,00-0034857,38.76,1,False,True,weekly_stats_name_position_team,,crosswalk_fields_disagree,Warning,crosswalk_fields_disagree
2025,1,JohnTy00,Ty Johnson,RB,BUF,00-0035537,2.4,1,False,False,weekly_stats_name_position_team,,crosswalk_fields_disagree,Info,crosswalk_fields_disagree
2025,1,PalmJo01,Joshua Palmer,WR,BUF,00-0036988,11.1,1,False,False,master_name_position,,master_name_conflict,Info,master_name_conflict
2025,1,SandJa00,Ja'Tavion Sanders,TE,CAR,00-0039356,4.7,1,False,True,weekly_stats_name_position_team,,crosswalk_fields_disagree,Warning,crosswalk_fields_disagree
2025,1,MoorDa01,David Moore,WR,CAR,00-0033589,0.0,1,False,False,weekly_stats_name_position_team,,crosswalk_fields_disagree,Info,crosswalk_fields_disagree
2025,1,FantNo00,Noah Fant,TE,NO,00-0035644,12.6,1,False,False,master_name_position,,crosswalk_fields_disagree,Info,crosswalk_fields_disagree
2025,1,IosiAn00,Andrei Iosivas,WR,CIN,00-0038619,0.0,0,True,False,weekly_roster_name_position_team,,no_actual_weekly_record;actual_score_created_from_missing_record,Info,
2025,1,HarrMa05,Marvin Harrison Jr.,WR,ARI,00-0039849,18.1,1,False,True,weekly_stats_name_position_team,,crosswalk_fields_disagree,Warning,crosswalk_fields_disagree
2025,1,LuepHu01,Hunter Luepke,RB,DAL,00-0038738,0.0,0,True,False,weekly_roster_name_position_team,,no_actual_weekly_record;actual_score_created_from_missing_record,Info,
2025,1,McLaJa00,Jaleel McLaughlin,RB,CLE,00-0038794,0.0,0,True,False,master_name_position,,crosswalk_fields_disagree;no_actual_weekly_record;actual_score_created_from_missing_record,Info,crosswalk_fields_disagree
2025,1,BryaPa00,Pat Bryant,WR,DEN,00-0040134,0.0,0,True,False,weekly_roster_name_position_team,,no_actual_weekly_record;actual_score_created_from_missing_record,Info,
2025,1,GibbJa00,Jahmyr Gibbs,RB,DET,00-0039139,15.0,1,False,True,weekly_stats_name_position_team,,crosswalk_fields_disagree,Warning,crosswalk_fields_disagree
2025,1,WillJa09,Jameson Williams,WR,DET,00-0037240,6.6,1,False,True,weekly_stats_name_position_team,,crosswalk_fields_disagree,Warning,crosswalk_fields_disagree
2025,1,KrafTu00,Tucker Kraft,TE,GB,00-0038996,9.9,1,False,True,weekly_stats_name_position_team,,crosswalk_fields_disagree,Warning,crosswalk_fields_disagree
2025,1,MusgLu00,Luke Musgrave,TE,GB,00-0039144,1.4,1,False,False,weekly_stats_name_position_team,,crosswalk_fields_disagree,Info,crosswalk_fields_disagree
2025,1,GoldMa00,Matthew Golden,WR,GB,00-0040667,3.6,1,False,True,weekly_stats_name_position_team,,crosswalk_fields_disagree,Warning,crosswalk_fields_disagree
2025,1,DoubRo00,Romeo Doubs,WR,NE,00-0037816,8.8,1,False,False,master_name_position,,crosswalk_fields_disagree,Info,crosswalk_fields_disagree
2025,1,OgunDa00,Dare Ogunbowale,RB,LV,00-0033854,2.6,1,False,False,master_name_position,,crosswalk_fields_disagree,Info,crosswalk_fields_disagree
2025,1,EtieTr00,Travis Etienne Jr.,RB,NO,00-0036973,18.6,1,False,True,master_name_position,,crosswalk_fields_disagree,Warning,crosswalk_fields_disagree
2025,1,ThomBr01,Brian Thomas Jr.,WR,JAX,00-0039893,9.0,1,False,True,weekly_stats_name_position_team,,crosswalk_fields_disagree,Warning,crosswalk_fields_disagree
2025,1,HuntTr00,Travis Hunter,WR,JAX,00-0040718,0.0,0,True,False,weekly_roster_name_position_team,,no_actual_weekly_record;actual_score_created_from_missing_record,Info,gsis_id_not_in_master
2025,1,MahoPa00,Patrick Mahomes II,QB,KC,00-0033873,26.02,1,False,True,weekly_stats_name_position_team,,crosswalk_fields_disagree,Warning,crosswalk_fields_disagree
2025,1,KelcTr00,Travis Kelce,TE,KC,00-0030506,12.7,1,False,True,weekly_stats_name_position_team,,crosswalk_fields_disagree,Warning,crosswalk_fields_disagree
2025,1,GrayNo00,Noah Gray,TE,KC,00-0036637,1.3,1,False,False,weekly_stats_name_position_team,,crosswalk_fields_disagree,Info,crosswalk_fields_disagree
2025,1,WortXa00,Xavier Worthy,WR,KC,00-0039894,0.0,1,False,True,weekly_stats_name_position_team,,crosswalk_fields_disagree,Warning,crosswalk_fields_disagree
2025,1,BrowMa05,Hollywood Brown,WR,PHI,00-0035662,19.9,1,False,False,manual_override,FBG uses Hollywood Brown and a stale PHI team in the historical export,master_name_conflict,Info,manual_override_applied;master_name_conflict
2025,1,IngoAl00,Alec Ingold,RB,LAC,00-0035125,0.0,0,True,False,manual_override,Top-player gate override because the historical FBG row uses a stale LAC team while the weekly roster identifies Alec Ingold as RB 00-0035125 for MIA,no_actual_weekly_record;actual_score_created_from_missing_record,Info,manual_override_applied;gsis_id_not_in_master
2025,1,HillJu01,Julian Hill,TE,NE,00-0038720,2.0,1,False,False,master_name_position,,crosswalk_fields_disagree,Info,crosswalk_fields_disagree
2025,1,RattSp00,Spencer Rattler,QB,NO,00-0039376,11.46,1,False,True,weekly_stats_name_position_team,,crosswalk_fields_disagree,Warning,crosswalk_fields_disagree
2025,1,KamaAl00,Alvin Kamara,RB,NO,00-0033906,13.7,1,False,True,weekly_stats_name_position_team,,crosswalk_fields_disagree,Warning,crosswalk_fields_disagree
2025,1,OlavCh00,Chris Olave,WR,NO,00-0037239,12.4,1,False,True,weekly_stats_name_position_team,,crosswalk_fields_disagree,Warning,crosswalk_fields_disagree
2025,1,MayeDr00,Drake Maye,QB,NE,00-0039851,15.78,1,False,True,weekly_stats_name_position_team,,crosswalk_fields_disagree,Warning,crosswalk_fields_disagree
2025,1,HendTr00,TreVeyon Henderson,RB,NE,00-0040734,11.1,1,False,True,weekly_stats_name_position_team,,crosswalk_fields_disagree,Warning,crosswalk_fields_disagree
2025,1,StevRh00,Rhamondre Stevenson,RB,NE,00-0036875,4.7,1,False,True,weekly_stats_name_position_team,,crosswalk_fields_disagree,Warning,crosswalk_fields_disagree
2025,1,HenrHu00,Hunter Henry,TE,NE,00-0033090,10.6,1,False,True,weekly_stats_name_position_team,,crosswalk_fields_disagree,Warning,crosswalk_fields_disagree
2025,1,DiggSt00,Stefon Diggs,WR,WAS,00-0031588,11.7,1,False,True,master_name_position,,crosswalk_fields_disagree,Warning,crosswalk_fields_disagree
2025,1,DougDe00,DeMario Douglas,WR,NE,00-0038621,8.2,1,False,False,weekly_stats_name_position_team,,crosswalk_fields_disagree,Info,crosswalk_fields_disagree
2025,1,BoutKa00,Kayshon Boutte,WR,HOU,00-0038608,16.3,1,False,False,master_name_position,,crosswalk_fields_disagree,Info,crosswalk_fields_disagree
2025,1,WillKy01,Kyle Williams,WR,NE,00-0040131,2.2,1,False,False,weekly_stats_name_position_team,,crosswalk_fields_disagree,Info,crosswalk_fields_disagree
2025,1,SlayDa00,Darius Slayton,WR,NYG,00-0035535,0.0,1,False,False,weekly_stats_name_position_team,,crosswalk_fields_disagree,Info,crosswalk_fields_disagree
2025,1,FielJu00,Justin Fields,QB,KC,00-0036945,29.52,1,False,True,master_name_position,,crosswalk_fields_disagree,Warning,crosswalk_fields_disagree
2025,1,AlleBr01,Braelon Allen,RB,NYJ,00-0039794,6.9,1,False,False,weekly_stats_name_position_team,,crosswalk_fields_disagree,Info,crosswalk_fields_disagree
2025,1,TaylMa01,Mason Taylor,TE,NYJ,00-0040736,3.0,1,False,True,weekly_stats_name_position_team,,crosswalk_fields_disagree,Warning,crosswalk_fields_disagree
2025,1,OkonCh00,Chig Okonkwo,TE,WAS,00-0037809,4.9,1,False,True,master_name_position,,crosswalk_fields_disagree,Warning,crosswalk_fields_disagree
2025,1,BrowAJ00,A.J. Brown,WR,NE,00-0035676,1.8,1,False,True,master_name_position,,crosswalk_fields_disagree,Warning,crosswalk_fields_disagree
2025,1,SmitDe04,DeVonta Smith,WR,PHI,00-0036912,4.6,1,False,True,weekly_stats_name_position_team,,crosswalk_fields_disagree,Warning,crosswalk_fields_disagree
2025,1,JohnKa01,Kaleb Johnson,RB,GB,00-0040142,-0.2,1,False,False,manual_override,FBG uses JohnKa01 for Kaleb Johnson while the sibling crosswalk uses a different FBG ID,crosswalk_fields_disagree,Info,crosswalk_fields_disagree;manual_override_applied
2025,1,GainKe00,Kenny Gainwell,RB,TB,00-0036919,5.3,1,False,False,master_name_position,,crosswalk_fields_disagree,Info,crosswalk_fields_disagree
2025,1,WashDa02,Darnell Washington,TE,PIT,00-0038558,0.0,0,True,False,weekly_roster_name_position_team,,no_actual_weekly_record;actual_score_created_from_missing_record,Info,
2025,1,WilsRo02,Roman Wilson,WR,PIT,00-0039739,0.0,0,True,False,weekly_roster_name_position_team,,no_actual_weekly_record;actual_score_created_from_missing_record,Info,
2025,1,AtweTu00,Tutu Atwell,WR,LA,00-0036849,1.4,1,False,False,weekly_stats_name_position_team,,crosswalk_fields_disagree,Info,crosswalk_fields_disagree
2025,1,MitcKe01,Keaton Mitchell,RB,LAC,00-0038454,0.0,0,True,False,master_name_position,,no_actual_weekly_record;actual_score_created_from_missing_record,Info,
2025,1,HarrNa00,Najee Harris,RB,NYG,00-0036893,2.0,1,False,True,master_name_position,,crosswalk_fields_disagree,Warning,crosswalk_fields_disagree
2025,1,GadsOr01,Oronde Gadsden,TE,LAC,00-0040189,0.0,0,True,False,weekly_roster_name_position_team,,no_actual_weekly_record;actual_score_created_from_missing_record,Info,
2025,1,AlleKe00,Keenan Allen,WR,IND,00-0030279,19.8,1,False,False,master_name_position,,crosswalk_fields_disagree,Info,crosswalk_fields_disagree
2025,1,JohnQu01,Quentin Johnston,WR,LAC,00-0038544,24.9,1,False,False,weekly_stats_name_position_team,,crosswalk_fields_disagree,Info,crosswalk_fields_disagree
2025,1,LambKe00,Keandre Lambert-Smith,WR,LAC,00-0040184,0.0,1,False,False,weekly_stats_name_position_team,,crosswalk_fields_disagree,Info,crosswalk_fields_disagree
2025,1,WalkKe01,Ken Walker III,RB,KC,00-0038134,5.4,1,False,True,manual_override,FBG uses Ken Walker and a stale KC team in the historical export,master_name_conflict,Warning,manual_override_applied;master_name_conflict
2025,1,SmitJa02,Jaxon Smith-Njigba,WR,SEA,00-0038543,19.4,1,False,True,weekly_stats_name_position_team,,crosswalk_fields_disagree,Warning,crosswalk_fields_disagree
2025,1,McCaCh00,Christian McCaffrey,RB,SF,00-0033280,23.2,1,False,True,weekly_stats_name_position_team,,crosswalk_fields_disagree,Warning,crosswalk_fields_disagree
2025,1,JuszKy00,Kyle Juszczyk,RB,SF,00-0029892,0.0,0,True,False,weekly_roster_name_position_team,,no_actual_weekly_record;actual_score_created_from_missing_record,Info,gsis_id_not_in_master
2025,1,MayfBa00,Baker Mayfield,QB,TB,00-0034855,22.58,1,False,True,weekly_stats_name_position_team,,crosswalk_fields_disagree,Warning,crosswalk_fields_disagree
2025,1,IrviBu00,Bucky Irving,RB,TB,00-0039361,14.5,1,False,True,weekly_stats_name_position_team,,crosswalk_fields_disagree,Warning,crosswalk_fields_disagree
2025,1,TuckSe00,Sean Tucker,RB,TB,00-0038951,0.2,1,False,False,weekly_stats_name_position_team,,crosswalk_fields_disagree,Info,crosswalk_fields_disagree
2025,1,OttoCa00,Cade Otton,TE,TB,00-0038129,0.0,1,False,True,weekly_stats_name_position_team,,crosswalk_fields_disagree,Warning,crosswalk_fields_disagree
2025,1,EgbuEm00,Emeka Egbuka,WR,TB,00-0040129,23.6,1,False,True,weekly_stats_name_position_team,,crosswalk_fields_disagree,Warning,crosswalk_fields_disagree
2025,1,JohnTe01,Tez Johnson,WR,TB,00-0040237,0.0,1,False,False,weekly_stats_name_position_team,,crosswalk_fields_disagree,Info,crosswalk_fields_disagree
2025,1,SamuDe00,Deebo Samuel Sr.,WR,SF,00-0035719,22.6,1,False,True,master_name_position,,crosswalk_fields_disagree,Warning,crosswalk_fields_disagree
2025,1,DemeEm00,Emari Demercado,RB,DAL,00-0038705,0.0,1,False,False,master_name_position,,crosswalk_fields_disagree,Info,crosswalk_fields_disagree
2025,1,WoerCh00,Charlie Woerner,TE,ATL,00-0036429,0.0,0,True,False,weekly_roster_name_position_team,,no_actual_weekly_record;actual_score_created_from_missing_record,Info,
2025,1,RicaPa00,Patrick Ricard,RB,NYG,00-0033376,0.0,0,True,False,master_name_position,,no_actual_weekly_record;actual_score_created_from_missing_record,Info,
2025,1,WalkDe01,Devontez Walker,WR,BAL,00-0039792,0.0,0,True,False,weekly_roster_name_position_team,,no_actual_weekly_record;actual_score_created_from_missing_record,Info,
2025,1,ShavTy00,Tyrell Shavers,WR,BUF,00-0038679,0.0,0,True,False,weekly_roster_name_position_team,,no_actual_weekly_record;actual_score_created_from_missing_record,Info,
2025,1,EvanMi01,Mitchell Evans,TE,CAR,00-0040187,0.0,0,True,False,weekly_roster_name_position_team,,no_actual_weekly_record;actual_score_created_from_missing_record,Info,
2025,1,HornJi00,Jimmy Horn Jr.,WR,CAR,00-0040218,0.0,0,True,False,weekly_roster_name_position_team,,no_actual_weekly_record;actual_score_created_from_missing_record,Info,
2025,1,JohnRo07,Roschon Johnson,RB,CHI,00-0039021,0.0,0,True,False,weekly_roster_name_position_team,,no_actual_weekly_record;actual_score_created_from_missing_record,Info,
2025,1,SmytDu00,Durham Smythe,TE,BAL,00-0034798,0.0,0,True,False,master_name_position,,no_actual_weekly_record;actual_score_created_from_missing_record,Info,
2025,1,TinsMi00,Mitch Tinsley,WR,HOU,00-0038839,0.0,0,True,False,master_name_position,,crosswalk_fields_disagree;master_name_conflict;no_actual_weekly_record;actual_score_created_from_missing_record,Info,crosswalk_fields_disagree;master_name_conflict
2025,1,JoneCh00,Charlie Jones,WR,NYG,,,0,False,False,unmatched,,no_unique_gsis_id;no_actual_weekly_record;actual_score_created_from_missing_record,Info,
2025,1,WhitBl01,Blake Whiteheart,TE,CLE,00-0038710,0.0,0,True,False,weekly_roster_name_position_team,,no_actual_weekly_record;actual_score_created_from_missing_record,Info,
2025,1,BlueJa01,Jaydon Blue,RB,PHI,00-0040586,0.0,0,True,False,master_name_position,,crosswalk_fields_disagree;no_actual_weekly_record;actual_score_created_from_missing_record,Info,crosswalk_fields_disagree
2025,1,ReynCr00,Craig Reynolds,RB,WAS,00-0035567,0.0,1,False,False,master_name_position,,crosswalk_fields_disagree,Info,crosswalk_fields_disagree
2025,1,WrigBr00,Brock Wright,TE,DET,00-0036754,0.0,0,True,False,weekly_roster_name_position_team,,crosswalk_fields_disagree;no_actual_weekly_record;actual_score_created_from_missing_record,Info,crosswalk_fields_disagree
2025,1,LoveDo00,Dominic Lovett,WR,DET,00-0040241,0.0,0,True,False,weekly_roster_name_position_team,,no_actual_weekly_record;actual_score_created_from_missing_record,Info,
2025,1,WillSa00,Savion Williams,WR,GB,00-0040009,1.1,1,False,False,weekly_stats_name_position_team,,crosswalk_fields_disagree,Info,crosswalk_fields_disagree
2025,1,OgleAn00,Drew Ogletree,TE,IND,00-0037292,0.0,1,False,False,pfr_crosswalk_verified,,master_name_conflict,Info,master_name_conflict
2025,1,LongHu00,Hunter Long,TE,ARI,00-0037004,7.6,1,False,False,master_name_position,,crosswalk_fields_disagree,Info,crosswalk_fields_disagree
2025,1,PatrTi00,Tim Patrick,WR,NYJ,00-0033375,0.0,0,True,False,master_name_position,,no_actual_weekly_record;actual_score_created_from_missing_record,Info,
2025,1,WileJa00,Jared Wiley,TE,KC,00-0039824,0.0,0,True,False,weekly_roster_name_position_team,,crosswalk_fields_disagree;no_actual_weekly_record;actual_score_created_from_missing_record,Info,crosswalk_fields_disagree
2025,1,ThorTy00,Tyquan Thornton,WR,KC,00-0038104,6.1,1,False,False,weekly_stats_name_position_team,,crosswalk_fields_disagree,Info,crosswalk_fields_disagree
2025,1,HaskHa00,Hassan Haskins,RB,NE,00-0037617,0.0,1,False,False,master_name_position,,crosswalk_fields_disagree,Info,crosswalk_fields_disagree
2025,1,DaviDe01,Derius Davis,WR,LAC,00-0038573,0.3,1,False,False,weekly_stats_name_position_team,,crosswalk_fields_disagree,Info,crosswalk_fields_disagree
2025,1,FergTe00,Terrance Ferguson,TE,LA,00-0040737,0.0,0,True,False,weekly_roster_name_position_team,,no_actual_weekly_record;actual_score_created_from_missing_record,Info,
2025,1,ParkCo00,Colby Parkinson,TE,LA,00-0036244,-0.6,1,False,False,weekly_stats_name_position_team,,crosswalk_fields_disagree,Info,crosswalk_fields_disagree
2025,1,AlleDa01,Davis Allen,TE,LA,00-0039074,8.3,1,False,False,weekly_stats_name_position_team,,crosswalk_fields_disagree,Info,crosswalk_fields_disagree
2025,1,YuroBe00,Ben Yurosek,TE,MIN,00-0040509,0.0,0,True,False,weekly_roster_name_position_team,,no_actual_weekly_record;actual_score_created_from_missing_record,Info,
2025,1,WestJa00,Jack Westover,TE,WAS,00-0039305,0.0,0,True,False,master_name_position,,no_actual_weekly_record;actual_score_created_from_missing_record,Info,
2025,1,HollMa00,Mack Hollins,WR,NE,00-0033555,1.3,1,False,False,weekly_stats_name_position_team,,crosswalk_fields_disagree,Info,crosswalk_fields_disagree
2025,1,NealDe00,Devin Neal,RB,NO,00-0040202,0.9,1,False,False,weekly_stats_name_position_team,,crosswalk_fields_disagree,Info,crosswalk_fields_disagree
2025,1,MataMo00,Moliki Matavao,TE,NO,00-0040244,0.0,0,True,False,weekly_roster_name_position_team,,crosswalk_fields_disagree;no_actual_weekly_record;actual_score_created_from_missing_record,Info,crosswalk_fields_disagree
2025,1,VeleDe00,Devaughn Vele,WR,NO,00-0039424,2.3,1,False,False,weekly_stats_name_position_team,,crosswalk_fields_disagree,Info,crosswalk_fields_disagree
2025,1,TiptMa00,Mason Tipton,WR,NO,00-0039623,0.0,0,True,False,weekly_roster_name_position_team,,crosswalk_fields_disagree;no_actual_weekly_record;actual_score_created_from_missing_record,Info,crosswalk_fields_disagree
2025,1,JoneVe00,Velus Jones Jr,RB,SEA,00-0037745,0.0,1,False,False,manual_override,Top-player gate override because the historical FBG row labels Velus Jones Jr as RB with stale teams while the weekly records identify GSIS 00-0037745 and the master position is WR,crosswalk_fields_disagree;master_position_conflict,Info,crosswalk_fields_disagree;manual_override_applied;master_position_conflict
2025,1,HyatJa00,Jalin Hyatt,WR,NYG,00-0038938,0.0,0,True,False,weekly_roster_name_position_team,,no_actual_weekly_record;actual_score_created_from_missing_record,Info,
2025,1,SmarSt00,Stone Smartt,TE,NO,00-0037475,0.0,0,True,False,master_name_position,,crosswalk_fields_disagree;no_actual_weekly_record;actual_score_created_from_missing_record,Info,crosswalk_fields_disagree
2025,1,PritJa00,Jamaal Pritchett,WR,NYJ,00-0040405,0.0,0,True,False,weekly_roster_name_position_team,,no_actual_weekly_record;actual_score_created_from_missing_record,Info,
2025,1,CalcGr00,Grant Calcaterra,TE,PHI,00-0037086,0.0,0,True,False,weekly_roster_name_position_team,,no_actual_weekly_record;actual_score_created_from_missing_record,Info,
2025,1,MillSc01,Scotty Miller,WR,CHI,00-0035298,0.0,0,True,False,pfr_crosswalk_verified,,master_name_conflict;no_actual_weekly_record;actual_score_created_from_missing_record,Info,master_name_conflict
2025,1,YounDa02,Dareke Young,WR,LV,00-0037093,0.0,0,True,False,master_name_position,,no_actual_weekly_record;actual_score_created_from_missing_record,Info,
2025,1,WatkJo00,Jordan Watkins,WR,SF,00-0040172,0.0,0,True,False,weekly_roster_name_position_team,,no_actual_weekly_record;actual_score_created_from_missing_record,Info,
2025,1,MoorSk00,Skyy Moore,WR,GB,00-0038090,0.0,1,False,False,master_name_position,,crosswalk_fields_disagree,Info,crosswalk_fields_disagree
2025,1,DurhPa00,Payne Durham,TE,TB,00-0039050,0.0,1,False,False,weekly_stats_name_position_team,,crosswalk_fields_disagree,Info,crosswalk_fields_disagree
2025,1,SinnBe00,Ben Sinnott,TE,WAS,00-0039912,0.0,0,True,False,weekly_roster_name_position_team,,no_actual_weekly_record;actual_score_created_from_missing_record,Info,
2025,1,BateJo00,John Bates,TE,WAS,00-0036628,0.0,0,True,False,weekly_roster_name_position_team,,no_actual_weekly_record;actual_score_created_from_missing_record,Info,
2025,1,MullKa00,Kalel Mullings,RB,TEN,00-0040205,0.0,0,True,False,weekly_roster_name_position_team,,no_actual_weekly_record;actual_score_created_from_missing_record,Info,
2025,1,McCoSi00,Sincere McCormick,RB,SF,00-0037509,0.0,0,True,False,weekly_roster_name_position_team,,no_actual_weekly_record;actual_score_created_from_missing_record,Info,
2025,1,HuntJa02,Jarquez Hunter,RB,MIA,00-0040692,0.0,0,True,False,master_name_position,,crosswalk_fields_disagree;no_actual_weekly_record;actual_score_created_from_missing_record,Info,crosswalk_fields_disagree
2025,1,CartMi01,Michael Carter,RB,TEN,00-0036924,0.0,0,True,False,master_name_position,,no_actual_weekly_record;actual_score_created_from_missing_record,Info,
2025,1,HomeTr00,Travis Homer,RB,PIT,00-0035594,0.0,0,True,False,master_name_position,,no_actual_weekly_record;actual_score_created_from_missing_record,Info,
2025,1,SchrCo00,Cody Schrader,RB,DEN,00-0039703,0.0,0,True,False,master_name_position,,no_actual_weekly_record;actual_score_created_from_missing_record,Info,
2025,1,KolaCh00,Charlie Kolar,TE,LAC,00-0038046,0.0,0,True,False,master_name_position,,no_actual_weekly_record;actual_score_created_from_missing_record,Info,
2025,1,HudsTa00,Tanner Hudson,TE,CIN,00-0034613,0.0,0,True,False,weekly_roster_name_position_team,,no_actual_weekly_record;actual_score_created_from_missing_record,Info,
2025,1,DulcGr00,Greg Dulcich,TE,MIA,00-0037252,0.0,0,True,False,weekly_roster_name_position_team,,no_actual_weekly_record;actual_score_created_from_missing_record,Info,
2025,1,BrinJa00,Jake Briningstool,TE,KC,00-0040081,0.0,0,True,False,weekly_roster_name_position_team,,crosswalk_fields_disagree;no_actual_weekly_record;actual_score_created_from_missing_record,Info,crosswalk_fields_disagree
2025,1,QuitTe00,Teagan Quitoriano,TE,ARI,00-0037277,0.0,0,True,False,master_name_position,,no_actual_weekly_record;actual_score_created_from_missing_record,Info,
2025,1,LohnCa00,Caleb Lohner,TE,DEN,00-0040240,0.0,0,True,False,weekly_roster_name_position_team,,no_actual_weekly_record;actual_score_created_from_missing_record,Info,
2025,1,SimsBe00,Ben Sims,TE,MIA,00-0038809,0.0,0,True,False,master_name_position,,no_actual_weekly_record;actual_score_created_from_missing_record,Info,
2025,1,ManhCh00,Chris Manhertz,TE,NYG,00-0031484,0.0,0,True,False,weekly_roster_name_position_team,,no_actual_weekly_record;actual_score_created_from_missing_record,Info,
2025,1,ThomIa00,Ian Thomas,TE,LV,00-0034365,0.0,0,True,False,weekly_roster_name_position_team,,no_actual_weekly_record;actual_score_created_from_missing_record,Info,
2025,1,OuztRo00,Robbie Ouzts,RB,SEA,00-0040649,0.0,0,True,False,weekly_roster_name_position_team,,no_actual_weekly_record;actual_score_created_from_missing_record,Info,
2025,1,RemiNi00,Nikko Remigio,WR,KC,00-0038519,0.0,1,False,False,weekly_stats_name_position_team,,crosswalk_fields_disagree,Info,crosswalk_fields_disagree
2025,1,WiliIs00,Isaiah Williams,WR,NYJ,,,0,False,False,unmatched,,no_unique_gsis_id;no_actual_weekly_record;actual_score_created_from_missing_record,Info,
2025,1,MeltBo00,Bo Melton,WR,GB,00-0037091,0.0,1,False,False,weekly_stats_name_position_team,,crosswalk_fields_disagree,Info,crosswalk_fields_disagree
2025,1,WhitRi01,Ricky White III,WR,SEA,00-0040653,0.0,0,True,False,weekly_roster_name_position_team,,no_actual_weekly_record;actual_score_created_from_missing_record,Info,
2025,1,DaviKa00,Kaden Davis,WR,CHI,00-0037380,0.0,0,True,False,master_name_position,,no_actual_weekly_record;actual_score_created_from_missing_record,Info,
2025,1,ArmsAn01,Andrew Armstrong,WR,KC,00-0040298,0.0,0,True,False,master_name_position,,crosswalk_fields_disagree;no_actual_weekly_record;actual_score_created_from_missing_record,Info,crosswalk_fields_disagree
2025,1,WilsJo02,Johnny Wilson,WR,PHI,00-0039236,0.0,0,True,False,weekly_roster_name_position_team,,no_actual_weekly_record;actual_score_created_from_missing_record,Info,
2025,1,FlouRy00,Ryan Flournoy,WR,DAL,00-0039410,0.0,0,True,False,weekly_roster_name_position_team,,no_actual_weekly_record;actual_score_created_from_missing_record,Info,
2025,1,KennTo01,Tom Kennedy,WR,DET,00-0035544,0.0,0,True,False,weekly_roster_name_position_team,,no_actual_weekly_record;actual_score_created_from_missing_record,Info,
2025,1,TramAu00,Austin Trammell,WR,JAX,00-0036841,0.0,0,True,False,weekly_roster_name_position_team,,no_actual_weekly_record;actual_score_created_from_missing_record,Info,
2025,1,HumpLi00,Lil'Jordan Humphrey,WR,DEN,00-0035406,0.0,0,True,False,master_name_position,,no_actual_weekly_record;actual_score_created_from_missing_record,Info,
2025,1,SmitIh00,Ihmir Smith-Marsette,WR,ARI,00-0036635,0.0,0,True,False,master_name_position,,no_actual_weekly_record;actual_score_created_from_missing_record,Info,
2025,1,OlivBr01,Bryce Oliver,WR,CLE,00-0039650,1.8,1,False,False,master_name_position,,crosswalk_fields_disagree;master_team_context_differs,Info,crosswalk_fields_disagree;master_team_context_differs
2025,1,ReagJa00,Jalen Reagor,WR,MIA,00-0036387,0.0,0,True,False,master_name_position,,no_actual_weekly_record;actual_score_created_from_missing_record,Info,
2025,2,McClRa00,Ray-Ray McCloud III,WR,CHI,00-0034407,0.0,1,False,False,master_name_position,,crosswalk_fields_disagree,Info,crosswalk_fields_disagree
2025,2,AlleJo01,Josh Allen,QB,BUF,00-0034857,11.82,1,False,True,weekly_stats_name_position_team,,crosswalk_fields_disagree,Warning,crosswalk_fields_disagree
2025,2,JohnTy00,Ty Johnson,RB,BUF,00-0035537,0.6,1,False,False,weekly_stats_name_position_team,,crosswalk_fields_disagree,Info,crosswalk_fields_disagree
2025,2,PalmJo01,Joshua Palmer,WR,BUF,00-0036988,6.7,1,False,False,master_name_position,,master_name_conflict,Info,master_name_conflict
2025,2,SandJa00,Ja'Tavion Sanders,TE,CAR,00-0039356,12.4,1,False,True,weekly_stats_name_position_team,,crosswalk_fields_disagree,Warning,crosswalk_fields_disagree
2025,2,FantNo00,Noah Fant,TE,NO,00-0035644,5.8,1,False,True,master_name_position,,crosswalk_fields_disagree,Warning,crosswalk_fields_disagree
2025,2,HarrMa05,Marvin Harrison Jr.,WR,ARI,00-0039849,4.7,1,False,True,weekly_stats_name_position_team,,crosswalk_fields_disagree,Warning,crosswalk_fields_disagree
2025,2,GibbJa00,Jahmyr Gibbs,RB,DET,00-0039139,19.4,1,False,True,weekly_stats_name_position_team,,crosswalk_fields_disagree,Warning,crosswalk_fields_disagree
2025,2,WillJa09,Jameson Williams,WR,DET,00-0037240,18.8,1,False,True,weekly_stats_name_position_team,,crosswalk_fields_disagree,Warning,crosswalk_fields_disagree
2025,2,KrafTu00,Tucker Kraft,TE,GB,00-0038996,24.4,1,False,True,weekly_stats_name_position_team,,crosswalk_fields_disagree,Warning,crosswalk_fields_disagree
2025,2,MusgLu00,Luke Musgrave,TE,GB,00-0039144,5.2,1,False,False,weekly_stats_name_position_team,,crosswalk_fields_disagree,Info,crosswalk_fields_disagree
2025,2,GoldMa00,Matthew Golden,WR,GB,00-0040667,1.5,1,False,False,weekly_stats_name_position_team,,crosswalk_fields_disagree,Info,crosswalk_fields_disagree
2025,2,ReedJa01,Jayden Reed,WR,GB,00-0039146,0.0,0,True,False,weekly_roster_name_position_team,,no_actual_weekly_record;actual_score_created_from_missing_record,Info,
2025,2,DoubRo00,Romeo Doubs,WR,NE,00-0037816,11.8,1,False,False,master_name_position,,crosswalk_fields_disagree,Info,crosswalk_fields_disagree
2025,2,PierDa01,Dameon Pierce,RB,PHI,00-0037258,0.0,0,True,False,master_name_position,,no_actual_weekly_record;actual_score_created_from_missing_record,Info,
2025,2,OgunDa00,Dare Ogunbowale,RB,LV,00-0033854,0.0,1,False,False,master_name_position,,crosswalk_fields_disagree,Info,crosswalk_fields_disagree
2025,2,EtieTr00,Travis Etienne Jr.,RB,NO,00-0036973,16.9,1,False,True,master_name_position,,crosswalk_fields_disagree,Warning,crosswalk_fields_disagree
2025,2,ThomBr01,Brian Thomas Jr.,WR,JAX,00-0039893,8.9,1,False,True,weekly_stats_name_position_team,,crosswalk_fields_disagree,Warning,crosswalk_fields_disagree
2025,2,HuntTr00,Travis Hunter,WR,JAX,00-0040718,0.0,0,True,True,weekly_roster_name_position_team,,no_actual_weekly_record;actual_score_created_from_missing_record,Warning,gsis_id_not_in_master
2025,2,MahoPa00,Patrick Mahomes II,QB,KC,00-0033873,22.08,1,False,True,weekly_stats_name_position_team,,crosswalk_fields_disagree,Warning,crosswalk_fields_disagree
2025,2,KelcTr00,Travis Kelce,TE,KC,00-0030506,10.1,1,False,True,weekly_stats_name_position_team,,crosswalk_fields_disagree,Warning,crosswalk_fields_disagree
2025,2,GrayNo00,Noah Gray,TE,KC,00-0036637,1.1,1,False,False,weekly_stats_name_position_team,,crosswalk_fields_disagree,Info,crosswalk_fields_disagree
2025,2,BrowMa05,Hollywood Brown,WR,PHI,00-0035662,8.0,1,False,True,manual_override,FBG uses Hollywood Brown and a stale PHI team in the historical export,master_name_conflict,Warning,manual_override_applied;master_name_conflict
2025,2,ThorTy00,Tyquan Thornton,WR,KC,00-0038104,13.9,1,False,False,weekly_stats_name_position_team,,crosswalk_fields_disagree,Info,crosswalk_fields_disagree
2025,2,IngoAl00,Alec Ingold,RB,LAC,00-0035125,0.0,0,True,False,manual_override,Top-player gate override because the historical FBG row uses a stale LAC team while the weekly roster identifies Alec Ingold as RB 00-0035125 for MIA,no_actual_weekly_record;actual_score_created_from_missing_record,Info,manual_override_applied;gsis_id_not_in_master
2025,2,HillJu01,Julian Hill,TE,NE,00-0038720,0.0,0,True,False,master_name_position,,crosswalk_fields_disagree;no_actual_weekly_record;actual_score_created_from_missing_record,Info,crosswalk_fields_disagree
2025,2,OlivJo00,Josh Oliver,TE,MIN,00-0035249,0.0,0,True,False,weekly_roster_name_position_team,,no_actual_weekly_record;actual_score_created_from_missing_record,Info,
2025,2,RattSp00,Spencer Rattler,QB,NO,00-0039376,21.68,1,False,True,weekly_stats_name_position_team,,crosswalk_fields_disagree,Warning,crosswalk_fields_disagree
2025,2,KamaAl00,Alvin Kamara,RB,NO,00-0033906,16.0,1,False,True,weekly_stats_name_position_team,,crosswalk_fields_disagree,Warning,crosswalk_fields_disagree
2025,2,NealDe00,Devin Neal,RB,NO,00-0040202,0.0,0,True,False,weekly_roster_name_position_team,,crosswalk_fields_disagree;no_actual_weekly_record;actual_score_created_from_missing_record,Info,crosswalk_fields_disagree
2025,2,OlavCh00,Chris Olave,WR,NO,00-0037239,11.4,1,False,True,weekly_stats_name_position_team,,crosswalk_fields_disagree,Warning,crosswalk_fields_disagree
2025,2,VeleDe00,Devaughn Vele,WR,NO,00-0039424,7.3,1,False,False,weekly_stats_name_position_team,,crosswalk_fields_disagree,Info,crosswalk_fields_disagree
2025,2,MayeDr00,Drake Maye,QB,NE,00-0039851,26.3,1,False,True,weekly_stats_name_position_team,,crosswalk_fields_disagree,Warning,crosswalk_fields_disagree
2025,2,HendTr00,TreVeyon Henderson,RB,NE,00-0040734,6.0,1,False,True,weekly_stats_name_position_team,,crosswalk_fields_disagree,Warning,crosswalk_fields_disagree
2025,2,StevRh00,Rhamondre Stevenson,RB,NE,00-0036875,21.2,1,False,True,weekly_stats_name_position_team,,crosswalk_fields_disagree,Warning,crosswalk_fields_disagree
2025,2,HenrHu00,Hunter Henry,TE,NE,00-0033090,1.9,1,False,True,weekly_stats_name_position_team,,crosswalk_fields_disagree,Warning,crosswalk_fields_disagree
2025,2,DiggSt00,Stefon Diggs,WR,WAS,00-0031588,7.2,1,False,True,master_name_position,,crosswalk_fields_disagree,Warning,crosswalk_fields_disagree
2025,2,DougDe00,DeMario Douglas,WR,NE,00-0038621,1.8,1,False,False,weekly_stats_name_position_team,,crosswalk_fields_disagree,Info,crosswalk_fields_disagree
2025,2,BoutKa00,Kayshon Boutte,WR,HOU,00-0038608,8.6,1,False,False,master_name_position,,crosswalk_fields_disagree,Info,crosswalk_fields_disagree
2025,2,WillKy01,Kyle Williams,WR,NE,00-0040131,0.0,0,True,False,weekly_roster_name_position_team,,crosswalk_fields_disagree;no_actual_weekly_record;actual_score_created_from_missing_record,Info,crosswalk_fields_disagree
2025,2,HollMa00,Mack Hollins,WR,NE,00-0033555,7.8,1,False,False,weekly_stats_name_position_team,,crosswalk_fields_disagree,Info,crosswalk_fields_disagree
2025,2,SlayDa00,Darius Slayton,WR,NYG,00-0035535,8.1,1,False,False,weekly_stats_name_position_team,,crosswalk_fields_disagree,Info,crosswalk_fields_disagree
2025,2,FielJu00,Justin Fields,QB,KC,00-0036945,3.98,1,False,True,master_name_position,,crosswalk_fields_disagree,Warning,crosswalk_fields_disagree
2025,2,AlleBr01,Braelon Allen,RB,NYJ,00-0039794,1.1,1,False,False,weekly_stats_name_position_team,,crosswalk_fields_disagree,Info,crosswalk_fields_disagree
2025,2,TaylMa01,Mason Taylor,TE,NYJ,00-0040736,1.5,1,False,True,weekly_stats_name_position_team,,crosswalk_fields_disagree,Warning,crosswalk_fields_disagree
2025,2,ChesJu00,Julius Chestnut,RB,TEN,00-0037594,0.0,0,True,False,weekly_roster_name_position_team,,no_actual_weekly_record;actual_score_created_from_missing_record,Info,
2025,2,OkonCh00,Chig Okonkwo,TE,WAS,00-0037809,7.5,1,False,True,master_name_position,,crosswalk_fields_disagree,Warning,crosswalk_fields_disagree
2025,2,BigsTa00,Tank Bigsby,RB,PHI,00-0038555,0.0,0,True,False,weekly_roster_name_position_team,,no_actual_weekly_record;actual_score_created_from_missing_record,Info,
2025,2,BrowAJ00,A.J. Brown,WR,NE,00-0035676,7.7,1,False,True,master_name_position,,crosswalk_fields_disagree,Warning,crosswalk_fields_disagree
2025,2,SmitDe04,DeVonta Smith,WR,PHI,00-0036912,9.3,1,False,True,weekly_stats_name_position_team,,crosswalk_fields_disagree,Warning,crosswalk_fields_disagree
2025,2,JohnKa01,Kaleb Johnson,RB,GB,00-0040142,0.1,1,False,False,manual_override,FBG uses JohnKa01 for Kaleb Johnson while the sibling crosswalk uses a different FBG ID,crosswalk_fields_disagree,Info,crosswalk_fields_disagree;manual_override_applied
2025,2,GainKe00,Kenny Gainwell,RB,TB,00-0036919,6.6,1,False,True,master_name_position,,crosswalk_fields_disagree,Warning,crosswalk_fields_disagree
2025,2,BechJa00,Jack Bech,WR,LV,00-0040729,0.0,0,True,False,weekly_roster_name_position_team,,no_actual_weekly_record;actual_score_created_from_missing_record,Info,
2025,2,ParkCo00,Colby Parkinson,TE,LA,00-0036244,0.0,0,True,False,weekly_roster_name_position_team,,crosswalk_fields_disagree;no_actual_weekly_record;actual_score_created_from_missing_record,Info,crosswalk_fields_disagree
2025,2,AlleDa01,Davis Allen,TE,LA,00-0039074,7.8,1,False,False,weekly_stats_name_position_team,,crosswalk_fields_disagree,Info,crosswalk_fields_disagree
2025,2,AtweTu00,Tutu Atwell,WR,LA,00-0036849,0.0,1,False,False,weekly_stats_name_position_team,,crosswalk_fields_disagree,Info,crosswalk_fields_disagree
2025,2,KolaCh00,Charlie Kolar,TE,LAC,00-0038046,0.0,0,True,False,master_name_position,,no_actual_weekly_record;actual_score_created_from_missing_record,Info,
2025,2,HarrNa00,Najee Harris,RB,NYG,00-0036893,6.8,1,False,True,master_name_position,,crosswalk_fields_disagree,Warning,crosswalk_fields_disagree
2025,2,ConkTy00,Tyler Conklin,TE,DET,00-0034270,0.0,0,True,True,master_name_position,,no_actual_weekly_record;actual_score_created_from_missing_record,Warning,
2025,2,AlleKe00,Keenan Allen,WR,IND,00-0030279,17.1,1,False,True,master_name_position,,crosswalk_fields_disagree,Warning,crosswalk_fields_disagree
2025,2,JohnQu01,Quentin Johnston,WR,LAC,00-0038544,15.9,1,False,False,weekly_stats_name_position_team,,crosswalk_fields_disagree,Info,crosswalk_fields_disagree
2025,2,LambKe00,Keandre Lambert-Smith,WR,LAC,00-0040184,0.0,1,False,False,weekly_stats_name_position_team,,crosswalk_fields_disagree,Info,crosswalk_fields_disagree
2025,2,WalkKe01,Ken Walker III,RB,KC,00-0038134,18.8,1,False,True,manual_override,FBG uses Ken Walker and a stale KC team in the historical export,master_name_conflict,Warning,manual_override_applied;master_name_conflict
2025,2,SmitJa02,Jaxon Smith-Njigba,WR,SEA,00-0038543,18.3,1,False,True,weekly_stats_name_position_team,,crosswalk_fields_disagree,Warning,crosswalk_fields_disagree
2025,2,JoneMa04,Mac Jones,QB,SF,00-0036972,21.76,1,False,True,weekly_stats_name_position_team,,crosswalk_fields_disagree,Warning,crosswalk_fields_disagree
2025,2,McCaCh00,Christian McCaffrey,RB,SF,00-0033280,22.7,1,False,True,weekly_stats_name_position_team,,crosswalk_fields_disagree,Warning,crosswalk_fields_disagree
2025,2,JuszKy00,Kyle Juszczyk,RB,SF,00-0029892,0.0,0,True,False,weekly_roster_name_position_team,,no_actual_weekly_record;actual_score_created_from_missing_record,Info,gsis_id_not_in_master
2025,2,MayfBa00,Baker Mayfield,QB,TB,00-0034855,19.9,1,False,True,weekly_stats_name_position_team,,crosswalk_fields_disagree,Warning,crosswalk_fields_disagree
2025,2,IrviBu00,Bucky Irving,RB,TB,00-0039361,18.1,1,False,True,weekly_stats_name_position_team,,crosswalk_fields_disagree,Warning,crosswalk_fields_disagree
2025,2,TuckSe00,Sean Tucker,RB,TB,00-0038951,0.0,1,False,False,weekly_stats_name_position_team,,crosswalk_fields_disagree,Info,crosswalk_fields_disagree
2025,2,OttoCa00,Cade Otton,TE,TB,00-0038129,5.5,1,False,False,weekly_stats_name_position_team,,crosswalk_fields_disagree,Info,crosswalk_fields_disagree
2025,2,EgbuEm00,Emeka Egbuka,WR,TB,00-0040129,12.9,1,False,True,weekly_stats_name_position_team,,crosswalk_fields_disagree,Warning,crosswalk_fields_disagree
2025,2,McNiJe00,Jeremy McNichols,RB,WAS,00-0033955,0.0,0,True,False,weekly_roster_name_position_team,,no_actual_weekly_record;actual_score_created_from_missing_record,Info,
2025,2,SamuDe00,Deebo Samuel Sr.,WR,SF,00-0035719,17.4,1,False,True,master_name_position,,crosswalk_fields_disagree,Warning,crosswalk_fields_disagree
2025,2,DemeEm00,Emari Demercado,RB,DAL,00-0038705,0.0,0,True,False,master_name_position,,crosswalk_fields_disagree;no_actual_weekly_record;actual_score_created_from_missing_record,Info,crosswalk_fields_disagree
2025,2,ReimTi00,Tip Reiman,TE,ARI,00-0039737,0.0,0,True,False,weekly_roster_name_position_team,,no_actual_weekly_record;actual_score_created_from_missing_record,Info,
2025,2,CartNa00,Nathan Carter,RB,KC,00-0040547,0.0,0,True,False,manual_override,Drafter player crosswalk supplies the GSIS ID,master_name_conflict;no_actual_weekly_record;actual_score_created_from_missing_record,Info,manual_override_applied;master_name_conflict
2025,2,WoerCh00,Charlie Woerner,TE,ATL,00-0036429,0.0,0,True,False,weekly_roster_name_position_team,,no_actual_weekly_record;actual_score_created_from_missing_record,Info,
2025,2,WashCa01,Casey Washington,WR,CAR,00-0039394,0.0,0,True,False,master_name_position,,crosswalk_fields_disagree;no_actual_weekly_record;actual_score_created_from_missing_record,Info,crosswalk_fields_disagree
2025,2,HodgKh00,KhaDarel Hodge,WR,SF,00-0034854,0.0,0,True,False,master_name_position,,crosswalk_fields_disagree;no_actual_weekly_record;actual_score_created_from_missing_record,Info,crosswalk_fields_disagree
2025,2,LikeIs00,Isaiah Likely,TE,NYG,00-0037838,0.0,0,True,False,master_name_position,,no_actual_weekly_record;actual_score_created_from_missing_record,Info,
2025,2,MoorDa01,David Moore,WR,CAR,00-0033589,0.0,0,True,False,weekly_roster_name_position_team,,crosswalk_fields_disagree;no_actual_weekly_record;actual_score_created_from_missing_record,Info,crosswalk_fields_disagree
2025,2,SmytDu00,Durham Smythe,TE,BAL,00-0034798,0.0,0,True,False,master_name_position,,no_actual_weekly_record;actual_score_created_from_missing_record,Info,
2025,2,TinsMi00,Mitch Tinsley,WR,HOU,00-0038839,8.3,1,False,False,master_name_position,,crosswalk_fields_disagree;master_name_conflict,Info,crosswalk_fields_disagree;master_name_conflict
2025,2,JoneCh00,Charlie Jones,WR,NYG,,,0,False,False,unmatched,,no_unique_gsis_id;no_actual_weekly_record;actual_score_created_from_missing_record,Info,
2025,2,WhitBl01,Blake Whiteheart,TE,CLE,00-0038710,0.0,0,True,False,weekly_roster_name_position_team,,no_actual_weekly_record;actual_score_created_from_missing_record,Info,
2025,2,PrenAd00,Adam Prentice,RB,DEN,00-0036727,0.0,0,True,False,weekly_roster_name_position_team,,no_actual_weekly_record;actual_score_created_from_missing_record,Info,gsis_id_not_in_master
2025,2,KrulLu00,Lucas Krull,TE,DEN,00-0037539,0.0,0,True,False,weekly_roster_name_position_team,,no_actual_weekly_record;actual_score_created_from_missing_record,Info,
2025,2,ReynCr00,Craig Reynolds,RB,WAS,00-0035567,0.4,1,False,False,master_name_position,,crosswalk_fields_disagree,Info,crosswalk_fields_disagree
2025,2,WrigBr00,Brock Wright,TE,DET,00-0036754,11.8,1,False,False,weekly_stats_name_position_team,,crosswalk_fields_disagree,Info,crosswalk_fields_disagree
2025,2,WillSa00,Savion Williams,WR,GB,00-0040009,2.4,1,False,False,weekly_stats_name_position_team,,crosswalk_fields_disagree,Info,crosswalk_fields_disagree
2025,2,OgleAn00,Drew Ogletree,TE,IND,00-0037292,0.0,1,False,False,pfr_crosswalk_verified,,master_name_conflict,Info,master_name_conflict
2025,2,LongHu00,Hunter Long,TE,ARI,00-0037004,0.0,0,True,False,master_name_position,,crosswalk_fields_disagree;no_actual_weekly_record;actual_score_created_from_missing_record,Info,crosswalk_fields_disagree
2025,2,MundJo00,Johnny Mundt,TE,PHI,00-0033246,0.0,0,True,False,master_name_position,,no_actual_weekly_record;actual_score_created_from_missing_record,Info,
2025,2,HaskHa00,Hassan Haskins,RB,NE,00-0037617,0.0,1,False,False,master_name_position,,crosswalk_fields_disagree,Info,crosswalk_fields_disagree
2025,2,GadsOr01,Oronde Gadsden,TE,LAC,00-0040189,0.0,0,True,False,weekly_roster_name_position_team,,no_actual_weekly_record;actual_score_created_from_missing_record,Info,
2025,2,DaviDe01,Derius Davis,WR,LAC,00-0038573,0.0,1,False,False,weekly_stats_name_position_team,,crosswalk_fields_disagree,Info,crosswalk_fields_disagree
2025,2,FergTe00,Terrance Ferguson,TE,LA,00-0040737,0.0,0,True,False,weekly_roster_name_position_team,,no_actual_weekly_record;actual_score_created_from_missing_record,Info,
2025,2,BachAl00,Alex Bachman,WR,LA,00-0035602,0.0,0,True,False,master_name_position,,crosswalk_fields_disagree;no_actual_weekly_record;actual_score_created_from_missing_record,Info,crosswalk_fields_disagree
2025,2,FeltTa00,Tai Felton,WR,MIN,00-0040154,0.0,0,True,False,weekly_roster_name_position_team,,no_actual_weekly_record;actual_score_created_from_missing_record,Info,
2025,2,WestJa00,Jack Westover,TE,WAS,00-0039305,0.0,0,True,False,master_name_position,,no_actual_weekly_record;actual_score_created_from_missing_record,Info,
2025,2,MataMo00,Moliki Matavao,TE,NO,00-0040244,0.0,0,True,False,weekly_roster_name_position_team,,crosswalk_fields_disagree;no_actual_weekly_record;actual_score_created_from_missing_record,Info,crosswalk_fields_disagree
2025,2,ManhCh00,Chris Manhertz,TE,NYG,00-0031484,0.0,0,True,False,weekly_roster_name_position_team,,no_actual_weekly_record;actual_score_created_from_missing_record,Info,
2025,2,HyatJa00,Jalin Hyatt,WR,NYG,00-0038938,0.0,0,True,False,weekly_roster_name_position_team,,no_actual_weekly_record;actual_score_created_from_missing_record,Info,
2025,2,SmarSt00,Stone Smartt,TE,NO,00-0037475,0.0,0,True,False,master_name_position,,crosswalk_fields_disagree;no_actual_weekly_record;actual_score_created_from_missing_record,Info,crosswalk_fields_disagree
2025,2,MillSc01,Scotty Miller,WR,CHI,00-0035298,0.0,0,True,False,pfr_crosswalk_verified,,master_name_conflict;no_actual_weekly_record;actual_score_created_from_missing_record,Info,master_name_conflict
2025,2,BoboJa00,Jake Bobo,WR,SEA,00-0038752,0.0,0,True,False,weekly_roster_name_position_team,,no_actual_weekly_record;actual_score_created_from_missing_record,Info,
2025,2,DurhPa00,Payne Durham,TE,TB,00-0039050,0.0,1,False,False,weekly_stats_name_position_team,,crosswalk_fields_disagree,Info,crosswalk_fields_disagree
2025,2,JohnTe01,Tez Johnson,WR,TB,00-0040237,0.0,0,True,False,weekly_roster_name_position_team,,crosswalk_fields_disagree;no_actual_weekly_record;actual_score_created_from_missing_record,Info,crosswalk_fields_disagree
2025,2,MartDa01,David Martin-Robinson,TE,TEN,00-0039648,0.0,0,True,False,weekly_roster_name_position_team,,no_actual_weekly_record;actual_score_created_from_missing_record,Info,
2025,2,OlivBr01,Bryce Oliver,WR,CLE,00-0039650,0.0,1,False,False,master_name_position,,crosswalk_fields_disagree;master_team_context_differs,Info,crosswalk_fields_disagree;master_team_context_differs
2025,2,BateJo00,John Bates,TE,WAS,00-0036628,0.0,0,True,False,weekly_roster_name_position_team,,no_actual_weekly_record;actual_score_created_from_missing_record,Info,
2025,2,HuntJa02,Jarquez Hunter,RB,MIA,00-0040692,0.0,0,True,False,master_name_position,,crosswalk_fields_disagree;no_actual_weekly_record;actual_score_created_from_missing_record,Info,crosswalk_fields_disagree
2025,2,McCoSi00,Sincere McCormick,RB,SF,00-0037509,0.0,0,True,False,weekly_roster_name_position_team,,no_actual_weekly_record;actual_score_created_from_missing_record,Info,
2025,2,MitcZa00,Zaire Mitchell-Paden,TE,HOU,00-0037340,0.0,1,False,False,master_name_position,,crosswalk_fields_disagree,Info,crosswalk_fields_disagree
2025,2,WillBr04,Brayden Willis,TE,SF,00-0038643,0.0,1,False,False,weekly_stats_name_position_team,,crosswalk_fields_disagree,Info,crosswalk_fields_disagree
2025,2,HudsTa00,Tanner Hudson,TE,CIN,00-0034613,0.0,0,True,False,weekly_roster_name_position_team,,no_actual_weekly_record;actual_score_created_from_missing_record,Info,
2025,2,TonyRo00,Robert Tonyan Jr,TE,PIT,00-0033757,0.0,0,True,False,master_name_position,,no_actual_weekly_record;actual_score_created_from_missing_record,Info,
2025,2,MoorSk00,Skyy Moore,WR,GB,00-0038090,0.0,1,False,False,master_name_position,,crosswalk_fields_disagree,Info,crosswalk_fields_disagree
2025,2,PritJa00,Jamaal Pritchett,WR,NYJ,00-0040405,0.0,0,True,False,weekly_roster_name_position_team,,no_actual_weekly_record;actual_score_created_from_missing_record,Info,
2025,2,RemiNi00,Nikko Remigio,WR,KC,00-0038519,3.1,1,False,False,weekly_stats_name_position_team,,crosswalk_fields_disagree,Info,crosswalk_fields_disagree
2025,2,SillDa00,David Sills V,WR,TB,00-0035359,0.0,0,True,False,master_name_position,,no_actual_weekly_record;actual_score_created_from_missing_record,Info,
2025,2,MeltBo00,Bo Melton,WR,GB,00-0037091,0.0,0,True,False,master_name_position,,crosswalk_fields_disagree;no_actual_weekly_record;actual_score_created_from_missing_record,Info,crosswalk_fields_disagree
2025,2,MoorCh00,Chris Moore,WR,BAL,00-0032398,0.0,0,True,False,master_name_position,,crosswalk_fields_disagree;no_actual_weekly_record;actual_score_created_from_missing_record,Info,crosswalk_fields_disagree
2025,3,McClRa00,Ray-Ray McCloud III,WR,CHI,00-0034407,4.0,1,False,False,master_name_position,,crosswalk_fields_disagree,Info,crosswalk_fields_disagree
2025,3,AlleJo01,Josh Allen,QB,BUF,00-0034857,23.02,1,False,True,weekly_stats_name_position_team,,crosswalk_fields_disagree,Warning,crosswalk_fields_disagree
2025,3,JohnTy00,Ty Johnson,RB,BUF,00-0035537,3.1,1,False,False,weekly_stats_name_position_team,,crosswalk_fields_disagree,Info,crosswalk_fields_disagree
2025,3,KnoxDa00,Dawson Knox,TE,BUF,00-0035689,0.0,0,True,False,weekly_roster_name_position_team,,no_actual_weekly_record;actual_score_created_from_missing_record,Info,
2025,3,PalmJo01,Joshua Palmer,WR,BUF,00-0036988,1.5,1,False,False,master_name_position,,master_name_conflict,Info,master_name_conflict
2025,3,SandJa00,Ja'Tavion Sanders,TE,CAR,00-0039356,3.1,1,False,True,weekly_stats_name_position_team,,crosswalk_fields_disagree,Warning,crosswalk_fields_disagree
2025,3,FantNo00,Noah Fant,TE,NO,00-0035644,5.6,1,False,True,master_name_position,,crosswalk_fields_disagree,Warning,crosswalk_fields_disagree
2025,3,IosiAn00,Andrei Iosivas,WR,CIN,00-0038619,0.0,0,True,False,weekly_roster_name_position_team,,no_actual_weekly_record;actual_score_created_from_missing_record,Info,
2025,3,GabrDi00,Dillon Gabriel,QB,CLE,00-0040704,0.0,0,True,False,weekly_roster_name_position_team,,no_actual_weekly_record;actual_score_created_from_missing_record,Info,
2025,3,AlieMo00,Mo Alie-Cox,TE,IND,00-0033217,0.0,0,True,False,weekly_roster_name_position_team,,no_actual_weekly_record;actual_score_created_from_missing_record,Info,
2025,3,HarrMa05,Marvin Harrison Jr.,WR,ARI,00-0039849,7.4,1,False,True,weekly_stats_name_position_team,,crosswalk_fields_disagree,Warning,crosswalk_fields_disagree
2025,3,LambCe00,CeeDee Lamb,WR,DAL,00-0036358,0.0,0,True,True,weekly_roster_name_position_team,,no_actual_weekly_record;actual_score_created_from_missing_record,Warning,
2025,3,BryaPa00,Pat Bryant,WR,DEN,00-0040134,0.0,0,True,False,weekly_roster_name_position_team,,no_actual_weekly_record;actual_score_created_from_missing_record,Info,
2025,3,SherTr00,Trent Sherfield,WR,BUF,00-0034487,0.0,0,True,False,master_name_position,,no_actual_weekly_record;actual_score_created_from_missing_record,Info,
2025,3,GibbJa00,Jahmyr Gibbs,RB,DET,00-0039139,26.9,1,False,True,weekly_stats_name_position_team,,crosswalk_fields_disagree,Warning,crosswalk_fields_disagree
2025,3,WrigBr00,Brock Wright,TE,DET,00-0036754,0.0,0,True,False,weekly_roster_name_position_team,,crosswalk_fields_disagree;no_actual_weekly_record;actual_score_created_from_missing_record,Info,crosswalk_fields_disagree
2025,3,WillJa09,Jameson Williams,WR,DET,00-0037240,6.3,1,False,True,weekly_stats_name_position_team,,crosswalk_fields_disagree,Warning,crosswalk_fields_disagree
2025,3,KrafTu00,Tucker Kraft,TE,GB,00-0038996,5.9,1,False,True,weekly_stats_name_position_team,,crosswalk_fields_disagree,Warning,crosswalk_fields_disagree
2025,3,MusgLu00,Luke Musgrave,TE,GB,00-0039144,0.0,0,True,False,weekly_roster_name_position_team,,crosswalk_fields_disagree;no_actual_weekly_record;actual_score_created_from_missing_record,Info,crosswalk_fields_disagree
2025,3,GoldMa00,Matthew Golden,WR,GB,00-0040667,10.1,1,False,False,weekly_stats_name_position_team,,crosswalk_fields_disagree,Info,crosswalk_fields_disagree
2025,3,DoubRo00,Romeo Doubs,WR,NE,00-0037816,4.5,1,False,False,master_name_position,,crosswalk_fields_disagree,Info,crosswalk_fields_disagree
2025,3,KirkCh00,Christian Kirk,WR,SF,00-0034775,5.5,1,False,False,master_name_position,,crosswalk_fields_disagree,Info,crosswalk_fields_disagree
2025,3,EtieTr00,Travis Etienne Jr.,RB,NO,00-0036973,11.6,1,False,True,master_name_position,,crosswalk_fields_disagree,Warning,crosswalk_fields_disagree
2025,3,ThomBr01,Brian Thomas Jr.,WR,JAX,00-0039893,7.5,1,False,True,weekly_stats_name_position_team,,crosswalk_fields_disagree,Warning,crosswalk_fields_disagree
2025,3,HuntTr00,Travis Hunter,WR,JAX,00-0040718,0.0,0,True,False,weekly_roster_name_position_team,,no_actual_weekly_record;actual_score_created_from_missing_record,Info,gsis_id_not_in_master
2025,3,MahoPa00,Patrick Mahomes II,QB,KC,00-0033873,13.16,1,False,True,weekly_stats_name_position_team,,crosswalk_fields_disagree,Warning,crosswalk_fields_disagree
2025,3,KelcTr00,Travis Kelce,TE,KC,00-0030506,6.6,1,False,True,weekly_stats_name_position_team,,crosswalk_fields_disagree,Warning,crosswalk_fields_disagree
2025,3,GrayNo00,Noah Gray,TE,KC,00-0036637,4.7,1,False,False,weekly_stats_name_position_team,,crosswalk_fields_disagree,Info,crosswalk_fields_disagree
2025,3,BrowMa05,Hollywood Brown,WR,PHI,00-0035662,8.2,1,False,True,manual_override,FBG uses Hollywood Brown and a stale PHI team in the historical export,master_name_conflict,Warning,manual_override_applied;master_name_conflict
2025,3,RemiNi00,Nikko Remigio,WR,KC,00-0038519,1.1,1,False,False,weekly_stats_name_position_team,,crosswalk_fields_disagree,Info,crosswalk_fields_disagree
2025,3,ThorTy00,Tyquan Thornton,WR,KC,00-0038104,18.1,1,False,False,weekly_stats_name_position_team,,crosswalk_fields_disagree,Info,crosswalk_fields_disagree
2025,3,IngoAl00,Alec Ingold,RB,LAC,00-0035125,0.0,0,True,False,manual_override,Top-player gate override because the historical FBG row uses a stale LAC team while the weekly roster identifies Alec Ingold as RB 00-0035125 for MIA,no_actual_weekly_record;actual_score_created_from_missing_record,Info,manual_override_applied;gsis_id_not_in_master
2025,3,RattSp00,Spencer Rattler,QB,NO,00-0039376,11.72,1,False,True,weekly_stats_name_position_team,,crosswalk_fields_disagree,Warning,crosswalk_fields_disagree
2025,3,KamaAl00,Alvin Kamara,RB,NO,00-0033906,6.6,1,False,True,weekly_stats_name_position_team,,crosswalk_fields_disagree,Warning,crosswalk_fields_disagree
2025,3,OlavCh00,Chris Olave,WR,NO,00-0037239,15.7,1,False,True,weekly_stats_name_position_team,,crosswalk_fields_disagree,Warning,crosswalk_fields_disagree
2025,3,VeleDe00,Devaughn Vele,WR,NO,00-0039424,0.0,0,True,False,weekly_roster_name_position_team,,crosswalk_fields_disagree;no_actual_weekly_record;actual_score_created_from_missing_record,Info,crosswalk_fields_disagree
2025,3,MayeDr00,Drake Maye,QB,NE,00-0039851,19.22,1,False,True,weekly_stats_name_position_team,,crosswalk_fields_disagree,Warning,crosswalk_fields_disagree
2025,3,HendTr00,TreVeyon Henderson,RB,NE,00-0040734,7.7,1,False,True,weekly_stats_name_position_team,,crosswalk_fields_disagree,Warning,crosswalk_fields_disagree
2025,3,StevRh00,Rhamondre Stevenson,RB,NE,00-0036875,4.6,1,False,True,weekly_stats_name_position_team,,crosswalk_fields_disagree,Warning,crosswalk_fields_disagree
2025,3,HenrHu00,Hunter Henry,TE,NE,00-0033090,29.0,1,False,True,weekly_stats_name_position_team,,crosswalk_fields_disagree,Warning,crosswalk_fields_disagree
2025,3,DiggSt00,Stefon Diggs,WR,WAS,00-0031588,5.3,1,False,False,master_name_position,,crosswalk_fields_disagree,Info,crosswalk_fields_disagree
2025,3,DougDe00,DeMario Douglas,WR,NE,00-0038621,2.7,1,False,False,weekly_stats_name_position_team,,crosswalk_fields_disagree,Info,crosswalk_fields_disagree
2025,3,BoutKa00,Kayshon Boutte,WR,HOU,00-0038608,4.8,1,False,False,master_name_position,,crosswalk_fields_disagree,Info,crosswalk_fields_disagree
2025,3,WillKy01,Kyle Williams,WR,NE,00-0040131,1.8,1,False,False,weekly_stats_name_position_team,,crosswalk_fields_disagree,Info,crosswalk_fields_disagree
2025,3,HollMa00,Mack Hollins,WR,NE,00-0033555,6.7,1,False,False,weekly_stats_name_position_team,,crosswalk_fields_disagree,Info,crosswalk_fields_disagree
2025,3,SlayDa00,Darius Slayton,WR,NYG,00-0035535,7.0,1,False,False,weekly_stats_name_position_team,,crosswalk_fields_disagree,Info,crosswalk_fields_disagree
2025,3,TaylTy00,Tyrod Taylor,QB,GB,00-0028118,16.68,1,False,True,master_name_position,,crosswalk_fields_disagree,Warning,crosswalk_fields_disagree
2025,3,AlleBr01,Braelon Allen,RB,NYJ,00-0039794,6.7,1,False,False,weekly_stats_name_position_team,,crosswalk_fields_disagree,Info,crosswalk_fields_disagree
2025,3,TaylMa01,Mason Taylor,TE,NYJ,00-0040736,5.8,1,False,False,weekly_stats_name_position_team,,crosswalk_fields_disagree,Info,crosswalk_fields_disagree
2025,3,RuckJe00,Jeremy Ruckert,TE,NYJ,00-0037805,0.0,0,True,False,weekly_roster_name_position_team,,no_actual_weekly_record;actual_score_created_from_missing_record,Info,
2025,3,OkonCh00,Chig Okonkwo,TE,WAS,00-0037809,11.6,1,False,True,master_name_position,,crosswalk_fields_disagree,Warning,crosswalk_fields_disagree
2025,3,DillA.00,AJ Dillon,RB,CAR,00-0036265,0.0,0,True,False,master_name_position,,no_actual_weekly_record;actual_score_created_from_missing_record,Info,
2025,3,BrowAJ00,A.J. Brown,WR,NE,00-0035676,22.9,1,False,True,master_name_position,,crosswalk_fields_disagree,Warning,crosswalk_fields_disagree
2025,3,SmitDe04,DeVonta Smith,WR,PHI,00-0036912,20.0,1,False,False,weekly_stats_name_position_team,,crosswalk_fields_disagree,Info,crosswalk_fields_disagree
2025,3,JohnKa01,Kaleb Johnson,RB,GB,00-0040142,0.0,0,True,False,manual_override,FBG uses JohnKa01 for Kaleb Johnson while the sibling crosswalk uses a different FBG ID,crosswalk_fields_disagree;no_actual_weekly_record;actual_score_created_from_missing_record,Info,crosswalk_fields_disagree;manual_override_applied
2025,3,GainKe00,Kenny Gainwell,RB,TB,00-0036919,9.6,1,False,True,master_name_position,,crosswalk_fields_disagree,Warning,crosswalk_fields_disagree
2025,3,WashDa02,Darnell Washington,TE,PIT,00-0038558,0.0,0,True,False,weekly_roster_name_position_team,,no_actual_weekly_record;actual_score_created_from_missing_record,Info,
2025,3,WilsRo02,Roman Wilson,WR,PIT,00-0039739,0.0,0,True,False,weekly_roster_name_position_team,,no_actual_weekly_record;actual_score_created_from_missing_record,Info,
2025,3,AlleDa01,Davis Allen,TE,LA,00-0039074,1.3,1,False,False,weekly_stats_name_position_team,,crosswalk_fields_disagree,Info,crosswalk_fields_disagree
2025,3,HarrNa00,Najee Harris,RB,NYG,00-0036893,2.8,1,False,True,master_name_position,,crosswalk_fields_disagree,Warning,crosswalk_fields_disagree
2025,3,AlleKe00,Keenan Allen,WR,IND,00-0030279,19.5,1,False,True,master_name_position,,crosswalk_fields_disagree,Warning,crosswalk_fields_disagree
2025,3,JohnQu01,Quentin Johnston,WR,LAC,00-0038544,14.9,1,False,True,weekly_stats_name_position_team,,crosswalk_fields_disagree,Warning,crosswalk_fields_disagree
2025,3,WalkKe01,Ken Walker III,RB,KC,00-0038134,18.0,1,False,True,manual_override,FBG uses Ken Walker and a stale KC team in the historical export,master_name_conflict,Warning,manual_override_applied;master_name_conflict
2025,3,SmitJa02,Jaxon Smith-Njigba,WR,SEA,00-0038543,20.6,1,False,True,weekly_stats_name_position_team,,crosswalk_fields_disagree,Warning,crosswalk_fields_disagree
2025,3,JoneMa04,Mac Jones,QB,SF,00-0036972,13.26,1,False,True,weekly_stats_name_position_team,,crosswalk_fields_disagree,Warning,crosswalk_fields_disagree
2025,3,McCaCh00,Christian McCaffrey,RB,SF,00-0033280,24.0,1,False,True,weekly_stats_name_position_team,,crosswalk_fields_disagree,Warning,crosswalk_fields_disagree
2025,3,FarrLu00,Luke Farrell,TE,SF,00-0036887,0.0,0,True,False,weekly_roster_name_position_team,,no_actual_weekly_record;actual_score_created_from_missing_record,Info,
2025,3,MayfBa00,Baker Mayfield,QB,TB,00-0034855,17.72,1,False,True,weekly_stats_name_position_team,,crosswalk_fields_disagree,Warning,crosswalk_fields_disagree
2025,3,IrviBu00,Bucky Irving,RB,TB,00-0039361,13.9,1,False,True,weekly_stats_name_position_team,,crosswalk_fields_disagree,Warning,crosswalk_fields_disagree
2025,3,OttoCa00,Cade Otton,TE,TB,00-0038129,0.0,0,True,True,weekly_roster_name_position_team,,crosswalk_fields_disagree;no_actual_weekly_record;actual_score_created_from_missing_record,Warning,crosswalk_fields_disagree
2025,3,EgbuEm00,Emeka Egbuka,WR,TB,00-0040129,14.5,1,False,True,weekly_stats_name_position_team,,crosswalk_fields_disagree,Warning,crosswalk_fields_disagree
2025,3,SinnBe00,Ben Sinnott,TE,WAS,00-0039912,0.0,0,True,False,weekly_roster_name_position_team,,no_actual_weekly_record;actual_score_created_from_missing_record,Info,
2025,3,SamuDe00,Deebo Samuel Sr.,WR,SF,00-0035719,4.9,1,False,True,master_name_position,,crosswalk_fields_disagree,Warning,crosswalk_fields_disagree
2025,3,CharZa00,Zach Charbonnet,RB,SEA,00-0039165,0.0,0,True,False,weekly_roster_name_position_team,,no_actual_weekly_record;actual_score_created_from_missing_record,Info,
2025,3,WrigJa04,Jaylen Wright,RB,MIA,00-0039874,0.0,0,True,False,weekly_roster_name_position_team,,no_actual_weekly_record;actual_score_created_from_missing_record,Info,
2025,3,OgunDa00,Dare Ogunbowale,RB,LV,00-0033854,0.0,1,False,False,master_name_position,,crosswalk_fields_disagree,Info,crosswalk_fields_disagree
2025,3,JuszKy00,Kyle Juszczyk,RB,SF,00-0029892,0.0,0,True,False,weekly_roster_name_position_team,,no_actual_weekly_record;actual_score_created_from_missing_record,Info,gsis_id_not_in_master
2025,3,DemeEm00,Emari Demercado,RB,DAL,00-0038705,0.0,1,False,False,master_name_position,,crosswalk_fields_disagree,Info,crosswalk_fields_disagree
2025,3,LuepHu01,Hunter Luepke,RB,DAL,00-0038738,0.0,0,True,False,weekly_roster_name_position_team,,no_actual_weekly_record;actual_score_created_from_missing_record,Info,
2025,3,ScotZa00,Zavier Scott,RB,CHI,00-0038440,6.0,1,False,False,master_name_position,,crosswalk_fields_disagree,Info,crosswalk_fields_disagree
2025,3,ReynCr00,Craig Reynolds,RB,WAS,00-0035567,0.0,0,True,False,master_name_position,,crosswalk_fields_disagree;no_actual_weekly_record;actual_score_created_from_missing_record,Info,crosswalk_fields_disagree
2025,3,NealDe00,Devin Neal,RB,NO,00-0040202,0.0,0,True,False,weekly_roster_name_position_team,,crosswalk_fields_disagree;no_actual_weekly_record;actual_score_created_from_missing_record,Info,crosswalk_fields_disagree
2025,3,TuckSe00,Sean Tucker,RB,TB,00-0038951,0.0,1,False,False,weekly_stats_name_position_team,,crosswalk_fields_disagree,Info,crosswalk_fields_disagree
2025,3,EngrEv00,Evan Engram,TE,DEN,00-0033881,0.0,0,True,False,weekly_roster_name_position_team,,no_actual_weekly_record;actual_score_created_from_missing_record,Info,
2025,3,LongHu00,Hunter Long,TE,ARI,00-0037004,3.2,1,False,False,master_name_position,,crosswalk_fields_disagree,Info,crosswalk_fields_disagree
2025,3,WallDa00,Darren Waller,TE,CAR,00-0031610,0.0,0,True,False,master_name_position,,crosswalk_fields_disagree;no_actual_weekly_record;actual_score_created_from_missing_record,Info,crosswalk_fields_disagree
2025,3,DurhPa00,Payne Durham,TE,TB,00-0039050,0.0,0,True,False,weekly_roster_name_position_team,,crosswalk_fields_disagree;no_actual_weekly_record;actual_score_created_from_missing_record,Info,crosswalk_fields_disagree
2025,3,OgleAn00,Drew Ogletree,TE,IND,00-0037292,0.0,0,True,False,pfr_crosswalk_verified,,master_name_conflict;no_actual_weekly_record;actual_score_created_from_missing_record,Info,master_name_conflict
2025,3,MitcZa00,Zaire Mitchell-Paden,TE,HOU,00-0037340,0.0,0,True,False,master_name_position,,crosswalk_fields_disagree;no_actual_weekly_record;actual_score_created_from_missing_record,Info,crosswalk_fields_disagree
2025,3,MartDa01,David Martin-Robinson,TE,TEN,00-0039648,0.0,0,True,False,weekly_roster_name_position_team,,no_actual_weekly_record;actual_score_created_from_missing_record,Info,
2025,3,SmytDu00,Durham Smythe,TE,BAL,00-0034798,0.0,0,True,False,master_name_position,,no_actual_weekly_record;actual_score_created_from_missing_record,Info,
2025,3,ParkCo00,Colby Parkinson,TE,LA,00-0036244,0.0,0,True,False,weekly_roster_name_position_team,,crosswalk_fields_disagree;no_actual_weekly_record;actual_score_created_from_missing_record,Info,crosswalk_fields_disagree
2025,3,JennJa00,Jauan Jennings,WR,MIN,00-0036259,0.0,0,True,False,master_name_position,,no_actual_weekly_record;actual_score_created_from_missing_record,Info,
2025,3,AtweTu00,Tutu Atwell,WR,LA,00-0036849,0.0,1,False,False,weekly_stats_name_position_team,,crosswalk_fields_disagree,Info,crosswalk_fields_disagree
2025,3,HyatJa00,Jalin Hyatt,WR,NYG,00-0038938,0.0,0,True,False,weekly_roster_name_position_team,,no_actual_weekly_record;actual_score_created_from_missing_record,Info,
2025,3,WillSa00,Savion Williams,WR,GB,00-0040009,-0.1,1,False,False,weekly_stats_name_position_team,,crosswalk_fields_disagree,Info,crosswalk_fields_disagree
2025,3,HodgKh00,KhaDarel Hodge,WR,SF,00-0034854,0.0,0,True,False,master_name_position,,crosswalk_fields_disagree;no_actual_weekly_record;actual_score_created_from_missing_record,Info,crosswalk_fields_disagree
2025,3,BachAl00,Alex Bachman,WR,LA,00-0035602,0.0,0,True,False,master_name_position,,crosswalk_fields_disagree;no_actual_weekly_record;actual_score_created_from_missing_record,Info,crosswalk_fields_disagree
2025,3,TinsMi00,Mitch Tinsley,WR,HOU,00-0038839,0.0,1,False,False,master_name_position,,crosswalk_fields_disagree;master_name_conflict,Info,crosswalk_fields_disagree;master_name_conflict
2025,3,MillSc01,Scotty Miller,WR,CHI,00-0035298,0.0,0,True,False,pfr_crosswalk_verified,,master_name_conflict;no_actual_weekly_record;actual_score_created_from_missing_record,Info,master_name_conflict
2025,3,LambKe00,Keandre Lambert-Smith,WR,LAC,00-0040184,0.0,0,True,False,weekly_roster_name_position_team,,crosswalk_fields_disagree;no_actual_weekly_record;actual_score_created_from_missing_record,Info,crosswalk_fields_disagree
2025,3,MoorDa01,David Moore,WR,CAR,00-0033589,1.5,1,False,False,weekly_stats_name_position_team,,crosswalk_fields_disagree,Info,crosswalk_fields_disagree
2025,3,LoveDo00,Dominic Lovett,WR,DET,00-0040241,0.0,0,True,False,weekly_roster_name_position_team,,no_actual_weekly_record;actual_score_created_from_missing_record,Info,
2025,3,JohnTe01,Tez Johnson,WR,TB,00-0040237,0.0,1,False,False,weekly_stats_name_position_team,,crosswalk_fields_disagree,Info,crosswalk_fields_disagree
2025,3,MullKa00,Kalel Mullings,RB,TEN,00-0040205,0.0,0,True,False,weekly_roster_name_position_team,,no_actual_weekly_record;actual_score_created_from_missing_record,Info,
2025,3,HaskHa00,Hassan Haskins,RB,NE,00-0037617,0.0,1,False,False,master_name_position,,crosswalk_fields_disagree,Info,crosswalk_fields_disagree
2025,3,HuntJa02,Jarquez Hunter,RB,MIA,00-0040692,0.0,0,True,False,master_name_position,,crosswalk_fields_disagree;no_actual_weekly_record;actual_score_created_from_missing_record,Info,crosswalk_fields_disagree
2025,3,PrenAd00,Adam Prentice,RB,DEN,00-0036727,0.0,0,True,False,weekly_roster_name_position_team,,no_actual_weekly_record;actual_score_created_from_missing_record,Info,gsis_id_not_in_master
2025,3,WillBr04,Brayden Willis,TE,SF,00-0038643,0.0,1,False,False,weekly_stats_name_position_team,,crosswalk_fields_disagree,Info,crosswalk_fields_disagree
2025,3,MataMo00,Moliki Matavao,TE,NO,00-0040244,0.0,0,True,False,weekly_roster_name_position_team,,crosswalk_fields_disagree;no_actual_weekly_record;actual_score_created_from_missing_record,Info,crosswalk_fields_disagree
2025,3,HillJu01,Julian Hill,TE,NE,00-0038720,1.4,1,False,False,master_name_position,,crosswalk_fields_disagree,Info,crosswalk_fields_disagree
2025,3,WileJa00,Jared Wiley,TE,KC,00-0039824,0.0,0,True,False,weekly_roster_name_position_team,,crosswalk_fields_disagree;no_actual_weekly_record;actual_score_created_from_missing_record,Info,crosswalk_fields_disagree
2025,3,HeywCo00,Connor Heyward,TE,LV,00-0037304,0.0,0,True,False,manual_override,Top-player gate override because the historical FBG row uses a stale LV team while the weekly roster identifies Connor Heyward as TE 00-0037304 for PIT,no_actual_weekly_record;actual_score_created_from_missing_record,Info,manual_override_applied;gsis_id_not_in_master
2025,3,MoorSk00,Skyy Moore,WR,GB,00-0038090,2.0,1,False,False,master_name_position,,crosswalk_fields_disagree,Info,crosswalk_fields_disagree
2025,3,MoorCh00,Chris Moore,WR,BAL,00-0032398,4.5,1,False,False,master_name_position,,crosswalk_fields_disagree,Info,crosswalk_fields_disagree
2025,3,MeltBo00,Bo Melton,WR,GB,00-0037091,0.0,0,True,False,master_name_position,,crosswalk_fields_disagree;no_actual_weekly_record;actual_score_created_from_missing_record,Info,crosswalk_fields_disagree
2025,3,DaviDe01,Derius Davis,WR,LAC,00-0038573,0.2,1,False,False,weekly_stats_name_position_team,,crosswalk_fields_disagree,Info,crosswalk_fields_disagree
2025,3,BoboJa00,Jake Bobo,WR,SEA,00-0038752,0.0,0,True,False,weekly_roster_name_position_team,,no_actual_weekly_record;actual_score_created_from_missing_record,Info,
2025,4,AlleJo01,Josh Allen,QB,BUF,00-0034857,24.86,1,False,True,weekly_stats_name_position_team,,crosswalk_fields_disagree,Warning,crosswalk_fields_disagree
2025,4,FielJu00,Justin Fields,QB,KC,00-0036945,27.14,1,False,True,master_name_position,,crosswalk_fields_disagree,Warning,crosswalk_fields_disagree
2025,4,MahoPa00,Patrick Mahomes II,QB,KC,00-0033873,27.3,1,False,True,weekly_stats_name_position_team,,crosswalk_fields_disagree,Warning,crosswalk_fields_disagree
2025,4,MayeDr00,Drake Maye,QB,NE,00-0039851,23.22,1,False,True,weekly_stats_name_position_team,,crosswalk_fields_disagree,Warning,crosswalk_fields_disagree
2025,4,MayfBa00,Baker Mayfield,QB,TB,00-0034855,18.86,1,False,True,weekly_stats_name_position_team,,crosswalk_fields_disagree,Warning,crosswalk_fields_disagree
2025,4,RattSp00,Spencer Rattler,QB,NO,00-0039376,13.94,1,False,True,weekly_stats_name_position_team,,crosswalk_fields_disagree,Warning,crosswalk_fields_disagree
2025,4,McCaCh00,Christian McCaffrey,RB,SF,00-0033280,26.1,1,False,True,weekly_stats_name_position_team,,crosswalk_fields_disagree,Warning,crosswalk_fields_disagree
2025,4,GibbJa00,Jahmyr Gibbs,RB,DET,00-0039139,17.7,1,False,True,weekly_stats_name_position_team,,crosswalk_fields_disagree,Warning,crosswalk_fields_disagree
2025,4,IrviBu00,Bucky Irving,RB,TB,00-0039361,25.5,1,False,True,weekly_stats_name_position_team,,crosswalk_fields_disagree,Warning,crosswalk_fields_disagree
2025,4,KamaAl00,Alvin Kamara,RB,NO,00-0033906,11.2,1,False,True,weekly_stats_name_position_team,,crosswalk_fields_disagree,Warning,crosswalk_fields_disagree
2025,4,GainKe00,Kenny Gainwell,RB,TB,00-0036919,31.4,1,False,True,master_name_position,,crosswalk_fields_disagree,Warning,crosswalk_fields_disagree
2025,4,EtieTr00,Travis Etienne Jr.,RB,NO,00-0036973,19.5,1,False,True,master_name_position,,crosswalk_fields_disagree,Warning,crosswalk_fields_disagree
2025,4,WalkKe01,Ken Walker III,RB,KC,00-0038134,12.0,1,False,True,manual_override,FBG uses Ken Walker and a stale KC team in the historical export,master_name_conflict,Warning,manual_override_applied;master_name_conflict
2025,4,HendTr00,TreVeyon Henderson,RB,NE,00-0040734,12.6,1,False,True,weekly_stats_name_position_team,,crosswalk_fields_disagree,Warning,crosswalk_fields_disagree
2025,4,StevRh00,Rhamondre Stevenson,RB,NE,00-0036875,5.1,1,False,True,weekly_stats_name_position_team,,crosswalk_fields_disagree,Warning,crosswalk_fields_disagree
2025,4,SermTr00,Trey Sermon,RB,ATL,00-0036984,0.0,1,False,False,master_name_position,,crosswalk_fields_disagree,Info,crosswalk_fields_disagree
2025,4,JohnKa01,Kaleb Johnson,RB,GB,00-0040142,2.2,1,False,False,manual_override,FBG uses JohnKa01 for Kaleb Johnson while the sibling crosswalk uses a different FBG ID,crosswalk_fields_disagree,Info,crosswalk_fields_disagree;manual_override_applied
2025,4,JohnTy00,Ty Johnson,RB,BUF,00-0035537,0.0,1,False,False,weekly_stats_name_position_team,,crosswalk_fields_disagree,Info,crosswalk_fields_disagree
2025,4,DemeEm00,Emari Demercado,RB,DAL,00-0038705,10.1,1,False,False,master_name_position,,crosswalk_fields_disagree,Info,crosswalk_fields_disagree
2025,4,WhitZa00,Zamir White,RB,NO,00-0038040,0.0,0,True,False,master_name_position,,no_actual_weekly_record;actual_score_created_from_missing_record,Info,
2025,4,AlleBr01,Braelon Allen,RB,NYJ,00-0039794,0.6,1,False,False,weekly_stats_name_position_team,,crosswalk_fields_disagree,Info,crosswalk_fields_disagree
2025,4,HaskHa00,Hassan Haskins,RB,NE,00-0037617,0.0,1,False,False,master_name_position,,crosswalk_fields_disagree,Info,crosswalk_fields_disagree
2025,4,GiddDJ00,DJ Giddens,RB,IND,00-0040179,0.0,0,True,False,weekly_roster_name_position_team,,no_actual_weekly_record;actual_score_created_from_missing_record,Info,
2025,4,JuszKy00,Kyle Juszczyk,RB,SF,00-0029892,0.0,0,True,False,weekly_roster_name_position_team,,no_actual_weekly_record;actual_score_created_from_missing_record,Info,gsis_id_not_in_master
2025,4,WrigJa05,Jacardia Wright,RB,SEA,00-0040067,0.0,0,True,False,weekly_roster_name_position_team,,no_actual_weekly_record;actual_score_created_from_missing_record,Info,
2025,4,IngoAl00,Alec Ingold,RB,LAC,00-0035125,0.0,0,True,False,manual_override,Top-player gate override because the historical FBG row uses a stale LAC team while the weekly roster identifies Alec Ingold as RB 00-0035125 for MIA,no_actual_weekly_record;actual_score_created_from_missing_record,Info,manual_override_applied;gsis_id_not_in_master
2025,4,ReynCr00,Craig Reynolds,RB,WAS,00-0035567,0.0,1,False,False,master_name_position,,crosswalk_fields_disagree,Info,crosswalk_fields_disagree
2025,4,PrenAd00,Adam Prentice,RB,DEN,00-0036727,0.0,0,True,False,weekly_roster_name_position_team,,no_actual_weekly_record;actual_score_created_from_missing_record,Info,gsis_id_not_in_master
2025,4,TuckSe00,Sean Tucker,RB,TB,00-0038951,0.0,1,False,False,weekly_stats_name_position_team,,crosswalk_fields_disagree,Info,crosswalk_fields_disagree
2025,4,KrafTu00,Tucker Kraft,TE,GB,00-0038996,10.6,1,False,True,weekly_stats_name_position_team,,crosswalk_fields_disagree,Warning,crosswalk_fields_disagree
2025,4,HenrHu00,Hunter Henry,TE,NE,00-0033090,11.9,1,False,True,weekly_stats_name_position_team,,crosswalk_fields_disagree,Warning,crosswalk_fields_disagree
2025,4,GrayNo00,Noah Gray,TE,KC,00-0036637,1.1,1,False,True,weekly_stats_name_position_team,,crosswalk_fields_disagree,Warning,crosswalk_fields_disagree
2025,4,KelcTr00,Travis Kelce,TE,KC,00-0030506,9.8,1,False,True,weekly_stats_name_position_team,,crosswalk_fields_disagree,Warning,crosswalk_fields_disagree
2025,4,OkonCh00,Chig Okonkwo,TE,WAS,00-0037809,1.4,1,False,True,master_name_position,,crosswalk_fields_disagree,Warning,crosswalk_fields_disagree
2025,4,TaylMa01,Mason Taylor,TE,NYJ,00-0040736,11.5,1,False,True,weekly_stats_name_position_team,,crosswalk_fields_disagree,Warning,crosswalk_fields_disagree
2025,4,FreiPa00,Pat Freiermuth,TE,PIT,00-0036894,0.0,0,True,True,weekly_roster_name_position_team,,no_actual_weekly_record;actual_score_created_from_missing_record,Warning,
2025,4,SampDr00,Drew Sample,TE,CIN,00-0035631,0.0,0,True,False,weekly_roster_name_position_team,,no_actual_weekly_record;actual_score_created_from_missing_record,Info,
2025,4,OttoCa00,Cade Otton,TE,TB,00-0038129,3.9,1,False,False,weekly_stats_name_position_team,,crosswalk_fields_disagree,Info,crosswalk_fields_disagree
2025,4,GranCa00,Cam Grandy,TE,MIN,00-0039631,0.0,0,True,False,master_name_position,,crosswalk_fields_disagree;no_actual_weekly_record;actual_score_created_from_missing_record,Info,crosswalk_fields_disagree
2025,4,LikeIs00,Isaiah Likely,TE,NYG,00-0037838,0.0,0,True,False,master_name_position,,no_actual_weekly_record;actual_score_created_from_missing_record,Info,
2025,4,HudsTa00,Tanner Hudson,TE,CIN,00-0034613,0.0,0,True,False,weekly_roster_name_position_team,,no_actual_weekly_record;actual_score_created_from_missing_record,Info,
2025,4,ReimTi00,Tip Reiman,TE,ARI,00-0039737,0.0,0,True,False,weekly_roster_name_position_team,,no_actual_weekly_record;actual_score_created_from_missing_record,Info,
2025,4,WallDa00,Darren Waller,TE,CAR,00-0031610,17.7,1,False,False,master_name_position,,crosswalk_fields_disagree,Info,crosswalk_fields_disagree
2025,4,SmytDu00,Durham Smythe,TE,BAL,00-0034798,0.0,0,True,False,master_name_position,,no_actual_weekly_record;actual_score_created_from_missing_record,Info,
2025,4,KrulLu00,Lucas Krull,TE,DEN,00-0037539,0.0,0,True,False,weekly_roster_name_position_team,,no_actual_weekly_record;actual_score_created_from_missing_record,Info,
2025,4,MusgLu00,Luke Musgrave,TE,GB,00-0039144,1.6,1,False,False,weekly_stats_name_position_team,,crosswalk_fields_disagree,Info,crosswalk_fields_disagree
2025,4,AlleDa01,Davis Allen,TE,LA,00-0039074,1.0,1,False,False,weekly_stats_name_position_team,,crosswalk_fields_disagree,Info,crosswalk_fields_disagree
2025,4,WrigBr00,Brock Wright,TE,DET,00-0036754,0.0,1,False,False,weekly_stats_name_position_team,,crosswalk_fields_disagree,Info,crosswalk_fields_disagree
2025,4,MillRy00,Ryan Miller,WR,MIA,00-0038824,0.0,0,True,False,master_name_position,,no_actual_weekly_record;actual_score_created_from_missing_record,Info,
2025,4,LongHu00,Hunter Long,TE,ARI,00-0037004,11.3,1,False,False,master_name_position,,crosswalk_fields_disagree,Info,crosswalk_fields_disagree
2025,4,AlieMo00,Mo Alie-Cox,TE,IND,00-0033217,0.0,0,True,False,weekly_roster_name_position_team,,no_actual_weekly_record;actual_score_created_from_missing_record,Info,
2025,4,SpanBr00,Brevyn Spann-Ford,TE,DAL,00-0039530,0.0,0,True,False,weekly_roster_name_position_team,,no_actual_weekly_record;actual_score_created_from_missing_record,Info,
2025,4,ParkCo00,Colby Parkinson,TE,LA,00-0036244,3.7,1,False,False,weekly_stats_name_position_team,,crosswalk_fields_disagree,Info,crosswalk_fields_disagree
2025,4,WoerCh00,Charlie Woerner,TE,ATL,00-0036429,0.0,0,True,False,weekly_roster_name_position_team,,no_actual_weekly_record;actual_score_created_from_missing_record,Info,
2025,4,WillBr04,Brayden Willis,TE,SF,00-0038643,0.0,1,False,False,weekly_stats_name_position_team,,crosswalk_fields_disagree,Info,crosswalk_fields_disagree
2025,4,HeywCo00,Connor Heyward,TE,LV,00-0037304,0.0,0,True,False,manual_override,Top-player gate override because the historical FBG row uses a stale LV team while the weekly roster identifies Connor Heyward as TE 00-0037304 for PIT,no_actual_weekly_record;actual_score_created_from_missing_record,Info,manual_override_applied;gsis_id_not_in_master
2025,4,DurhPa00,Payne Durham,TE,TB,00-0039050,0.0,1,False,False,weekly_stats_name_position_team,,crosswalk_fields_disagree,Info,crosswalk_fields_disagree
2025,4,HillJu01,Julian Hill,TE,NE,00-0038720,2.9,1,False,False,master_name_position,,crosswalk_fields_disagree,Info,crosswalk_fields_disagree
2025,4,SmitJa02,Jaxon Smith-Njigba,WR,SEA,00-0038543,13.0,1,False,True,weekly_stats_name_position_team,,crosswalk_fields_disagree,Warning,crosswalk_fields_disagree
2025,4,ThomBr01,Brian Thomas Jr.,WR,JAX,00-0039893,10.6,1,False,True,weekly_stats_name_position_team,,crosswalk_fields_disagree,Warning,crosswalk_fields_disagree
2025,4,SamuDe00,Deebo Samuel Sr.,WR,SF,00-0035719,20.1,1,False,True,master_name_position,,crosswalk_fields_disagree,Warning,crosswalk_fields_disagree
2025,4,OlavCh00,Chris Olave,WR,NO,00-0037239,9.0,1,False,True,weekly_stats_name_position_team,,crosswalk_fields_disagree,Warning,crosswalk_fields_disagree
2025,4,AlleKe00,Keenan Allen,WR,IND,00-0030279,8.7,1,False,True,master_name_position,,crosswalk_fields_disagree,Warning,crosswalk_fields_disagree
2025,4,EgbuEm00,Emeka Egbuka,WR,TB,00-0040129,20.1,1,False,True,weekly_stats_name_position_team,,crosswalk_fields_disagree,Warning,crosswalk_fields_disagree
2025,4,JohnQu01,Quentin Johnston,WR,LAC,00-0038544,23.8,1,False,True,weekly_stats_name_position_team,,crosswalk_fields_disagree,Warning,crosswalk_fields_disagree
2025,4,KirkCh00,Christian Kirk,WR,SF,00-0034775,5.0,1,False,False,master_name_position,,crosswalk_fields_disagree,Info,crosswalk_fields_disagree
2025,4,GodwCh00,Chris Godwin Jr.,WR,TB,00-0033921,5.6,1,False,False,weekly_stats_name_position_team,,crosswalk_fields_disagree,Info,crosswalk_fields_disagree
2025,4,BrowMa05,Hollywood Brown,WR,PHI,00-0035662,12.8,1,False,True,manual_override,FBG uses Hollywood Brown and a stale PHI team in the historical export,master_name_conflict,Warning,manual_override_applied;master_name_conflict
2025,4,HarrMa05,Marvin Harrison Jr.,WR,ARI,00-0039849,18.6,1,False,True,weekly_stats_name_position_team,,crosswalk_fields_disagree,Warning,crosswalk_fields_disagree
2025,4,BrowAJ00,A.J. Brown,WR,NE,00-0035676,2.7,1,False,True,master_name_position,,crosswalk_fields_disagree,Warning,crosswalk_fields_disagree
2025,4,WillJa09,Jameson Williams,WR,DET,00-0037240,5.7,1,False,False,weekly_stats_name_position_team,,crosswalk_fields_disagree,Info,crosswalk_fields_disagree
2025,4,GoldMa00,Matthew Golden,WR,GB,00-0040667,11.3,1,False,False,weekly_stats_name_position_team,,crosswalk_fields_disagree,Info,crosswalk_fields_disagree
2025,4,SmitDe04,DeVonta Smith,WR,PHI,00-0036912,4.9,1,False,True,weekly_stats_name_position_team,,crosswalk_fields_disagree,Warning,crosswalk_fields_disagree
2025,4,HuntTr00,Travis Hunter,WR,JAX,00-0040718,0.0,0,True,False,weekly_roster_name_position_team,,no_actual_weekly_record;actual_score_created_from_missing_record,Info,gsis_id_not_in_master
2025,4,DiggSt00,Stefon Diggs,WR,WAS,00-0031588,16.1,1,False,False,master_name_position,,crosswalk_fields_disagree,Info,crosswalk_fields_disagree
2025,4,WortXa00,Xavier Worthy,WR,KC,00-0039894,17.1,1,False,False,weekly_stats_name_position_team,,crosswalk_fields_disagree,Info,crosswalk_fields_disagree
2025,4,PalmJo01,Joshua Palmer,WR,BUF,00-0036988,4.5,1,False,False,master_name_position,,master_name_conflict,Info,master_name_conflict
2025,4,DoubRo00,Romeo Doubs,WR,NE,00-0037816,29.8,1,False,False,master_name_position,,crosswalk_fields_disagree,Info,crosswalk_fields_disagree
2025,4,ThorTy00,Tyquan Thornton,WR,KC,00-0038104,8.1,1,False,False,weekly_stats_name_position_team,,crosswalk_fields_disagree,Info,crosswalk_fields_disagree
2025,4,DougDe00,DeMario Douglas,WR,NE,00-0038621,0.0,0,True,False,weekly_roster_name_position_team,,crosswalk_fields_disagree;no_actual_weekly_record;actual_score_created_from_missing_record,Info,crosswalk_fields_disagree
2025,4,MoorCh00,Chris Moore,WR,BAL,00-0032398,0.9,1,False,False,master_name_position,,crosswalk_fields_disagree,Info,crosswalk_fields_disagree
2025,4,BoutKa00,Kayshon Boutte,WR,HOU,00-0038608,2.8,1,False,False,master_name_position,,crosswalk_fields_disagree,Info,crosswalk_fields_disagree
2025,4,McClRa00,Ray-Ray McCloud III,WR,CHI,00-0034407,0.3,1,False,False,master_name_position,,crosswalk_fields_disagree,Info,crosswalk_fields_disagree
2025,4,SlayDa00,Darius Slayton,WR,NYG,00-0035535,7.4,1,False,False,weekly_stats_name_position_team,,crosswalk_fields_disagree,Info,crosswalk_fields_disagree
2025,4,WashCa01,Casey Washington,WR,CAR,00-0039394,2.9,1,False,False,master_name_position,,crosswalk_fields_disagree,Info,crosswalk_fields_disagree
2025,4,HollMa00,Mack Hollins,WR,NE,00-0033555,7.4,1,False,False,weekly_stats_name_position_team,,crosswalk_fields_disagree,Info,crosswalk_fields_disagree
2025,4,MoorDa01,David Moore,WR,CAR,00-0033589,1.2,1,False,False,weekly_stats_name_position_team,,crosswalk_fields_disagree,Info,crosswalk_fields_disagree
2025,4,ScotZa00,Zavier Scott,RB,CHI,00-0038440,16.4,1,False,False,master_name_position,,crosswalk_fields_disagree,Info,crosswalk_fields_disagree
2025,4,SmitAr01,Arian Smith,WR,NYJ,00-0040582,0.0,0,True,False,weekly_roster_name_position_team,,no_actual_weekly_record;actual_score_created_from_missing_record,Info,
2025,4,TeSlIs00,Isaac TeSlaa,WR,DET,00-0040669,0.0,0,True,False,weekly_roster_name_position_team,,no_actual_weekly_record;actual_score_created_from_missing_record,Info,
2025,4,ThraJa01,Jamari Thrash,WR,CLE,00-0039379,0.0,0,True,False,weekly_roster_name_position_team,,no_actual_weekly_record;actual_score_created_from_missing_record,Info,
2025,4,AtweTu00,Tutu Atwell,WR,LA,00-0036849,15.8,1,False,False,weekly_stats_name_position_team,,crosswalk_fields_disagree,Info,crosswalk_fields_disagree
2025,4,WillSa00,Savion Williams,WR,GB,00-0040009,5.3,1,False,False,weekly_stats_name_position_team,,crosswalk_fields_disagree,Info,crosswalk_fields_disagree
2025,4,LambKe00,Keandre Lambert-Smith,WR,LAC,00-0040184,0.0,1,False,False,weekly_stats_name_position_team,,crosswalk_fields_disagree,Info,crosswalk_fields_disagree
2025,4,VeleDe00,Devaughn Vele,WR,NO,00-0039424,0.0,0,True,False,weekly_roster_name_position_team,,crosswalk_fields_disagree;no_actual_weekly_record;actual_score_created_from_missing_record,Info,crosswalk_fields_disagree
2025,4,TinsMi00,Mitch Tinsley,WR,HOU,00-0038839,1.9,1,False,False,master_name_position,,crosswalk_fields_disagree;master_name_conflict,Info,crosswalk_fields_disagree;master_name_conflict
2025,4,SherTr00,Trent Sherfield,WR,BUF,00-0034487,0.0,0,True,False,master_name_position,,no_actual_weekly_record;actual_score_created_from_missing_record,Info,
2025,4,WillKy01,Kyle Williams,WR,NE,00-0040131,-0.2,1,False,False,weekly_stats_name_position_team,,crosswalk_fields_disagree,Info,crosswalk_fields_disagree
2025,4,WilsRo02,Roman Wilson,WR,PIT,00-0039739,0.0,0,True,False,weekly_roster_name_position_team,,no_actual_weekly_record;actual_score_created_from_missing_record,Info,
2025,4,BachAl00,Alex Bachman,WR,LA,00-0035602,0.0,0,True,False,master_name_position,,crosswalk_fields_disagree;no_actual_weekly_record;actual_score_created_from_missing_record,Info,crosswalk_fields_disagree
2025,4,MoorSk00,Skyy Moore,WR,GB,00-0038090,0.0,1,False,False,master_name_position,,crosswalk_fields_disagree,Info,crosswalk_fields_disagree
2025,4,JohnTe01,Tez Johnson,WR,TB,00-0040237,2.3,1,False,False,weekly_stats_name_position_team,,crosswalk_fields_disagree,Info,crosswalk_fields_disagree
2025,4,RemiNi00,Nikko Remigio,WR,KC,00-0038519,0.0,1,False,False,weekly_stats_name_position_team,,crosswalk_fields_disagree,Info,crosswalk_fields_disagree
2025,4,HyatJa00,Jalin Hyatt,WR,NYG,00-0038938,0.0,0,True,False,weekly_roster_name_position_team,,no_actual_weekly_record;actual_score_created_from_missing_record,Info,
2025,4,AustKe00,Kevin Austin Jr,WR,NO,00-0037231,0.0,0,True,False,weekly_roster_name_position_team,,crosswalk_fields_disagree;no_actual_weekly_record;actual_score_created_from_missing_record,Info,crosswalk_fields_disagree
2025,4,CartNa00,Nathan Carter,RB,KC,00-0040547,0.0,0,True,False,manual_override,Drafter player crosswalk supplies the GSIS ID,master_name_conflict;no_actual_weekly_record;actual_score_created_from_missing_record,Info,manual_override_applied;master_name_conflict
2025,4,SillDa00,David Sills V,WR,TB,00-0035359,0.0,0,True,False,master_name_position,,no_actual_weekly_record;actual_score_created_from_missing_record,Info,
2025,4,OgunDa00,Dare Ogunbowale,RB,LV,00-0033854,0.0,0,True,False,master_name_position,,crosswalk_fields_disagree;no_actual_weekly_record;actual_score_created_from_missing_record,Info,crosswalk_fields_disagree
2025,4,BrowDy00,Dyami Brown,WR,WAS,00-0036626,0.0,0,True,False,master_name_position,,no_actual_weekly_record;actual_score_created_from_missing_record,Info,
2025,4,FergTe00,Terrance Ferguson,TE,LA,00-0040737,0.0,0,True,False,weekly_roster_name_position_team,,no_actual_weekly_record;actual_score_created_from_missing_record,Info,
2025,4,WrigJa04,Jaylen Wright,RB,MIA,00-0039874,0.0,0,True,False,weekly_roster_name_position_team,,no_actual_weekly_record;actual_score_created_from_missing_record,Info,
2025,4,MillSc01,Scotty Miller,WR,CHI,00-0035298,0.0,1,False,False,pfr_crosswalk_verified,,master_name_conflict,Info,master_name_conflict
2025,4,KolaCh00,Charlie Kolar,TE,LAC,00-0038046,0.0,0,True,False,master_name_position,,no_actual_weekly_record;actual_score_created_from_missing_record,Info,
2025,4,MilrJa00,Jalen Milroe,QB,SEA,00-0040673,0.0,0,True,False,weekly_roster_name_position_team,,no_actual_weekly_record;actual_score_created_from_missing_record,Info,
2025,5,AlleJo01,Josh Allen,QB,BUF,00-0034857,19.42,1,False,True,weekly_stats_name_position_team,,crosswalk_fields_disagree,Warning,crosswalk_fields_disagree
2025,5,JohnTy00,Ty Johnson,RB,BUF,00-0035537,1.0,1,False,False,weekly_stats_name_position_team,,crosswalk_fields_disagree,Info,crosswalk_fields_disagree
2025,5,HaweJa00,Jackson Hawes,TE,BUF,00-0040194,0.0,0,True,False,weekly_roster_name_position_team,,no_actual_weekly_record;actual_score_created_from_missing_record,Info,
2025,5,PalmJo01,Joshua Palmer,WR,BUF,00-0036988,5.6,1,False,False,master_name_position,,master_name_conflict,Info,master_name_conflict
2025,5,MoorEl00,Elijah Moore,WR,PHI,00-0036980,0.0,0,True,False,master_name_position,,no_actual_weekly_record;actual_score_created_from_missing_record,Info,
2025,5,FantNo00,Noah Fant,TE,NO,00-0035644,0.0,0,True,True,master_name_position,,crosswalk_fields_disagree;no_actual_weekly_record;actual_score_created_from_missing_record,Warning,crosswalk_fields_disagree
2025,5,TinsMi00,Mitch Tinsley,WR,HOU,00-0038839,0.0,0,True,False,master_name_position,,crosswalk_fields_disagree;master_name_conflict;no_actual_weekly_record;actual_score_created_from_missing_record,Info,crosswalk_fields_disagree;master_name_conflict
2025,5,DemeEm00,Emari Demercado,RB,DAL,00-0038705,6.1,1,False,True,master_name_position,,crosswalk_fields_disagree,Warning,crosswalk_fields_disagree
2025,5,HarrMa05,Marvin Harrison Jr.,WR,ARI,00-0039849,13.8,1,False,True,weekly_stats_name_position_team,,crosswalk_fields_disagree,Warning,crosswalk_fields_disagree
2025,5,BlueJa01,Jaydon Blue,RB,PHI,00-0040586,0.7,1,False,False,master_name_position,,crosswalk_fields_disagree,Info,crosswalk_fields_disagree
2025,5,GibbJa00,Jahmyr Gibbs,RB,DET,00-0039139,16.7,1,False,True,weekly_stats_name_position_team,,crosswalk_fields_disagree,Warning,crosswalk_fields_disagree
2025,5,WillJa09,Jameson Williams,WR,DET,00-0037240,2.0,1,False,True,weekly_stats_name_position_team,,crosswalk_fields_disagree,Warning,crosswalk_fields_disagree
2025,5,KirkCh00,Christian Kirk,WR,SF,00-0034775,10.4,1,False,False,master_name_position,,crosswalk_fields_disagree,Info,crosswalk_fields_disagree
2025,5,EtieTr00,Travis Etienne Jr.,RB,NO,00-0036973,8.8,1,False,True,master_name_position,,crosswalk_fields_disagree,Warning,crosswalk_fields_disagree
2025,5,LongHu00,Hunter Long,TE,ARI,00-0037004,1.3,1,False,False,master_name_position,,crosswalk_fields_disagree,Info,crosswalk_fields_disagree
2025,5,ThomBr01,Brian Thomas Jr.,WR,JAX,00-0039893,12.0,1,False,True,weekly_stats_name_position_team,,crosswalk_fields_disagree,Warning,crosswalk_fields_disagree
2025,5,HuntTr00,Travis Hunter,WR,JAX,00-0040718,0.0,0,True,False,weekly_roster_name_position_team,,no_actual_weekly_record;actual_score_created_from_missing_record,Info,gsis_id_not_in_master
2025,5,MahoPa00,Patrick Mahomes II,QB,KC,00-0033873,26.72,1,False,True,weekly_stats_name_position_team,,crosswalk_fields_disagree,Warning,crosswalk_fields_disagree
2025,5,KelcTr00,Travis Kelce,TE,KC,00-0030506,19.1,1,False,True,weekly_stats_name_position_team,,crosswalk_fields_disagree,Warning,crosswalk_fields_disagree
2025,5,GrayNo00,Noah Gray,TE,KC,00-0036637,0.0,0,True,False,weekly_roster_name_position_team,,crosswalk_fields_disagree;no_actual_weekly_record;actual_score_created_from_missing_record,Info,crosswalk_fields_disagree
2025,5,WortXa00,Xavier Worthy,WR,KC,00-0039894,11.1,1,False,True,weekly_stats_name_position_team,,crosswalk_fields_disagree,Warning,crosswalk_fields_disagree
2025,5,BrowMa05,Hollywood Brown,WR,PHI,00-0035662,8.8,1,False,True,manual_override,FBG uses Hollywood Brown and a stale PHI team in the historical export,master_name_conflict,Warning,manual_override_applied;master_name_conflict
2025,5,ThorTy00,Tyquan Thornton,WR,KC,00-0038104,12.0,1,False,False,weekly_stats_name_position_team,,crosswalk_fields_disagree,Info,crosswalk_fields_disagree
2025,5,WallDa00,Darren Waller,TE,CAR,00-0031610,18.8,1,False,True,master_name_position,,crosswalk_fields_disagree,Warning,crosswalk_fields_disagree
2025,5,WestNi00,Nick Westbrook-Ikhine,WR,IND,00-0036182,0.0,0,True,False,master_name_position,,no_actual_weekly_record;actual_score_created_from_missing_record,Info,
2025,5,ScotZa00,Zavier Scott,RB,CHI,00-0038440,-0.2,1,False,True,master_name_position,,crosswalk_fields_disagree,Warning,crosswalk_fields_disagree
2025,5,RattSp00,Spencer Rattler,QB,NO,00-0039376,16.1,1,False,True,weekly_stats_name_position_team,,crosswalk_fields_disagree,Warning,crosswalk_fields_disagree
2025,5,KamaAl00,Alvin Kamara,RB,NO,00-0033906,9.5,1,False,True,weekly_stats_name_position_team,,crosswalk_fields_disagree,Warning,crosswalk_fields_disagree
2025,5,OlavCh00,Chris Olave,WR,NO,00-0037239,12.9,1,False,True,weekly_stats_name_position_team,,crosswalk_fields_disagree,Warning,crosswalk_fields_disagree
2025,5,MayeDr00,Drake Maye,QB,NE,00-0039851,12.12,1,False,True,weekly_stats_name_position_team,,crosswalk_fields_disagree,Warning,crosswalk_fields_disagree
2025,5,HendTr00,TreVeyon Henderson,RB,NE,00-0040734,4.7,1,False,True,weekly_stats_name_position_team,,crosswalk_fields_disagree,Warning,crosswalk_fields_disagree
2025,5,StevRh00,Rhamondre Stevenson,RB,NE,00-0036875,14.7,1,False,True,weekly_stats_name_position_team,,crosswalk_fields_disagree,Warning,crosswalk_fields_disagree
2025,5,HenrHu00,Hunter Henry,TE,NE,00-0033090,6.6,1,False,True,weekly_stats_name_position_team,,crosswalk_fields_disagree,Warning,crosswalk_fields_disagree
2025,5,HoopAu00,Austin Hooper,TE,ATL,00-0032392,0.0,0,True,True,master_name_position,,no_actual_weekly_record;actual_score_created_from_missing_record,Warning,
2025,5,DiggSt00,Stefon Diggs,WR,WAS,00-0031588,24.6,1,False,True,master_name_position,,crosswalk_fields_disagree,Warning,crosswalk_fields_disagree
2025,5,BoutKa00,Kayshon Boutte,WR,HOU,00-0038608,7.3,1,False,False,master_name_position,,crosswalk_fields_disagree,Info,crosswalk_fields_disagree
2025,5,HollMa00,Mack Hollins,WR,NE,00-0033555,0.0,0,True,False,weekly_roster_name_position_team,,crosswalk_fields_disagree;no_actual_weekly_record;actual_score_created_from_missing_record,Info,crosswalk_fields_disagree
2025,5,SlayDa00,Darius Slayton,WR,NYG,00-0035535,4.1,1,False,False,weekly_stats_name_position_team,,crosswalk_fields_disagree,Info,crosswalk_fields_disagree
2025,5,FielJu00,Justin Fields,QB,KC,00-0036945,25.92,1,False,True,master_name_position,,crosswalk_fields_disagree,Warning,crosswalk_fields_disagree
2025,5,TaylMa01,Mason Taylor,TE,NYJ,00-0040736,17.7,1,False,True,weekly_stats_name_position_team,,crosswalk_fields_disagree,Warning,crosswalk_fields_disagree
2025,5,OkonCh00,Chig Okonkwo,TE,WAS,00-0037809,8.8,1,False,True,master_name_position,,crosswalk_fields_disagree,Warning,crosswalk_fields_disagree
2025,5,BrowAJ00,A.J. Brown,WR,NE,00-0035676,9.3,1,False,True,master_name_position,,crosswalk_fields_disagree,Warning,crosswalk_fields_disagree
2025,5,SmitDe04,DeVonta Smith,WR,PHI,00-0036912,19.4,1,False,True,weekly_stats_name_position_team,,crosswalk_fields_disagree,Warning,crosswalk_fields_disagree
2025,5,HigbTy01,Tyler Higbee,TE,LA,00-0033110,0.0,0,True,False,weekly_roster_name_position_team,,no_actual_weekly_record;actual_score_created_from_missing_record,Info,
2025,5,ParkCo00,Colby Parkinson,TE,LA,00-0036244,0.0,1,False,False,weekly_stats_name_position_team,,crosswalk_fields_disagree,Info,crosswalk_fields_disagree
2025,5,AlleDa01,Davis Allen,TE,LA,00-0039074,4.4,1,False,False,weekly_stats_name_position_team,,crosswalk_fields_disagree,Info,crosswalk_fields_disagree
2025,5,RushCo00,Cooper Rush,QB,ATL,00-0033662,1.16,1,False,True,master_name_position,,crosswalk_fields_disagree,Warning,crosswalk_fields_disagree
2025,5,HaskHa00,Hassan Haskins,RB,NE,00-0037617,2.5,1,False,False,master_name_position,,crosswalk_fields_disagree,Info,crosswalk_fields_disagree
2025,5,AlleKe00,Keenan Allen,WR,IND,00-0030279,10.8,1,False,True,master_name_position,,crosswalk_fields_disagree,Warning,crosswalk_fields_disagree
2025,5,JohnQu01,Quentin Johnston,WR,LAC,00-0038544,6.9,1,False,True,weekly_stats_name_position_team,,crosswalk_fields_disagree,Warning,crosswalk_fields_disagree
2025,5,HarrTr03,Tre' Harris,WR,LAC,00-0040727,0.0,0,True,False,weekly_roster_name_position_team,,no_actual_weekly_record;actual_score_created_from_missing_record,Info,
2025,5,WalkKe01,Ken Walker III,RB,KC,00-0038134,9.6,1,False,True,manual_override,FBG uses Ken Walker and a stale KC team in the historical export,master_name_conflict,Warning,manual_override_applied;master_name_conflict
2025,5,SmitJa02,Jaxon Smith-Njigba,WR,SEA,00-0038543,27.2,1,False,True,weekly_stats_name_position_team,,crosswalk_fields_disagree,Warning,crosswalk_fields_disagree
2025,5,JoneMa04,Mac Jones,QB,SF,00-0036972,22.18,1,False,True,weekly_stats_name_position_team,,crosswalk_fields_disagree,Warning,crosswalk_fields_disagree
2025,5,McCaCh00,Christian McCaffrey,RB,SF,00-0033280,27.9,1,False,True,weekly_stats_name_position_team,,crosswalk_fields_disagree,Warning,crosswalk_fields_disagree
2025,5,JuszKy00,Kyle Juszczyk,RB,SF,00-0029892,0.0,0,True,False,weekly_roster_name_position_team,,no_actual_weekly_record;actual_score_created_from_missing_record,Info,gsis_id_not_in_master
2025,5,MoorSk00,Skyy Moore,WR,GB,00-0038090,0.1,1,False,False,master_name_position,,crosswalk_fields_disagree,Info,crosswalk_fields_disagree
2025,5,MayfBa00,Baker Mayfield,QB,TB,00-0034855,26.66,1,False,True,weekly_stats_name_position_team,,crosswalk_fields_disagree,Warning,crosswalk_fields_disagree
2025,5,TuckSe00,Sean Tucker,RB,TB,00-0038951,2.9,1,False,True,weekly_stats_name_position_team,,crosswalk_fields_disagree,Warning,crosswalk_fields_disagree
2025,5,OttoCa00,Cade Otton,TE,TB,00-0038129,12.1,1,False,False,weekly_stats_name_position_team,,crosswalk_fields_disagree,Info,crosswalk_fields_disagree
2025,5,EgbuEm00,Emeka Egbuka,WR,TB,00-0040129,31.3,1,False,True,weekly_stats_name_position_team,,crosswalk_fields_disagree,Warning,crosswalk_fields_disagree
2025,5,JohnTe01,Tez Johnson,WR,TB,00-0040237,9.9,1,False,False,weekly_stats_name_position_team,,crosswalk_fields_disagree,Info,crosswalk_fields_disagree
2025,5,GodwCh00,Chris Godwin Jr.,WR,TB,00-0033921,5.6,1,False,True,weekly_stats_name_position_team,,crosswalk_fields_disagree,Warning,crosswalk_fields_disagree
2025,5,SamuDe00,Deebo Samuel Sr.,WR,SF,00-0035719,23.6,1,False,True,master_name_position,,crosswalk_fields_disagree,Warning,crosswalk_fields_disagree
2025,5,MoorCh00,Chris Moore,WR,BAL,00-0032398,0.0,1,False,False,master_name_position,,crosswalk_fields_disagree,Info,crosswalk_fields_disagree
2025,5,PrenAd00,Adam Prentice,RB,DEN,00-0036727,0.0,0,True,False,weekly_roster_name_position_team,,no_actual_weekly_record;actual_score_created_from_missing_record,Info,gsis_id_not_in_master
2025,5,ReynCr00,Craig Reynolds,RB,WAS,00-0035567,0.0,1,False,False,master_name_position,,crosswalk_fields_disagree,Info,crosswalk_fields_disagree
2025,5,WrigBr00,Brock Wright,TE,DET,00-0036754,8.9,1,False,False,weekly_stats_name_position_team,,crosswalk_fields_disagree,Info,crosswalk_fields_disagree
2025,5,OgunDa00,Dare Ogunbowale,RB,LV,00-0033854,0.0,1,False,False,master_name_position,,crosswalk_fields_disagree,Info,crosswalk_fields_disagree
2025,5,AlieMo00,Mo Alie-Cox,TE,IND,00-0033217,0.0,0,True,False,weekly_roster_name_position_team,,no_actual_weekly_record;actual_score_created_from_missing_record,Info,
2025,5,LambKe00,Keandre Lambert-Smith,WR,LAC,00-0040184,0.0,1,False,False,weekly_stats_name_position_team,,crosswalk_fields_disagree,Info,crosswalk_fields_disagree
2025,5,AtweTu00,Tutu Atwell,WR,LA,00-0036849,9.2,1,False,False,weekly_stats_name_position_team,,crosswalk_fields_disagree,Info,crosswalk_fields_disagree
2025,5,BachAl00,Alex Bachman,WR,LA,00-0035602,1.9,1,False,False,master_name_position,,crosswalk_fields_disagree,Info,crosswalk_fields_disagree
2025,5,IngoAl00,Alec Ingold,RB,LAC,00-0035125,0.0,0,True,False,manual_override,Top-player gate override because the historical FBG row uses a stale LAC team while the weekly roster identifies Alec Ingold as RB 00-0035125 for MIA,no_actual_weekly_record;actual_score_created_from_missing_record,Info,manual_override_applied;gsis_id_not_in_master
2025,5,HillJu01,Julian Hill,TE,NE,00-0038720,6.2,1,False,False,master_name_position,,crosswalk_fields_disagree,Info,crosswalk_fields_disagree
2025,5,DougDe00,DeMario Douglas,WR,NE,00-0038621,3.7,1,False,False,weekly_stats_name_position_team,,crosswalk_fields_disagree,Info,crosswalk_fields_disagree
2025,5,WillKy01,Kyle Williams,WR,NE,00-0040131,0.0,0,True,False,weekly_roster_name_position_team,,crosswalk_fields_disagree;no_actual_weekly_record;actual_score_created_from_missing_record,Info,crosswalk_fields_disagree
2025,5,MoreFo00,Foster Moreau,TE,HOU,00-0034981,0.0,0,True,False,master_name_position,,no_actual_weekly_record;actual_score_created_from_missing_record,Info,
2025,5,VeleDe00,Devaughn Vele,WR,NO,00-0039424,3.3,1,False,False,weekly_stats_name_position_team,,crosswalk_fields_disagree,Info,crosswalk_fields_disagree
2025,5,AustKe00,Kevin Austin Jr,WR,NO,00-0037231,0.0,0,True,False,weekly_roster_name_position_team,,crosswalk_fields_disagree;no_actual_weekly_record;actual_score_created_from_missing_record,Info,crosswalk_fields_disagree
2025,5,ManhCh00,Chris Manhertz,TE,NYG,00-0031484,0.0,0,True,False,weekly_roster_name_position_team,,no_actual_weekly_record;actual_score_created_from_missing_record,Info,
2025,5,MetcJo00,John Metchie III,WR,CAR,00-0037614,0.0,0,True,False,master_name_position,,no_actual_weekly_record;actual_score_created_from_missing_record,Info,
2025,5,SaubEr00,Eric Saubert,TE,SEA,00-0033576,0.0,0,True,False,weekly_roster_name_position_team,,no_actual_weekly_record;actual_score_created_from_missing_record,Info,
2025,5,DurhPa00,Payne Durham,TE,TB,00-0039050,0.0,1,False,False,weekly_stats_name_position_team,,crosswalk_fields_disagree,Info,crosswalk_fields_disagree
2025,5,MillRy00,Ryan Miller,WR,MIA,00-0038824,0.0,0,True,False,master_name_position,,no_actual_weekly_record;actual_score_created_from_missing_record,Info,
2025,5,SinnBe00,Ben Sinnott,TE,WAS,00-0039912,0.0,0,True,False,weekly_roster_name_position_team,,no_actual_weekly_record;actual_score_created_from_missing_record,Info,
2025,5,WhitZa00,Zamir White,RB,NO,00-0038040,0.0,0,True,False,master_name_position,,no_actual_weekly_record;actual_score_created_from_missing_record,Info,
2025,5,BrooTa00,Tahj Brooks,RB,CIN,00-0040208,0.0,0,True,False,weekly_roster_name_position_team,,no_actual_weekly_record;actual_score_created_from_missing_record,Info,
2025,5,GranCa00,Cam Grandy,TE,MIN,00-0039631,0.0,0,True,False,master_name_position,,crosswalk_fields_disagree;no_actual_weekly_record;actual_score_created_from_missing_record,Info,crosswalk_fields_disagree
2025,5,WhitBl01,Blake Whiteheart,TE,CLE,00-0038710,0.0,0,True,False,weekly_roster_name_position_team,,no_actual_weekly_record;actual_score_created_from_missing_record,Info,
2025,5,WillBr04,Brayden Willis,TE,SF,00-0038643,0.0,1,False,False,weekly_stats_name_position_team,,crosswalk_fields_disagree,Info,crosswalk_fields_disagree
2025,5,CowiJa00,Jacob Cowing,WR,SF,00-0039365,0.0,0,True,False,weekly_roster_name_position_team,,no_actual_weekly_record;actual_score_created_from_missing_record,Info,
2025,5,WallTy00,Tylan Wallace,WR,CLE,00-0036630,0.0,0,True,False,master_name_position,,no_actual_weekly_record;actual_score_created_from_missing_record,Info,
2025,6,AlleJo01,Josh Allen,QB,BUF,00-0034857,15.4,1,False,True,weekly_stats_name_position_team,,crosswalk_fields_disagree,Warning,crosswalk_fields_disagree
2025,6,MahoPa00,Patrick Mahomes II,QB,KC,00-0033873,31.48,1,False,True,weekly_stats_name_position_team,,crosswalk_fields_disagree,Warning,crosswalk_fields_disagree
2025,6,MayfBa00,Baker Mayfield,QB,TB,00-0034855,19.64,1,False,True,weekly_stats_name_position_team,,crosswalk_fields_disagree,Warning,crosswalk_fields_disagree
2025,6,MayeDr00,Drake Maye,QB,NE,00-0039851,27.24,1,False,True,weekly_stats_name_position_team,,crosswalk_fields_disagree,Warning,crosswalk_fields_disagree
2025,6,FielJu00,Justin Fields,QB,KC,00-0036945,4.9,1,False,True,master_name_position,,crosswalk_fields_disagree,Warning,crosswalk_fields_disagree
2025,6,JoneMa04,Mac Jones,QB,SF,00-0036972,11.18,1,False,True,weekly_stats_name_position_team,,crosswalk_fields_disagree,Warning,crosswalk_fields_disagree
2025,6,RattSp00,Spencer Rattler,QB,NO,00-0039376,11.08,1,False,True,weekly_stats_name_position_team,,crosswalk_fields_disagree,Warning,crosswalk_fields_disagree
2025,6,RushCo00,Cooper Rush,QB,ATL,00-0033662,-1.12,1,False,True,master_name_position,,crosswalk_fields_disagree,Warning,crosswalk_fields_disagree
2025,6,McCaCh00,Christian McCaffrey,RB,SF,00-0033280,24.1,1,False,True,weekly_stats_name_position_team,,crosswalk_fields_disagree,Warning,crosswalk_fields_disagree
2025,6,GibbJa00,Jahmyr Gibbs,RB,DET,00-0039139,7.5,1,False,True,weekly_stats_name_position_team,,crosswalk_fields_disagree,Warning,crosswalk_fields_disagree
2025,6,EtieTr00,Travis Etienne Jr.,RB,NO,00-0036973,9.5,1,False,True,master_name_position,,crosswalk_fields_disagree,Warning,crosswalk_fields_disagree
2025,6,KamaAl00,Alvin Kamara,RB,NO,00-0033906,12.6,1,False,True,weekly_stats_name_position_team,,crosswalk_fields_disagree,Warning,crosswalk_fields_disagree
2025,6,WalkKe01,Ken Walker III,RB,KC,00-0038134,4.7,1,False,True,manual_override,FBG uses Ken Walker and a stale KC team in the historical export,master_name_conflict,Warning,manual_override_applied;master_name_conflict
2025,6,HendTr00,TreVeyon Henderson,RB,NE,00-0040734,4.6,1,False,True,weekly_stats_name_position_team,,crosswalk_fields_disagree,Warning,crosswalk_fields_disagree
2025,6,StevRh00,Rhamondre Stevenson,RB,NE,00-0036875,1.8,1,False,True,weekly_stats_name_position_team,,crosswalk_fields_disagree,Warning,crosswalk_fields_disagree
2025,6,GainKe00,Kenny Gainwell,RB,TB,00-0036919,9.6,1,False,True,master_name_position,,crosswalk_fields_disagree,Warning,crosswalk_fields_disagree
2025,6,HaskHa00,Hassan Haskins,RB,NE,00-0037617,3.3,1,False,True,master_name_position,,crosswalk_fields_disagree,Warning,crosswalk_fields_disagree
2025,6,TuckSe00,Sean Tucker,RB,TB,00-0038951,8.5,1,False,False,weekly_stats_name_position_team,,crosswalk_fields_disagree,Info,crosswalk_fields_disagree
2025,6,WhitZa00,Zamir White,RB,NO,00-0038040,0.0,0,True,False,master_name_position,,no_actual_weekly_record;actual_score_created_from_missing_record,Info,
2025,6,JohnTy00,Ty Johnson,RB,BUF,00-0035537,2.6,1,False,False,weekly_stats_name_position_team,,crosswalk_fields_disagree,Info,crosswalk_fields_disagree
2025,6,JuszKy00,Kyle Juszczyk,RB,SF,00-0029892,0.0,0,True,False,weekly_roster_name_position_team,,no_actual_weekly_record;actual_score_created_from_missing_record,Info,gsis_id_not_in_master
2025,6,GiddDJ00,DJ Giddens,RB,IND,00-0040179,0.0,0,True,False,weekly_roster_name_position_team,,no_actual_weekly_record;actual_score_created_from_missing_record,Info,
2025,6,DemeEm00,Emari Demercado,RB,DAL,00-0038705,0.1,1,False,False,master_name_position,,crosswalk_fields_disagree,Info,crosswalk_fields_disagree
2025,6,BlueJa01,Jaydon Blue,RB,PHI,00-0040586,0.0,1,False,False,master_name_position,,crosswalk_fields_disagree,Info,crosswalk_fields_disagree
2025,6,IngoAl00,Alec Ingold,RB,LAC,00-0035125,0.0,0,True,False,manual_override,Top-player gate override because the historical FBG row uses a stale LAC team while the weekly roster identifies Alec Ingold as RB 00-0035125 for MIA,no_actual_weekly_record;actual_score_created_from_missing_record,Info,manual_override_applied;gsis_id_not_in_master
2025,6,CartNa00,Nathan Carter,RB,KC,00-0040547,0.0,0,True,False,manual_override,Drafter player crosswalk supplies the GSIS ID,master_name_conflict;no_actual_weekly_record;actual_score_created_from_missing_record,Info,manual_override_applied;master_name_conflict
2025,6,JohnKa01,Kaleb Johnson,RB,GB,00-0040142,1.5,1,False,False,manual_override,FBG uses JohnKa01 for Kaleb Johnson while the sibling crosswalk uses a different FBG ID,crosswalk_fields_disagree,Info,crosswalk_fields_disagree;manual_override_applied
2025,6,BrooTa00,Tahj Brooks,RB,CIN,00-0040208,0.0,0,True,False,weekly_roster_name_position_team,,no_actual_weekly_record;actual_score_created_from_missing_record,Info,
2025,6,BeckAn00,Andrew Beck,RB,NYJ,00-0034959,0.0,0,True,False,manual_override,FBG position and team differ from the weekly roster record,no_actual_weekly_record;actual_score_created_from_missing_record,Info,manual_override_applied;gsis_id_not_in_master
2025,6,NealDe00,Devin Neal,RB,NO,00-0040202,0.0,0,True,False,weekly_roster_name_position_team,,crosswalk_fields_disagree;no_actual_weekly_record;actual_score_created_from_missing_record,Info,crosswalk_fields_disagree
2025,6,PrenAd00,Adam Prentice,RB,DEN,00-0036727,0.0,0,True,False,weekly_roster_name_position_team,,no_actual_weekly_record;actual_score_created_from_missing_record,Info,gsis_id_not_in_master
2025,6,ReynCr00,Craig Reynolds,RB,WAS,00-0035567,0.0,1,False,False,master_name_position,,crosswalk_fields_disagree,Info,crosswalk_fields_disagree
2025,6,KrafTu00,Tucker Kraft,TE,GB,00-0038996,12.3,1,False,True,weekly_stats_name_position_team,,crosswalk_fields_disagree,Warning,crosswalk_fields_disagree
2025,6,KelcTr00,Travis Kelce,TE,KC,00-0030506,13.8,1,False,True,weekly_stats_name_position_team,,crosswalk_fields_disagree,Warning,crosswalk_fields_disagree
2025,6,HenrHu00,Hunter Henry,TE,NE,00-0033090,5.7,1,False,True,weekly_stats_name_position_team,,crosswalk_fields_disagree,Warning,crosswalk_fields_disagree
2025,6,WallDa00,Darren Waller,TE,CAR,00-0031610,9.2,1,False,True,master_name_position,,crosswalk_fields_disagree,Warning,crosswalk_fields_disagree
2025,6,KincDa00,Dalton Kincaid,TE,BUF,00-0038933,0.0,0,True,False,weekly_roster_name_position_team,,no_actual_weekly_record;actual_score_created_from_missing_record,Info,
2025,6,TaylMa01,Mason Taylor,TE,NYJ,00-0040736,1.2,1,False,True,weekly_stats_name_position_team,,crosswalk_fields_disagree,Warning,crosswalk_fields_disagree
2025,6,OkonCh00,Chig Okonkwo,TE,WAS,00-0037809,10.6,1,False,True,master_name_position,,crosswalk_fields_disagree,Warning,crosswalk_fields_disagree
2025,6,OttoCa00,Cade Otton,TE,TB,00-0038129,10.1,1,False,True,weekly_stats_name_position_team,,crosswalk_fields_disagree,Warning,crosswalk_fields_disagree
2025,6,BellDa03,Daniel Bellinger,TE,TEN,00-0038115,0.0,0,True,True,master_name_position,,no_actual_weekly_record;actual_score_created_from_missing_record,Warning,
2025,6,FantNo00,Noah Fant,TE,NO,00-0035644,6.7,1,False,True,master_name_position,,crosswalk_fields_disagree,Warning,crosswalk_fields_disagree
2025,6,LongHu00,Hunter Long,TE,ARI,00-0037004,3.9,1,False,True,master_name_position,,crosswalk_fields_disagree,Warning,crosswalk_fields_disagree
2025,6,GesiMi00,Mike Gesicki,TE,CIN,00-0034829,0.0,0,True,False,weekly_roster_name_position_team,,no_actual_weekly_record;actual_score_created_from_missing_record,Info,
2025,6,TrauAd00,Adam Trautman,TE,DEN,00-0036422,0.0,0,True,False,weekly_roster_name_position_team,,no_actual_weekly_record;actual_score_created_from_missing_record,Info,
2025,6,ConkTy00,Tyler Conklin,TE,DET,00-0034270,0.0,0,True,False,master_name_position,,no_actual_weekly_record;actual_score_created_from_missing_record,Info,
2025,6,GrayNo00,Noah Gray,TE,KC,00-0036637,4.5,1,False,False,weekly_stats_name_position_team,,crosswalk_fields_disagree,Info,crosswalk_fields_disagree
2025,6,MusgLu00,Luke Musgrave,TE,GB,00-0039144,1.7,1,False,False,weekly_stats_name_position_team,,crosswalk_fields_disagree,Info,crosswalk_fields_disagree
2025,6,SinnBe00,Ben Sinnott,TE,WAS,00-0039912,0.0,0,True,False,weekly_roster_name_position_team,,no_actual_weekly_record;actual_score_created_from_missing_record,Info,
2025,6,WrigBr00,Brock Wright,TE,DET,00-0036754,0.0,0,True,False,weekly_roster_name_position_team,,crosswalk_fields_disagree;no_actual_weekly_record;actual_score_created_from_missing_record,Info,crosswalk_fields_disagree
2025,6,HillJu01,Julian Hill,TE,NE,00-0038720,6.1,1,False,False,master_name_position,,crosswalk_fields_disagree,Info,crosswalk_fields_disagree
2025,6,AlleDa01,Davis Allen,TE,LA,00-0039074,1.7,1,False,False,weekly_stats_name_position_team,,crosswalk_fields_disagree,Info,crosswalk_fields_disagree
2025,6,BateJo00,John Bates,TE,WAS,00-0036628,0.0,0,True,False,weekly_roster_name_position_team,,no_actual_weekly_record;actual_score_created_from_missing_record,Info,
2025,6,HaweJa00,Jackson Hawes,TE,BUF,00-0040194,0.0,0,True,False,weekly_roster_name_position_team,,no_actual_weekly_record;actual_score_created_from_missing_record,Info,
2025,6,ManhCh00,Chris Manhertz,TE,NYG,00-0031484,0.0,0,True,False,weekly_roster_name_position_team,,no_actual_weekly_record;actual_score_created_from_missing_record,Info,
2025,6,DurhPa00,Payne Durham,TE,TB,00-0039050,0.0,0,True,False,weekly_roster_name_position_team,,crosswalk_fields_disagree;no_actual_weekly_record;actual_score_created_from_missing_record,Info,crosswalk_fields_disagree
2025,6,GranKy00,Kylen Granson,TE,TEN,00-0036876,0.0,0,True,False,master_name_position,,no_actual_weekly_record;actual_score_created_from_missing_record,Info,
2025,6,OgleAn00,Drew Ogletree,TE,IND,00-0037292,0.0,0,True,False,pfr_crosswalk_verified,,master_name_conflict;no_actual_weekly_record;actual_score_created_from_missing_record,Info,master_name_conflict
2025,6,WoerCh00,Charlie Woerner,TE,ATL,00-0036429,0.0,0,True,False,weekly_roster_name_position_team,,no_actual_weekly_record;actual_score_created_from_missing_record,Info,
2025,6,SmytDu00,Durham Smythe,TE,BAL,00-0034798,0.0,0,True,False,master_name_position,,no_actual_weekly_record;actual_score_created_from_missing_record,Info,
2025,6,SmitJa02,Jaxon Smith-Njigba,WR,SEA,00-0038543,30.2,1,False,True,weekly_stats_name_position_team,,crosswalk_fields_disagree,Warning,crosswalk_fields_disagree
2025,6,EgbuEm00,Emeka Egbuka,WR,TB,00-0040129,4.4,1,False,True,weekly_stats_name_position_team,,crosswalk_fields_disagree,Warning,crosswalk_fields_disagree
2025,6,JohnQu01,Quentin Johnston,WR,LAC,00-0038544,0.0,0,True,False,weekly_roster_name_position_team,,crosswalk_fields_disagree;no_actual_weekly_record;actual_score_created_from_missing_record,Info,crosswalk_fields_disagree
2025,6,SamuDe00,Deebo Samuel Sr.,WR,SF,00-0035719,5.4,1,False,True,master_name_position,,crosswalk_fields_disagree,Warning,crosswalk_fields_disagree
2025,6,AlleKe00,Keenan Allen,WR,IND,00-0030279,6.7,1,False,True,master_name_position,,crosswalk_fields_disagree,Warning,crosswalk_fields_disagree
2025,6,OlavCh00,Chris Olave,WR,NO,00-0037239,15.8,1,False,True,weekly_stats_name_position_team,,crosswalk_fields_disagree,Warning,crosswalk_fields_disagree
2025,6,HarrMa05,Marvin Harrison Jr.,WR,ARI,00-0039849,5.2,1,False,True,weekly_stats_name_position_team,,crosswalk_fields_disagree,Warning,crosswalk_fields_disagree
2025,6,ThomBr01,Brian Thomas Jr.,WR,JAX,00-0039893,23.0,1,False,True,weekly_stats_name_position_team,,crosswalk_fields_disagree,Warning,crosswalk_fields_disagree
2025,6,WortXa00,Xavier Worthy,WR,KC,00-0039894,10.6,1,False,True,weekly_stats_name_position_team,,crosswalk_fields_disagree,Warning,crosswalk_fields_disagree
2025,6,DiggSt00,Stefon Diggs,WR,WAS,00-0031588,5.8,1,False,True,master_name_position,,crosswalk_fields_disagree,Warning,crosswalk_fields_disagree
2025,6,BrowAJ00,A.J. Brown,WR,NE,00-0035676,14.0,1,False,True,master_name_position,,crosswalk_fields_disagree,Warning,crosswalk_fields_disagree
2025,6,SmitDe04,DeVonta Smith,WR,PHI,00-0036912,8.9,1,False,True,weekly_stats_name_position_team,,crosswalk_fields_disagree,Warning,crosswalk_fields_disagree
2025,6,DoubRo00,Romeo Doubs,WR,NE,00-0037816,10.5,1,False,True,master_name_position,,crosswalk_fields_disagree,Warning,crosswalk_fields_disagree
2025,6,WillJa09,Jameson Williams,WR,DET,00-0037240,18.6,1,False,False,weekly_stats_name_position_team,,crosswalk_fields_disagree,Info,crosswalk_fields_disagree
2025,6,BrowMa05,Hollywood Brown,WR,PHI,00-0035662,20.5,1,False,False,manual_override,FBG uses Hollywood Brown and a stale PHI team in the historical export,master_name_conflict,Info,manual_override_applied;master_name_conflict
2025,6,BoutKa00,Kayshon Boutte,WR,HOU,00-0038608,26.3,1,False,False,master_name_position,,crosswalk_fields_disagree,Info,crosswalk_fields_disagree
2025,6,GoldMa00,Matthew Golden,WR,GB,00-0040667,13.2,1,False,False,weekly_stats_name_position_team,,crosswalk_fields_disagree,Info,crosswalk_fields_disagree
2025,6,HuntTr00,Travis Hunter,WR,JAX,00-0040718,0.0,0,True,False,weekly_roster_name_position_team,,no_actual_weekly_record;actual_score_created_from_missing_record,Info,gsis_id_not_in_master
2025,6,PalmJo01,Joshua Palmer,WR,BUF,00-0036988,8.0,1,False,False,master_name_position,,master_name_conflict,Info,master_name_conflict
2025,6,GodwCh00,Chris Godwin Jr.,WR,TB,00-0033921,0.0,0,True,False,weekly_roster_name_position_team,,crosswalk_fields_disagree;no_actual_weekly_record;actual_score_created_from_missing_record,Info,crosswalk_fields_disagree
2025,6,ThorTy00,Tyquan Thornton,WR,KC,00-0038104,0.0,0,True,False,weekly_roster_name_position_team,,crosswalk_fields_disagree;no_actual_weekly_record;actual_score_created_from_missing_record,Info,crosswalk_fields_disagree
2025,6,WatsCh00,Christian Watson,WR,GB,00-0038124,0.0,0,True,False,weekly_roster_name_position_team,,crosswalk_fields_disagree;no_actual_weekly_record;actual_score_created_from_missing_record,Info,crosswalk_fields_disagree
2025,6,HollMa00,Mack Hollins,WR,NE,00-0033555,4.8,1,False,False,weekly_stats_name_position_team,,crosswalk_fields_disagree,Info,crosswalk_fields_disagree
2025,6,JohnTe01,Tez Johnson,WR,TB,00-0040237,11.5,1,False,False,weekly_stats_name_position_team,,crosswalk_fields_disagree,Info,crosswalk_fields_disagree
2025,6,DougDe00,DeMario Douglas,WR,NE,00-0038621,16.1,1,False,False,weekly_stats_name_position_team,,crosswalk_fields_disagree,Info,crosswalk_fields_disagree
2025,6,McClRa00,Ray-Ray McCloud III,WR,CHI,00-0034407,0.0,0,True,False,master_name_position,,crosswalk_fields_disagree;no_actual_weekly_record;actual_score_created_from_missing_record,Info,crosswalk_fields_disagree
2025,6,ThorDo00,Dont'e Thornton Jr.,WR,LV,00-0040581,0.0,0,True,False,weekly_roster_name_position_team,,no_actual_weekly_record;actual_score_created_from_missing_record,Info,
2025,6,TeSlIs00,Isaac TeSlaa,WR,DET,00-0040669,0.0,0,True,False,weekly_roster_name_position_team,,no_actual_weekly_record;actual_score_created_from_missing_record,Info,
2025,6,TremBr00,Brycen Tremayne,WR,CAR,00-0038840,0.0,0,True,False,weekly_roster_name_position_team,,no_actual_weekly_record;actual_score_created_from_missing_record,Info,
2025,6,MoorCh00,Chris Moore,WR,BAL,00-0032398,13.6,1,False,False,master_name_position,,crosswalk_fields_disagree,Info,crosswalk_fields_disagree
2025,6,VeleDe00,Devaughn Vele,WR,NO,00-0039424,0.0,0,True,False,weekly_roster_name_position_team,,crosswalk_fields_disagree;no_actual_weekly_record;actual_score_created_from_missing_record,Info,crosswalk_fields_disagree
2025,6,SlayDa00,Darius Slayton,WR,NYG,00-0035535,0.0,0,True,False,weekly_roster_name_position_team,,crosswalk_fields_disagree;no_actual_weekly_record;actual_score_created_from_missing_record,Info,crosswalk_fields_disagree
2025,6,WillKy01,Kyle Williams,WR,NE,00-0040131,0.0,1,False,False,weekly_stats_name_position_team,,crosswalk_fields_disagree,Info,crosswalk_fields_disagree
2025,6,MetcJo00,John Metchie III,WR,CAR,00-0037614,0.0,0,True,False,master_name_position,,no_actual_weekly_record;actual_score_created_from_missing_record,Info,
2025,6,WashCa01,Casey Washington,WR,CAR,00-0039394,0.0,1,False,False,master_name_position,,crosswalk_fields_disagree,Info,crosswalk_fields_disagree
2025,6,BachAl00,Alex Bachman,WR,LA,00-0035602,0.0,1,False,False,master_name_position,,crosswalk_fields_disagree,Info,crosswalk_fields_disagree
2025,6,TinsMi00,Mitch Tinsley,WR,HOU,00-0038839,0.0,0,True,False,master_name_position,,crosswalk_fields_disagree;master_name_conflict;no_actual_weekly_record;actual_score_created_from_missing_record,Info,crosswalk_fields_disagree;master_name_conflict
2025,6,CorlMa00,Malachi Corley,WR,CLE,00-0039920,0.0,0,True,False,weekly_roster_name_position_team,,no_actual_weekly_record;actual_score_created_from_missing_record,Info,
2025,6,SherTr00,Trent Sherfield,WR,BUF,00-0034487,0.0,0,True,False,master_name_position,,no_actual_weekly_record;actual_score_created_from_missing_record,Info,
2025,6,BoboJa00,Jake Bobo,WR,SEA,00-0038752,0.0,0,True,False,weekly_roster_name_position_team,,no_actual_weekly_record;actual_score_created_from_missing_record,Info,
2025,6,MoorSk00,Skyy Moore,WR,GB,00-0038090,0.0,1,False,False,master_name_position,,crosswalk_fields_disagree,Info,crosswalk_fields_disagree
2025,6,MillSc01,Scotty Miller,WR,CHI,00-0035298,0.0,0,True,False,pfr_crosswalk_verified,,master_name_conflict;no_actual_weekly_record;actual_score_created_from_missing_record,Info,master_name_conflict
2025,6,OlivBr01,Bryce Oliver,WR,CLE,00-0039650,0.0,0,True,False,master_name_position,,crosswalk_fields_disagree;master_team_context_differs;no_actual_weekly_record;actual_score_created_from_missing_record,Info,crosswalk_fields_disagree;master_team_context_differs
2025,6,SillDa00,David Sills V,WR,TB,00-0035359,0.0,0,True,False,master_name_position,,no_actual_weekly_record;actual_score_created_from_missing_record,Info,
2025,6,RodrCh01,Chris Rodriguez Jr.,RB,JAX,00-0038611,0.0,0,True,False,master_name_position,,no_actual_weekly_record;actual_score_created_from_missing_record,Info,
2025,6,SaylJa00,Jacob Saylors,RB,DET,00-0038896,0.0,0,True,False,weekly_roster_name_position_team,,no_actual_weekly_record;actual_score_created_from_missing_record,Info,
2025,6,OkwuAl00,Albert Okwuegbunam Jr.,TE,LV,00-0036423,0.0,0,True,False,weekly_roster_name_position_team,,no_actual_weekly_record;actual_score_created_from_missing_record,Info,
2025,6,MitcZa00,Zaire Mitchell-Paden,TE,HOU,00-0037340,0.0,0,True,False,master_name_position,,crosswalk_fields_disagree;no_actual_weekly_record;actual_score_created_from_missing_record,Info,crosswalk_fields_disagree
2025,6,MorrQu00,Quintin Morris,TE,JAX,00-0036590,0.0,0,True,False,weekly_roster_name_position_team,,no_actual_weekly_record;actual_score_created_from_missing_record,Info,
2025,6,HeywCo00,Connor Heyward,TE,LV,00-0037304,0.0,0,True,False,manual_override,Top-player gate override because the historical FBG row uses a stale LV team while the weekly roster identifies Connor Heyward as TE 00-0037304 for PIT,no_actual_weekly_record;actual_score_created_from_missing_record,Info,manual_override_applied;gsis_id_not_in_master
2025,6,WillBr04,Brayden Willis,TE,SF,00-0038643,0.0,1,False,False,weekly_stats_name_position_team,,crosswalk_fields_disagree,Info,crosswalk_fields_disagree
2025,6,LambKe00,Keandre Lambert-Smith,WR,LAC,00-0040184,1.1,1,False,False,weekly_stats_name_position_team,,crosswalk_fields_disagree,Info,crosswalk_fields_disagree
2025,6,CokeJa01,Jalen Coker,WR,CAR,00-0039491,0.0,0,True,False,weekly_roster_name_position_team,,no_actual_weekly_record;actual_score_created_from_missing_record,Info,
2025,6,HodgKh00,KhaDarel Hodge,WR,SF,00-0034854,0.0,1,False,False,master_name_position,,crosswalk_fields_disagree,Info,crosswalk_fields_disagree
2025,6,WillSa00,Savion Williams,WR,GB,00-0040009,0.3,1,False,False,weekly_stats_name_position_team,,crosswalk_fields_disagree,Info,crosswalk_fields_disagree
2025,6,MartTa00,Tay Martin,WR,DET,00-0037524,0.0,0,True,False,master_name_position,,no_actual_weekly_record;actual_score_created_from_missing_record,Info,
2025,6,MoreJa01,Jalen Moreno-Cropper,WR,NO,00-0038740,0.0,1,False,False,master_name_position,,crosswalk_fields_disagree,Info,crosswalk_fields_disagree
2025,6,McLaJa00,Jaleel McLaughlin,RB,CLE,00-0038794,0.0,1,False,False,master_name_position,,crosswalk_fields_disagree,Info,crosswalk_fields_disagree
2025,6,AtweTu00,Tutu Atwell,WR,LA,00-0036849,0.0,0,True,False,weekly_roster_name_position_team,,crosswalk_fields_disagree;no_actual_weekly_record;actual_score_created_from_missing_record,Info,crosswalk_fields_disagree
2025,7,SandJa00,Ja'Tavion Sanders,TE,CAR,00-0039356,0.0,1,False,True,weekly_stats_name_position_team,,crosswalk_fields_disagree,Warning,crosswalk_fields_disagree
2025,7,FantNo00,Noah Fant,TE,NO,00-0035644,14.4,1,False,True,master_name_position,,crosswalk_fields_disagree,Warning,crosswalk_fields_disagree
2025,7,BondIs00,Isaiah Bond,WR,CLE,00-0040782,0.0,0,True,False,weekly_roster_name_position_team,,no_actual_weekly_record;actual_score_created_from_missing_record,Info,
2025,7,HarrMa05,Marvin Harrison Jr.,WR,ARI,00-0039849,7.8,1,False,True,weekly_stats_name_position_team,,crosswalk_fields_disagree,Warning,crosswalk_fields_disagree
2025,7,BlueJa01,Jaydon Blue,RB,PHI,00-0040586,4.4,1,False,False,master_name_position,,crosswalk_fields_disagree,Info,crosswalk_fields_disagree
2025,7,McLaJa00,Jaleel McLaughlin,RB,CLE,00-0038794,0.0,0,True,False,master_name_position,,crosswalk_fields_disagree;no_actual_weekly_record;actual_score_created_from_missing_record,Info,crosswalk_fields_disagree
2025,7,TrauAd00,Adam Trautman,TE,DEN,00-0036422,0.0,0,True,False,weekly_roster_name_position_team,,no_actual_weekly_record;actual_score_created_from_missing_record,Info,
2025,7,GibbJa00,Jahmyr Gibbs,RB,DET,00-0039139,36.8,1,False,True,weekly_stats_name_position_team,,crosswalk_fields_disagree,Warning,crosswalk_fields_disagree
2025,7,WrigBr00,Brock Wright,TE,DET,00-0036754,5.3,1,False,False,weekly_stats_name_position_team,,crosswalk_fields_disagree,Info,crosswalk_fields_disagree
2025,7,WillJa09,Jameson Williams,WR,DET,00-0037240,0.0,1,False,True,weekly_stats_name_position_team,,crosswalk_fields_disagree,Warning,crosswalk_fields_disagree
2025,7,EtieTr00,Travis Etienne Jr.,RB,NO,00-0036973,6.5,1,False,True,master_name_position,,crosswalk_fields_disagree,Warning,crosswalk_fields_disagree
2025,7,LongHu00,Hunter Long,TE,ARI,00-0037004,3.6,1,False,True,master_name_position,,crosswalk_fields_disagree,Warning,crosswalk_fields_disagree
2025,7,ThomBr01,Brian Thomas Jr.,WR,JAX,00-0039893,6.1,1,False,True,weekly_stats_name_position_team,,crosswalk_fields_disagree,Warning,crosswalk_fields_disagree
2025,7,HuntTr00,Travis Hunter,WR,JAX,00-0040718,0.0,0,True,False,weekly_roster_name_position_team,,no_actual_weekly_record;actual_score_created_from_missing_record,Info,gsis_id_not_in_master
2025,7,MahoPa00,Patrick Mahomes II,QB,KC,00-0033873,26.24,1,False,True,weekly_stats_name_position_team,,crosswalk_fields_disagree,Warning,crosswalk_fields_disagree
2025,7,KelcTr00,Travis Kelce,TE,KC,00-0030506,8.4,1,False,True,weekly_stats_name_position_team,,crosswalk_fields_disagree,Warning,crosswalk_fields_disagree
2025,7,GrayNo00,Noah Gray,TE,KC,00-0036637,3.8,1,False,False,weekly_stats_name_position_team,,crosswalk_fields_disagree,Info,crosswalk_fields_disagree
2025,7,WortXa00,Xavier Worthy,WR,KC,00-0039894,7.8,1,False,True,weekly_stats_name_position_team,,crosswalk_fields_disagree,Warning,crosswalk_fields_disagree
2025,7,BrowMa05,Hollywood Brown,WR,PHI,00-0035662,9.4,1,False,False,manual_override,FBG uses Hollywood Brown and a stale PHI team in the historical export,master_name_conflict,Info,manual_override_applied;master_name_conflict
2025,7,ThorTy00,Tyquan Thornton,WR,KC,00-0038104,4.9,1,False,False,weekly_stats_name_position_team,,crosswalk_fields_disagree,Info,crosswalk_fields_disagree
2025,7,RiceRa01,Rashee Rice,WR,KC,00-0039067,23.2,1,False,True,weekly_stats_name_position_team,,crosswalk_fields_disagree,Warning,crosswalk_fields_disagree
2025,7,IngoAl00,Alec Ingold,RB,LAC,00-0035125,0.0,0,True,False,manual_override,Top-player gate override because the historical FBG row uses a stale LAC team while the weekly roster identifies Alec Ingold as RB 00-0035125 for MIA,no_actual_weekly_record;actual_score_created_from_missing_record,Info,manual_override_applied;gsis_id_not_in_master
2025,7,WallDa00,Darren Waller,TE,CAR,00-0031610,0.0,1,False,True,master_name_position,,crosswalk_fields_disagree,Warning,crosswalk_fields_disagree
2025,7,HillJu01,Julian Hill,TE,NE,00-0038720,1.1,1,False,False,master_name_position,,crosswalk_fields_disagree,Info,crosswalk_fields_disagree
2025,7,RattSp00,Spencer Rattler,QB,NO,00-0039376,10.52,1,False,True,weekly_stats_name_position_team,,crosswalk_fields_disagree,Warning,crosswalk_fields_disagree
2025,7,KamaAl00,Alvin Kamara,RB,NO,00-0033906,5.9,1,False,True,weekly_stats_name_position_team,,crosswalk_fields_disagree,Warning,crosswalk_fields_disagree
2025,7,OlavCh00,Chris Olave,WR,NO,00-0037239,26.8,1,False,True,weekly_stats_name_position_team,,crosswalk_fields_disagree,Warning,crosswalk_fields_disagree
2025,7,VeleDe00,Devaughn Vele,WR,NO,00-0039424,0.0,0,True,False,weekly_roster_name_position_team,,crosswalk_fields_disagree;no_actual_weekly_record;actual_score_created_from_missing_record,Info,crosswalk_fields_disagree
2025,7,MayeDr00,Drake Maye,QB,NE,00-0039851,23.08,1,False,True,weekly_stats_name_position_team,,crosswalk_fields_disagree,Warning,crosswalk_fields_disagree
2025,7,HendTr00,TreVeyon Henderson,RB,NE,00-0040734,0.5,1,False,True,weekly_stats_name_position_team,,crosswalk_fields_disagree,Warning,crosswalk_fields_disagree
2025,7,StevRh00,Rhamondre Stevenson,RB,NE,00-0036875,16.8,1,False,True,weekly_stats_name_position_team,,crosswalk_fields_disagree,Warning,crosswalk_fields_disagree
2025,7,HenrHu00,Hunter Henry,TE,NE,00-0033090,7.3,1,False,True,weekly_stats_name_position_team,,crosswalk_fields_disagree,Warning,crosswalk_fields_disagree
2025,7,DiggSt00,Stefon Diggs,WR,WAS,00-0031588,13.9,1,False,True,master_name_position,,crosswalk_fields_disagree,Warning,crosswalk_fields_disagree
2025,7,DougDe00,DeMario Douglas,WR,NE,00-0038621,4.7,1,False,False,weekly_stats_name_position_team,,crosswalk_fields_disagree,Info,crosswalk_fields_disagree
2025,7,BoutKa00,Kayshon Boutte,WR,HOU,00-0038608,13.5,1,False,False,master_name_position,,crosswalk_fields_disagree,Info,crosswalk_fields_disagree
2025,7,HollMa00,Mack Hollins,WR,NE,00-0033555,7.3,1,False,False,weekly_stats_name_position_team,,crosswalk_fields_disagree,Info,crosswalk_fields_disagree
2025,7,FielJu00,Justin Fields,QB,KC,00-0036945,4.04,1,False,True,master_name_position,,crosswalk_fields_disagree,Warning,crosswalk_fields_disagree
2025,7,TaylMa01,Mason Taylor,TE,NYJ,00-0040736,6.1,1,False,True,weekly_stats_name_position_team,,crosswalk_fields_disagree,Warning,crosswalk_fields_disagree
2025,7,OkonCh00,Chig Okonkwo,TE,WAS,00-0037809,0.0,1,False,True,master_name_position,,crosswalk_fields_disagree,Warning,crosswalk_fields_disagree
2025,7,DillA.00,AJ Dillon,RB,CAR,00-0036265,0.0,0,True,False,master_name_position,,no_actual_weekly_record;actual_score_created_from_missing_record,Info,
2025,7,BrowAJ00,A.J. Brown,WR,NE,00-0035676,28.1,1,False,True,master_name_position,,crosswalk_fields_disagree,Warning,crosswalk_fields_disagree
2025,7,SmitDe04,DeVonta Smith,WR,PHI,00-0036912,33.3,1,False,True,weekly_stats_name_position_team,,crosswalk_fields_disagree,Warning,crosswalk_fields_disagree
2025,7,DotsJa00,Jahan Dotson,WR,ATL,00-0037741,0.0,0,True,False,master_name_position,,no_actual_weekly_record;actual_score_created_from_missing_record,Info,
2025,7,ThomIa00,Ian Thomas,TE,LV,00-0034365,0.0,0,True,False,weekly_roster_name_position_team,,no_actual_weekly_record;actual_score_created_from_missing_record,Info,
2025,7,HuntJa02,Jarquez Hunter,RB,MIA,00-0040692,0.0,0,True,False,master_name_position,,crosswalk_fields_disagree;no_actual_weekly_record;actual_score_created_from_missing_record,Info,crosswalk_fields_disagree
2025,7,AlleDa01,Davis Allen,TE,LA,00-0039074,1.4,1,False,False,weekly_stats_name_position_team,,crosswalk_fields_disagree,Info,crosswalk_fields_disagree
2025,7,AtweTu00,Tutu Atwell,WR,LA,00-0036849,0.0,0,True,False,weekly_roster_name_position_team,,crosswalk_fields_disagree;no_actual_weekly_record;actual_score_created_from_missing_record,Info,crosswalk_fields_disagree
2025,7,HaskHa00,Hassan Haskins,RB,NE,00-0037617,2.5,1,False,False,master_name_position,,crosswalk_fields_disagree,Info,crosswalk_fields_disagree
2025,7,AlleKe00,Keenan Allen,WR,IND,00-0030279,28.9,1,False,True,master_name_position,,crosswalk_fields_disagree,Warning,crosswalk_fields_disagree
2025,7,JohnQu01,Quentin Johnston,WR,LAC,00-0038544,11.0,1,False,True,weekly_stats_name_position_team,,crosswalk_fields_disagree,Warning,crosswalk_fields_disagree
2025,7,WalkKe01,Ken Walker III,RB,KC,00-0038134,6.6,1,False,True,manual_override,FBG uses Ken Walker and a stale KC team in the historical export,master_name_conflict,Warning,manual_override_applied;master_name_conflict
2025,7,SmitJa02,Jaxon Smith-Njigba,WR,SEA,00-0038543,26.3,1,False,True,weekly_stats_name_position_team,,crosswalk_fields_disagree,Warning,crosswalk_fields_disagree
2025,7,JoneMa04,Mac Jones,QB,SF,00-0036972,5.18,1,False,True,weekly_stats_name_position_team,,crosswalk_fields_disagree,Warning,crosswalk_fields_disagree
2025,7,McCaCh00,Christian McCaffrey,RB,SF,00-0033280,39.1,1,False,True,weekly_stats_name_position_team,,crosswalk_fields_disagree,Warning,crosswalk_fields_disagree
2025,7,JuszKy00,Kyle Juszczyk,RB,SF,00-0029892,0.0,0,True,False,weekly_roster_name_position_team,,no_actual_weekly_record;actual_score_created_from_missing_record,Info,gsis_id_not_in_master
2025,7,MayfBa00,Baker Mayfield,QB,TB,00-0034855,11.12,1,False,True,weekly_stats_name_position_team,,crosswalk_fields_disagree,Warning,crosswalk_fields_disagree
2025,7,TuckSe00,Sean Tucker,RB,TB,00-0038951,1.6,1,False,False,weekly_stats_name_position_team,,crosswalk_fields_disagree,Info,crosswalk_fields_disagree
2025,7,OttoCa00,Cade Otton,TE,TB,00-0038129,13.5,1,False,True,weekly_stats_name_position_team,,crosswalk_fields_disagree,Warning,crosswalk_fields_disagree
2025,7,EgbuEm00,Emeka Egbuka,WR,TB,00-0040129,9.8,1,False,True,weekly_stats_name_position_team,,crosswalk_fields_disagree,Warning,crosswalk_fields_disagree
2025,7,JohnTe01,Tez Johnson,WR,TB,00-0040237,15.8,1,False,False,weekly_stats_name_position_team,,crosswalk_fields_disagree,Info,crosswalk_fields_disagree
2025,7,MoorCh00,Chris Moore,WR,BAL,00-0032398,7.9,1,False,False,master_name_position,,crosswalk_fields_disagree,Info,crosswalk_fields_disagree
2025,7,JohnKa01,Kaleb Johnson,RB,GB,00-0040142,0.0,0,True,False,manual_override,FBG uses JohnKa01 for Kaleb Johnson while the sibling crosswalk uses a different FBG ID,crosswalk_fields_disagree;no_actual_weekly_record;actual_score_created_from_missing_record,Info,crosswalk_fields_disagree;manual_override_applied
2025,7,GainKe00,Kenny Gainwell,RB,TB,00-0036919,3.5,1,False,True,master_name_position,,crosswalk_fields_disagree,Warning,crosswalk_fields_disagree
2025,7,MillSc01,Scotty Miller,WR,CHI,00-0035298,1.9,1,False,False,pfr_crosswalk_verified,,master_name_conflict,Info,master_name_conflict
2025,7,KrafTu00,Tucker Kraft,TE,GB,00-0038996,16.8,1,False,True,weekly_stats_name_position_team,,crosswalk_fields_disagree,Warning,crosswalk_fields_disagree
2025,7,MusgLu00,Luke Musgrave,TE,GB,00-0039144,0.0,0,True,False,weekly_roster_name_position_team,,crosswalk_fields_disagree;no_actual_weekly_record;actual_score_created_from_missing_record,Info,crosswalk_fields_disagree
2025,7,GoldMa00,Matthew Golden,WR,GB,00-0040667,7.7,1,False,True,weekly_stats_name_position_team,,crosswalk_fields_disagree,Warning,crosswalk_fields_disagree
2025,7,DoubRo00,Romeo Doubs,WR,NE,00-0037816,13.2,1,False,True,master_name_position,,crosswalk_fields_disagree,Warning,crosswalk_fields_disagree
2025,7,WillSa00,Savion Williams,WR,GB,00-0040009,0.0,1,False,False,weekly_stats_name_position_team,,crosswalk_fields_disagree,Info,crosswalk_fields_disagree
2025,7,ScotZa00,Zavier Scott,RB,CHI,00-0038440,1.6,1,False,False,master_name_position,,crosswalk_fields_disagree,Info,crosswalk_fields_disagree
2025,7,TaylTy00,Tyrod Taylor,QB,GB,00-0028118,2.14,1,False,False,master_name_position,,crosswalk_fields_disagree,Info,crosswalk_fields_disagree
2025,7,GiddDJ00,DJ Giddens,RB,IND,00-0040179,0.0,0,True,False,weekly_roster_name_position_team,,no_actual_weekly_record;actual_score_created_from_missing_record,Info,
2025,7,PierDa01,Dameon Pierce,RB,PHI,00-0037258,0.0,0,True,False,master_name_position,,no_actual_weekly_record;actual_score_created_from_missing_record,Info,
2025,7,PrenAd00,Adam Prentice,RB,DEN,00-0036727,0.0,0,True,False,weekly_roster_name_position_team,,no_actual_weekly_record;actual_score_created_from_missing_record,Info,gsis_id_not_in_master
2025,7,CartNa00,Nathan Carter,RB,KC,00-0040547,0.0,0,True,False,manual_override,Drafter player crosswalk supplies the GSIS ID,master_name_conflict;no_actual_weekly_record;actual_score_created_from_missing_record,Info,manual_override_applied;master_name_conflict
2025,7,BrooBr00,British Brooks,RB,HOU,00-0039603,0.0,0,True,False,weekly_roster_name_position_team,,no_actual_weekly_record;actual_score_created_from_missing_record,Info,
2025,7,ReynCr00,Craig Reynolds,RB,WAS,00-0035567,0.0,0,True,False,master_name_position,,crosswalk_fields_disagree;no_actual_weekly_record;actual_score_created_from_missing_record,Info,crosswalk_fields_disagree
2025,7,TongJa00,Jake Tonges,TE,SF,00-0037112,0.0,0,True,False,weekly_roster_name_position_team,,no_actual_weekly_record;actual_score_created_from_missing_record,Info,
2025,7,OkwuAl00,Albert Okwuegbunam Jr.,TE,LV,00-0036423,0.0,0,True,False,weekly_roster_name_position_team,,no_actual_weekly_record;actual_score_created_from_missing_record,Info,
2025,7,SchoLu00,Luke Schoonmaker,TE,DAL,00-0038547,0.0,0,True,False,weekly_roster_name_position_team,,no_actual_weekly_record;actual_score_created_from_missing_record,Info,
2025,7,GranKy00,Kylen Granson,TE,TEN,00-0036876,0.0,0,True,False,master_name_position,,no_actual_weekly_record;actual_score_created_from_missing_record,Info,
2025,7,ConkTy00,Tyler Conklin,TE,DET,00-0034270,0.0,0,True,False,master_name_position,,no_actual_weekly_record;actual_score_created_from_missing_record,Info,
2025,7,GranCa00,Cam Grandy,TE,MIN,00-0039631,0.0,0,True,False,master_name_position,,crosswalk_fields_disagree;no_actual_weekly_record;actual_score_created_from_missing_record,Info,crosswalk_fields_disagree
2025,7,MoreFo00,Foster Moreau,TE,HOU,00-0034981,0.0,0,True,False,master_name_position,,no_actual_weekly_record;actual_score_created_from_missing_record,Info,
2025,7,ParkCo00,Colby Parkinson,TE,LA,00-0036244,7.7,1,False,False,weekly_stats_name_position_team,,crosswalk_fields_disagree,Info,crosswalk_fields_disagree
2025,7,BeckAn00,Andrew Beck,RB,NYJ,00-0034959,0.0,0,True,False,manual_override,FBG position and team differ from the weekly roster record,no_actual_weekly_record;actual_score_created_from_missing_record,Info,manual_override_applied;gsis_id_not_in_master
2025,7,HeywCo00,Connor Heyward,TE,LV,00-0037304,0.0,0,True,False,manual_override,Top-player gate override because the historical FBG row uses a stale LV team while the weekly roster identifies Connor Heyward as TE 00-0037304 for PIT,no_actual_weekly_record;actual_score_created_from_missing_record,Info,manual_override_applied;gsis_id_not_in_master
2025,7,ManhCh00,Chris Manhertz,TE,NYG,00-0031484,0.0,0,True,False,weekly_roster_name_position_team,,no_actual_weekly_record;actual_score_created_from_missing_record,Info,
2025,7,MartDa01,David Martin-Robinson,TE,TEN,00-0039648,0.0,0,True,False,weekly_roster_name_position_team,,no_actual_weekly_record;actual_score_created_from_missing_record,Info,
2025,7,SaubEr00,Eric Saubert,TE,SEA,00-0033576,0.0,0,True,False,weekly_roster_name_position_team,,no_actual_weekly_record;actual_score_created_from_missing_record,Info,
2025,7,DurhPa00,Payne Durham,TE,TB,00-0039050,0.0,0,True,False,weekly_roster_name_position_team,,crosswalk_fields_disagree;no_actual_weekly_record;actual_score_created_from_missing_record,Info,crosswalk_fields_disagree
2025,7,SinnBe00,Ben Sinnott,TE,WAS,00-0039912,0.0,0,True,False,weekly_roster_name_position_team,,no_actual_weekly_record;actual_score_created_from_missing_record,Info,
2025,7,MartTa00,Tay Martin,WR,DET,00-0037524,0.0,0,True,False,master_name_position,,no_actual_weekly_record;actual_score_created_from_missing_record,Info,
2025,7,WashCa01,Casey Washington,WR,CAR,00-0039394,2.7,1,False,False,master_name_position,,crosswalk_fields_disagree,Info,crosswalk_fields_disagree
2025,7,MoorSk00,Skyy Moore,WR,GB,00-0038090,2.5,1,False,False,master_name_position,,crosswalk_fields_disagree,Info,crosswalk_fields_disagree
2025,7,BachAl00,Alex Bachman,WR,LA,00-0035602,0.0,1,False,False,master_name_position,,crosswalk_fields_disagree,Info,crosswalk_fields_disagree
2025,7,WatsCh00,Christian Watson,WR,GB,00-0038124,0.0,0,True,False,weekly_roster_name_position_team,,crosswalk_fields_disagree;no_actual_weekly_record;actual_score_created_from_missing_record,Info,crosswalk_fields_disagree
2025,7,HodgKh00,KhaDarel Hodge,WR,SF,00-0034854,0.0,1,False,False,master_name_position,,crosswalk_fields_disagree,Info,crosswalk_fields_disagree
2025,7,ShorJu00,Justin Shorter,WR,LV,00-0038590,0.0,0,True,False,weekly_roster_name_position_team,,master_position_conflict;no_actual_weekly_record;actual_score_created_from_missing_record,Info,master_position_conflict
2025,7,SillDa00,David Sills V,WR,TB,00-0035359,0.0,0,True,False,master_name_position,,no_actual_weekly_record;actual_score_created_from_missing_record,Info,
2025,7,TinsMi00,Mitch Tinsley,WR,HOU,00-0038839,0.0,0,True,False,master_name_position,,crosswalk_fields_disagree;master_name_conflict;no_actual_weekly_record;actual_score_created_from_missing_record,Info,crosswalk_fields_disagree;master_name_conflict
2025,7,WillKy01,Kyle Williams,WR,NE,00-0040131,0.0,1,False,False,weekly_stats_name_position_team,,crosswalk_fields_disagree,Info,crosswalk_fields_disagree
2025,7,SherTr00,Trent Sherfield,WR,BUF,00-0034487,0.0,0,True,False,master_name_position,,no_actual_weekly_record;actual_score_created_from_missing_record,Info,
2025,7,MetcJo00,John Metchie III,WR,CAR,00-0037614,0.0,0,True,False,master_name_position,,no_actual_weekly_record;actual_score_created_from_missing_record,Info,
2025,7,DaviDe01,Derius Davis,WR,LAC,00-0038573,0.0,1,False,False,weekly_stats_name_position_team,,crosswalk_fields_disagree,Info,crosswalk_fields_disagree
2025,7,McCaJJ00,J.J. McCarthy,QB,MIN,00-0039923,0.0,0,True,False,weekly_roster_name_position_team,,no_actual_weekly_record;actual_score_created_from_missing_record,Info,
2025,7,WhitZa00,Zamir White,RB,NO,00-0038040,0.0,0,True,False,master_name_position,,no_actual_weekly_record;actual_score_created_from_missing_record,Info,
2025,7,SmarSt00,Stone Smartt,TE,NO,00-0037475,0.0,0,True,False,master_name_position,,crosswalk_fields_disagree;no_actual_weekly_record;actual_score_created_from_missing_record,Info,crosswalk_fields_disagree
2025,7,DownJo00,Josh Downs,WR,IND,00-0038997,0.0,0,True,False,weekly_roster_name_position_team,,no_actual_weekly_record;actual_score_created_from_missing_record,Info,
2025,7,McClRa00,Ray-Ray McCloud III,WR,CHI,00-0034407,0.0,0,True,False,master_name_position,,crosswalk_fields_disagree;no_actual_weekly_record;actual_score_created_from_missing_record,Info,crosswalk_fields_disagree
2025,7,DuliAs00,Ashton Dulin,WR,IND,00-0035021,0.0,0,True,False,weekly_roster_name_position_team,,no_actual_weekly_record;actual_score_created_from_missing_record,Info,
2025,7,LambKe00,Keandre Lambert-Smith,WR,LAC,00-0040184,0.0,0,True,False,weekly_roster_name_position_team,,crosswalk_fields_disagree;no_actual_weekly_record;actual_score_created_from_missing_record,Info,crosswalk_fields_disagree
2025,8,SandJa00,Ja'Tavion Sanders,TE,CAR,00-0039356,4.9,1,False,True,weekly_stats_name_position_team,,crosswalk_fields_disagree,Warning,crosswalk_fields_disagree
2025,8,EvanMi01,Mitchell Evans,TE,CAR,00-0040187,0.0,0,True,False,weekly_roster_name_position_team,,no_actual_weekly_record;actual_score_created_from_missing_record,Info,
2025,8,FantNo00,Noah Fant,TE,NO,00-0035644,7.1,1,False,True,master_name_position,,crosswalk_fields_disagree,Warning,crosswalk_fields_disagree
2025,8,AlieMo00,Mo Alie-Cox,TE,IND,00-0033217,0.0,0,True,False,weekly_roster_name_position_team,,no_actual_weekly_record;actual_score_created_from_missing_record,Info,
2025,8,BlueJa01,Jaydon Blue,RB,PHI,00-0040586,2.9,1,False,False,master_name_position,,crosswalk_fields_disagree,Info,crosswalk_fields_disagree
2025,8,MahoPa00,Patrick Mahomes II,QB,KC,00-0033873,22.96,1,False,True,weekly_stats_name_position_team,,crosswalk_fields_disagree,Warning,crosswalk_fields_disagree
2025,8,KelcTr00,Travis Kelce,TE,KC,00-0030506,21.9,1,False,True,weekly_stats_name_position_team,,crosswalk_fields_disagree,Warning,crosswalk_fields_disagree
2025,8,GrayNo00,Noah Gray,TE,KC,00-0036637,4.3,1,False,False,weekly_stats_name_position_team,,crosswalk_fields_disagree,Info,crosswalk_fields_disagree
2025,8,WortXa00,Xavier Worthy,WR,KC,00-0039894,10.3,1,False,True,weekly_stats_name_position_team,,crosswalk_fields_disagree,Warning,crosswalk_fields_disagree
2025,8,BrowMa05,Hollywood Brown,WR,PHI,00-0035662,0.0,1,False,False,manual_override,FBG uses Hollywood Brown and a stale PHI team in the historical export,master_name_conflict,Info,manual_override_applied;master_name_conflict
2025,8,ThorTy00,Tyquan Thornton,WR,KC,00-0038104,0.0,0,True,False,weekly_roster_name_position_team,,crosswalk_fields_disagree;no_actual_weekly_record;actual_score_created_from_missing_record,Info,crosswalk_fields_disagree
2025,8,RiceRa01,Rashee Rice,WR,KC,00-0039067,25.5,1,False,True,weekly_stats_name_position_team,,crosswalk_fields_disagree,Warning,crosswalk_fields_disagree
2025,8,IngoAl00,Alec Ingold,RB,LAC,00-0035125,0.0,0,True,False,manual_override,Top-player gate override because the historical FBG row uses a stale LAC team while the weekly roster identifies Alec Ingold as RB 00-0035125 for MIA,no_actual_weekly_record;actual_score_created_from_missing_record,Info,manual_override_applied;gsis_id_not_in_master
2025,8,RattSp00,Spencer Rattler,QB,NO,00-0039376,2.64,1,False,True,weekly_stats_name_position_team,,crosswalk_fields_disagree,Warning,crosswalk_fields_disagree
2025,8,KamaAl00,Alvin Kamara,RB,NO,00-0033906,6.5,1,False,True,weekly_stats_name_position_team,,crosswalk_fields_disagree,Warning,crosswalk_fields_disagree
2025,8,NealDe00,Devin Neal,RB,NO,00-0040202,4.1,1,False,False,weekly_stats_name_position_team,,crosswalk_fields_disagree,Info,crosswalk_fields_disagree
2025,8,OlavCh00,Chris Olave,WR,NO,00-0037239,14.0,1,False,True,weekly_stats_name_position_team,,crosswalk_fields_disagree,Warning,crosswalk_fields_disagree
2025,8,MayeDr00,Drake Maye,QB,NE,00-0039851,26.28,1,False,True,weekly_stats_name_position_team,,crosswalk_fields_disagree,Warning,crosswalk_fields_disagree
2025,8,HendTr00,TreVeyon Henderson,RB,NE,00-0040734,5.5,1,False,True,weekly_stats_name_position_team,,crosswalk_fields_disagree,Warning,crosswalk_fields_disagree
2025,8,StevRh00,Rhamondre Stevenson,RB,NE,00-0036875,5.9,1,False,True,weekly_stats_name_position_team,,crosswalk_fields_disagree,Warning,crosswalk_fields_disagree
2025,8,JennTe00,Terrell Jennings,RB,NE,00-0039757,1.5,1,False,False,weekly_stats_name_position_team,,crosswalk_fields_disagree,Info,crosswalk_fields_disagree
2025,8,HenrHu00,Hunter Henry,TE,NE,00-0033090,7.7,1,False,True,weekly_stats_name_position_team,,crosswalk_fields_disagree,Warning,crosswalk_fields_disagree
2025,8,DiggSt00,Stefon Diggs,WR,WAS,00-0031588,10.4,1,False,True,master_name_position,,crosswalk_fields_disagree,Warning,crosswalk_fields_disagree
2025,8,DougDe00,DeMario Douglas,WR,NE,00-0038621,5.7,1,False,False,weekly_stats_name_position_team,,crosswalk_fields_disagree,Info,crosswalk_fields_disagree
2025,8,BoutKa00,Kayshon Boutte,WR,HOU,00-0038608,16.5,1,False,True,master_name_position,,crosswalk_fields_disagree,Warning,crosswalk_fields_disagree
2025,8,HollMa00,Mack Hollins,WR,NE,00-0033555,15.9,1,False,False,weekly_stats_name_position_team,,crosswalk_fields_disagree,Info,crosswalk_fields_disagree
2025,8,SlayDa00,Darius Slayton,WR,NYG,00-0035535,4.6,1,False,False,weekly_stats_name_position_team,,crosswalk_fields_disagree,Info,crosswalk_fields_disagree
2025,8,FielJu00,Justin Fields,QB,KC,00-0036945,20.86,1,False,True,master_name_position,,crosswalk_fields_disagree,Warning,crosswalk_fields_disagree
2025,8,TaylMa01,Mason Taylor,TE,NYJ,00-0040736,14.4,1,False,True,weekly_stats_name_position_team,,crosswalk_fields_disagree,Warning,crosswalk_fields_disagree
2025,8,OkonCh00,Chig Okonkwo,TE,WAS,00-0037809,9.3,1,False,True,master_name_position,,crosswalk_fields_disagree,Warning,crosswalk_fields_disagree
2025,8,SmitDe04,DeVonta Smith,WR,PHI,00-0036912,14.4,1,False,True,weekly_stats_name_position_team,,crosswalk_fields_disagree,Warning,crosswalk_fields_disagree
2025,8,HaskHa00,Hassan Haskins,RB,NE,00-0037617,0.0,0,True,False,master_name_position,,crosswalk_fields_disagree;no_actual_weekly_record;actual_score_created_from_missing_record,Info,crosswalk_fields_disagree
2025,8,AlleKe00,Keenan Allen,WR,IND,00-0030279,8.4,1,False,True,master_name_position,,crosswalk_fields_disagree,Warning,crosswalk_fields_disagree
2025,8,JohnQu01,Quentin Johnston,WR,LAC,00-0038544,0.0,0,True,True,weekly_roster_name_position_team,,crosswalk_fields_disagree;no_actual_weekly_record;actual_score_created_from_missing_record,Warning,crosswalk_fields_disagree
2025,8,JoneMa04,Mac Jones,QB,SF,00-0036972,18.02,1,False,True,weekly_stats_name_position_team,,crosswalk_fields_disagree,Warning,crosswalk_fields_disagree
2025,8,McCaCh00,Christian McCaffrey,RB,SF,00-0033280,9.8,1,False,True,weekly_stats_name_position_team,,crosswalk_fields_disagree,Warning,crosswalk_fields_disagree
2025,8,JuszKy00,Kyle Juszczyk,RB,SF,00-0029892,0.0,0,True,False,weekly_roster_name_position_team,,no_actual_weekly_record;actual_score_created_from_missing_record,Info,gsis_id_not_in_master
2025,8,MayfBa00,Baker Mayfield,QB,TB,00-0034855,4.08,1,False,True,weekly_stats_name_position_team,,crosswalk_fields_disagree,Warning,crosswalk_fields_disagree
2025,8,TuckSe00,Sean Tucker,RB,TB,00-0038951,10.2,1,False,False,weekly_stats_name_position_team,,crosswalk_fields_disagree,Info,crosswalk_fields_disagree
2025,8,OttoCa00,Cade Otton,TE,TB,00-0038129,8.0,1,False,True,weekly_stats_name_position_team,,crosswalk_fields_disagree,Warning,crosswalk_fields_disagree
2025,8,EgbuEm00,Emeka Egbuka,WR,TB,00-0040129,6.5,1,False,True,weekly_stats_name_position_team,,crosswalk_fields_disagree,Warning,crosswalk_fields_disagree
2025,8,JohnTe01,Tez Johnson,WR,TB,00-0040237,9.3,1,False,True,weekly_stats_name_position_team,,crosswalk_fields_disagree,Warning,crosswalk_fields_disagree
2025,8,SamuDe00,Deebo Samuel Sr.,WR,SF,00-0035719,4.2,1,False,True,master_name_position,,crosswalk_fields_disagree,Warning,crosswalk_fields_disagree
2025,8,GainKe00,Kenny Gainwell,RB,TB,00-0036919,3.5,1,False,True,master_name_position,,crosswalk_fields_disagree,Warning,crosswalk_fields_disagree
2025,8,WashDa02,Darnell Washington,TE,PIT,00-0038558,0.0,0,True,True,weekly_roster_name_position_team,,no_actual_weekly_record;actual_score_created_from_missing_record,Warning,
2025,8,KrafTu00,Tucker Kraft,TE,GB,00-0038996,33.3,1,False,True,weekly_stats_name_position_team,,crosswalk_fields_disagree,Warning,crosswalk_fields_disagree
2025,8,GoldMa00,Matthew Golden,WR,GB,00-0040667,3.4,1,False,True,weekly_stats_name_position_team,,crosswalk_fields_disagree,Warning,crosswalk_fields_disagree
2025,8,DoubRo00,Romeo Doubs,WR,NE,00-0037816,9.4,1,False,True,master_name_position,,crosswalk_fields_disagree,Warning,crosswalk_fields_disagree
2025,8,WatsCh00,Christian Watson,WR,GB,00-0038124,12.5,1,False,False,weekly_stats_name_position_team,,crosswalk_fields_disagree,Info,crosswalk_fields_disagree
2025,8,WashCa01,Casey Washington,WR,CAR,00-0039394,3.5,1,False,False,master_name_position,,crosswalk_fields_disagree,Info,crosswalk_fields_disagree
2025,8,OlivJo00,Josh Oliver,TE,MIN,00-0035249,0.0,0,True,False,weekly_roster_name_position_team,,no_actual_weekly_record;actual_score_created_from_missing_record,Info,
2025,8,AlleJo01,Josh Allen,QB,BUF,00-0034857,23.22,1,False,True,weekly_stats_name_position_team,,crosswalk_fields_disagree,Warning,crosswalk_fields_disagree
2025,8,JohnTy00,Ty Johnson,RB,BUF,00-0035537,0.6,1,False,False,weekly_stats_name_position_team,,crosswalk_fields_disagree,Info,crosswalk_fields_disagree
2025,8,ShavTy00,Tyrell Shavers,WR,BUF,00-0038679,0.0,0,True,False,weekly_roster_name_position_team,,no_actual_weekly_record;actual_score_created_from_missing_record,Info,
2025,8,GiddDJ00,DJ Giddens,RB,IND,00-0040179,0.0,0,True,False,weekly_roster_name_position_team,,no_actual_weekly_record;actual_score_created_from_missing_record,Info,
2025,8,ScotZa00,Zavier Scott,RB,CHI,00-0038440,4.4,1,False,False,master_name_position,,crosswalk_fields_disagree,Info,crosswalk_fields_disagree
2025,8,JohnRo07,Roschon Johnson,RB,CHI,00-0039021,0.0,0,True,False,weekly_roster_name_position_team,,no_actual_weekly_record;actual_score_created_from_missing_record,Info,
2025,8,CartNa00,Nathan Carter,RB,KC,00-0040547,1.4,1,False,False,manual_override,Drafter player crosswalk supplies the GSIS ID,master_name_conflict,Info,manual_override_applied;master_name_conflict
2025,8,PrenAd00,Adam Prentice,RB,DEN,00-0036727,0.0,0,True,False,weekly_roster_name_position_team,,no_actual_weekly_record;actual_score_created_from_missing_record,Info,gsis_id_not_in_master
2025,8,JohnKa01,Kaleb Johnson,RB,GB,00-0040142,0.0,0,True,False,manual_override,FBG uses JohnKa01 for Kaleb Johnson while the sibling crosswalk uses a different FBG ID,crosswalk_fields_disagree;no_actual_weekly_record;actual_score_created_from_missing_record,Info,crosswalk_fields_disagree;manual_override_applied
2025,8,BeckAn00,Andrew Beck,RB,NYJ,00-0034959,0.0,0,True,False,manual_override,FBG position and team differ from the weekly roster record,no_actual_weekly_record;actual_score_created_from_missing_record,Info,manual_override_applied;gsis_id_not_in_master
2025,8,HillJu01,Julian Hill,TE,NE,00-0038720,0.0,0,True,False,master_name_position,,crosswalk_fields_disagree;no_actual_weekly_record;actual_score_created_from_missing_record,Info,crosswalk_fields_disagree
2025,8,SampDr00,Drew Sample,TE,CIN,00-0035631,0.0,0,True,False,weekly_roster_name_position_team,,no_actual_weekly_record;actual_score_created_from_missing_record,Info,
2025,8,ConkTy00,Tyler Conklin,TE,DET,00-0034270,0.0,0,True,False,master_name_position,,no_actual_weekly_record;actual_score_created_from_missing_record,Info,
2025,8,MusgLu00,Luke Musgrave,TE,GB,00-0039144,1.5,1,False,False,weekly_stats_name_position_team,,crosswalk_fields_disagree,Info,crosswalk_fields_disagree
2025,8,GranKy00,Kylen Granson,TE,TEN,00-0036876,0.0,0,True,False,master_name_position,,no_actual_weekly_record;actual_score_created_from_missing_record,Info,
2025,8,HeywCo00,Connor Heyward,TE,LV,00-0037304,0.0,0,True,False,manual_override,Top-player gate override because the historical FBG row uses a stale LV team while the weekly roster identifies Connor Heyward as TE 00-0037304 for PIT,no_actual_weekly_record;actual_score_created_from_missing_record,Info,manual_override_applied;gsis_id_not_in_master
2025,8,WhitBl01,Blake Whiteheart,TE,CLE,00-0038710,0.0,0,True,False,weekly_roster_name_position_team,,no_actual_weekly_record;actual_score_created_from_missing_record,Info,
2025,8,HumpLi00,Lil'Jordan Humphrey,WR,DEN,00-0035406,0.0,0,True,False,master_name_position,,no_actual_weekly_record;actual_score_created_from_missing_record,Info,
2025,8,MoorSk00,Skyy Moore,WR,GB,00-0038090,0.0,1,False,False,master_name_position,,crosswalk_fields_disagree,Info,crosswalk_fields_disagree
2025,8,MillRy00,Ryan Miller,WR,MIA,00-0038824,0.0,0,True,False,master_name_position,,no_actual_weekly_record;actual_score_created_from_missing_record,Info,
2025,8,MoorCh00,Chris Moore,WR,BAL,00-0032398,0.0,0,True,False,master_name_position,,crosswalk_fields_disagree;no_actual_weekly_record;actual_score_created_from_missing_record,Info,crosswalk_fields_disagree
2025,8,VeleDe00,Devaughn Vele,WR,NO,00-0039424,2.0,1,False,False,weekly_stats_name_position_team,,crosswalk_fields_disagree,Info,crosswalk_fields_disagree
2025,8,MetcJo00,John Metchie III,WR,CAR,00-0037614,0.0,0,True,False,master_name_position,,no_actual_weekly_record;actual_score_created_from_missing_record,Info,
2025,8,DillA.00,AJ Dillon,RB,CAR,00-0036265,0.0,0,True,False,master_name_position,,no_actual_weekly_record;actual_score_created_from_missing_record,Info,
2025,8,OgunDa00,Dare Ogunbowale,RB,LV,00-0033854,2.7,1,False,False,master_name_position,,crosswalk_fields_disagree,Info,crosswalk_fields_disagree
2025,8,CalcGr00,Grant Calcaterra,TE,PHI,00-0037086,0.0,0,True,False,weekly_roster_name_position_team,,no_actual_weekly_record;actual_score_created_from_missing_record,Info,
2025,8,CarlSt00,Stephen Carlson,TE,CHI,00-0035039,0.0,0,True,False,weekly_roster_name_position_team,,crosswalk_fields_disagree;no_actual_weekly_record;actual_score_created_from_missing_record,Info,crosswalk_fields_disagree
2025,8,SmytDu00,Durham Smythe,TE,BAL,00-0034798,0.0,0,True,False,master_name_position,,no_actual_weekly_record;actual_score_created_from_missing_record,Info,
2025,8,WoerCh00,Charlie Woerner,TE,ATL,00-0036429,0.0,0,True,False,weekly_roster_name_position_team,,no_actual_weekly_record;actual_score_created_from_missing_record,Info,
2025,8,ManhCh00,Chris Manhertz,TE,NYG,00-0031484,0.0,0,True,False,weekly_roster_name_position_team,,no_actual_weekly_record;actual_score_created_from_missing_record,Info,
2025,8,DurhPa00,Payne Durham,TE,TB,00-0039050,0.0,0,True,False,weekly_roster_name_position_team,,crosswalk_fields_disagree;no_actual_weekly_record;actual_score_created_from_missing_record,Info,crosswalk_fields_disagree
2025,8,WillSa00,Savion Williams,WR,GB,00-0040009,7.9,1,False,False,weekly_stats_name_position_team,,crosswalk_fields_disagree,Info,crosswalk_fields_disagree
2025,8,HodgKh00,KhaDarel Hodge,WR,SF,00-0034854,6.1,1,False,False,master_name_position,,crosswalk_fields_disagree,Info,crosswalk_fields_disagree
2025,8,CoopDa00,Darius Cooper,WR,PHI,00-0040024,0.0,0,True,False,weekly_roster_name_position_team,,no_actual_weekly_record;actual_score_created_from_missing_record,Info,
2025,8,WillKy01,Kyle Williams,WR,NE,00-0040131,0.0,0,True,False,weekly_roster_name_position_team,,crosswalk_fields_disagree;no_actual_weekly_record;actual_score_created_from_missing_record,Info,crosswalk_fields_disagree
2025,8,TinsMi00,Mitch Tinsley,WR,HOU,00-0038839,0.0,0,True,False,master_name_position,,crosswalk_fields_disagree;master_name_conflict;no_actual_weekly_record;actual_score_created_from_missing_record,Info,crosswalk_fields_disagree;master_name_conflict
2025,8,SherTr00,Trent Sherfield,WR,BUF,00-0034487,0.0,0,True,False,master_name_position,,no_actual_weekly_record;actual_score_created_from_missing_record,Info,
2025,8,WestLa00,LaJohntay Wester,WR,BAL,00-0040075,0.0,0,True,False,weekly_roster_name_position_team,,no_actual_weekly_record;actual_score_created_from_missing_record,Info,
2025,8,DaviDe01,Derius Davis,WR,LAC,00-0038573,0.0,1,False,False,weekly_stats_name_position_team,,crosswalk_fields_disagree,Info,crosswalk_fields_disagree
2025,8,WillKe05,Ke'Shawn Williams,WR,CIN,00-0040534,0.0,1,False,False,master_name_position,,crosswalk_fields_disagree,Info,crosswalk_fields_disagree
2025,8,AustKe00,Kevin Austin Jr,WR,NO,00-0037231,0.0,0,True,False,weekly_roster_name_position_team,,crosswalk_fields_disagree;no_actual_weekly_record;actual_score_created_from_missing_record,Info,crosswalk_fields_disagree
2025,8,TiptMa00,Mason Tipton,WR,NO,00-0039623,0.0,1,False,False,weekly_stats_name_position_team,,crosswalk_fields_disagree,Info,crosswalk_fields_disagree
2025,9,SandJa00,Ja'Tavion Sanders,TE,CAR,00-0039356,1.5,1,False,True,weekly_stats_name_position_team,,crosswalk_fields_disagree,Warning,crosswalk_fields_disagree
2025,9,EvanMi01,Mitchell Evans,TE,CAR,00-0040187,0.0,0,True,False,weekly_roster_name_position_team,,no_actual_weekly_record;actual_score_created_from_missing_record,Info,
2025,9,FantNo00,Noah Fant,TE,NO,00-0035644,10.8,1,False,True,master_name_position,,crosswalk_fields_disagree,Warning,crosswalk_fields_disagree
2025,9,BlueJa01,Jaydon Blue,RB,PHI,00-0040586,0.0,0,True,False,master_name_position,,crosswalk_fields_disagree;no_actual_weekly_record;actual_score_created_from_missing_record,Info,crosswalk_fields_disagree
2025,9,TolbJa00,Jalen Tolbert,WR,MIA,00-0037666,0.0,0,True,False,master_name_position,,no_actual_weekly_record;actual_score_created_from_missing_record,Info,
2025,9,MahoPa00,Patrick Mahomes II,QB,KC,00-0033873,10.5,1,False,True,weekly_stats_name_position_team,,crosswalk_fields_disagree,Warning,crosswalk_fields_disagree
2025,9,KelcTr00,Travis Kelce,TE,KC,00-0030506,12.6,1,False,True,weekly_stats_name_position_team,,crosswalk_fields_disagree,Warning,crosswalk_fields_disagree
2025,9,GrayNo00,Noah Gray,TE,KC,00-0036637,0.0,1,False,False,weekly_stats_name_position_team,,crosswalk_fields_disagree,Info,crosswalk_fields_disagree
2025,9,WortXa00,Xavier Worthy,WR,KC,00-0039894,6.0,1,False,True,weekly_stats_name_position_team,,crosswalk_fields_disagree,Warning,crosswalk_fields_disagree
2025,9,BrowMa05,Hollywood Brown,WR,PHI,00-0035662,9.3,1,False,False,manual_override,FBG uses Hollywood Brown and a stale PHI team in the historical export,master_name_conflict,Info,manual_override_applied;master_name_conflict
2025,9,ThorTy00,Tyquan Thornton,WR,KC,00-0038104,0.0,1,False,False,weekly_stats_name_position_team,,crosswalk_fields_disagree,Info,crosswalk_fields_disagree
2025,9,RiceRa01,Rashee Rice,WR,KC,00-0039067,18.6,1,False,True,weekly_stats_name_position_team,,crosswalk_fields_disagree,Warning,crosswalk_fields_disagree
2025,9,ShouTy00,Tyler Shough,QB,NO,00-0040743,9.24,1,False,True,weekly_stats_name_position_team,,crosswalk_fields_disagree,Warning,crosswalk_fields_disagree
2025,9,KamaAl00,Alvin Kamara,RB,NO,00-0033906,0.7,1,False,True,weekly_stats_name_position_team,,crosswalk_fields_disagree,Warning,crosswalk_fields_disagree
2025,9,NealDe00,Devin Neal,RB,NO,00-0040202,2.2,1,False,False,weekly_stats_name_position_team,,crosswalk_fields_disagree,Info,crosswalk_fields_disagree
2025,9,OlavCh00,Chris Olave,WR,NO,00-0037239,8.7,1,False,True,weekly_stats_name_position_team,,crosswalk_fields_disagree,Warning,crosswalk_fields_disagree
2025,9,VeleDe00,Devaughn Vele,WR,NO,00-0039424,0.0,0,True,False,weekly_roster_name_position_team,,crosswalk_fields_disagree;no_actual_weekly_record;actual_score_created_from_missing_record,Info,crosswalk_fields_disagree
2025,9,MayeDr00,Drake Maye,QB,NE,00-0039851,16.36,1,False,True,weekly_stats_name_position_team,,crosswalk_fields_disagree,Warning,crosswalk_fields_disagree
2025,9,HendTr00,TreVeyon Henderson,RB,NE,00-0040734,12.7,1,False,True,weekly_stats_name_position_team,,crosswalk_fields_disagree,Warning,crosswalk_fields_disagree
2025,9,JennTe00,Terrell Jennings,RB,NE,00-0039757,11.4,1,False,False,weekly_stats_name_position_team,,crosswalk_fields_disagree,Info,crosswalk_fields_disagree
2025,9,HenrHu00,Hunter Henry,TE,NE,00-0033090,9.1,1,False,True,weekly_stats_name_position_team,,crosswalk_fields_disagree,Warning,crosswalk_fields_disagree
2025,9,DiggSt00,Stefon Diggs,WR,WAS,00-0031588,12.8,1,False,True,master_name_position,,crosswalk_fields_disagree,Warning,crosswalk_fields_disagree
2025,9,DougDe00,DeMario Douglas,WR,NE,00-0038621,20.0,1,False,False,weekly_stats_name_position_team,,crosswalk_fields_disagree,Info,crosswalk_fields_disagree
2025,9,BoutKa00,Kayshon Boutte,WR,HOU,00-0038608,0.0,1,False,True,master_name_position,,crosswalk_fields_disagree,Warning,crosswalk_fields_disagree
2025,9,HollMa00,Mack Hollins,WR,NE,00-0033555,2.9,1,False,False,weekly_stats_name_position_team,,crosswalk_fields_disagree,Info,crosswalk_fields_disagree
2025,9,SlayDa00,Darius Slayton,WR,NYG,00-0035535,11.2,1,False,False,weekly_stats_name_position_team,,crosswalk_fields_disagree,Info,crosswalk_fields_disagree
2025,9,HumpLi00,Lil'Jordan Humphrey,WR,DEN,00-0035406,0.0,0,True,False,master_name_position,,no_actual_weekly_record;actual_score_created_from_missing_record,Info,
2025,9,OkonCh00,Chig Okonkwo,TE,WAS,00-0037809,3.0,1,False,True,master_name_position,,crosswalk_fields_disagree,Warning,crosswalk_fields_disagree
2025,9,AlleKe00,Keenan Allen,WR,IND,00-0030279,6.1,1,False,True,master_name_position,,crosswalk_fields_disagree,Warning,crosswalk_fields_disagree
2025,9,JohnQu01,Quentin Johnston,WR,LAC,00-0038544,15.3,1,False,True,weekly_stats_name_position_team,,crosswalk_fields_disagree,Warning,crosswalk_fields_disagree
2025,9,JoneMa04,Mac Jones,QB,SF,00-0036972,15.8,1,False,True,weekly_stats_name_position_team,,crosswalk_fields_disagree,Warning,crosswalk_fields_disagree
2025,9,McCaCh00,Christian McCaffrey,RB,SF,00-0033280,34.3,1,False,True,weekly_stats_name_position_team,,crosswalk_fields_disagree,Warning,crosswalk_fields_disagree
2025,9,JuszKy00,Kyle Juszczyk,RB,SF,00-0029892,0.0,0,True,False,weekly_roster_name_position_team,,no_actual_weekly_record;actual_score_created_from_missing_record,Info,gsis_id_not_in_master
2025,9,SamuDe00,Deebo Samuel Sr.,WR,SF,00-0035719,9.4,1,False,True,master_name_position,,crosswalk_fields_disagree,Warning,crosswalk_fields_disagree
2025,9,MoorCh00,Chris Moore,WR,BAL,00-0032398,0.0,0,True,False,master_name_position,,crosswalk_fields_disagree;no_actual_weekly_record;actual_score_created_from_missing_record,Info,crosswalk_fields_disagree
2025,9,GainKe00,Kenny Gainwell,RB,TB,00-0036919,7.4,1,False,True,master_name_position,,crosswalk_fields_disagree,Warning,crosswalk_fields_disagree
2025,9,KrafTu00,Tucker Kraft,TE,GB,00-0038996,4.0,1,False,True,weekly_stats_name_position_team,,crosswalk_fields_disagree,Warning,crosswalk_fields_disagree
2025,9,GoldMa00,Matthew Golden,WR,GB,00-0040667,2.9,1,False,False,weekly_stats_name_position_team,,crosswalk_fields_disagree,Info,crosswalk_fields_disagree
2025,9,DoubRo00,Romeo Doubs,WR,NE,00-0037816,16.1,1,False,True,master_name_position,,crosswalk_fields_disagree,Warning,crosswalk_fields_disagree
2025,9,WillSa00,Savion Williams,WR,GB,00-0040009,1.2,1,False,False,weekly_stats_name_position_team,,crosswalk_fields_disagree,Info,crosswalk_fields_disagree
2025,9,WatsCh00,Christian Watson,WR,GB,00-0038124,7.8,1,False,True,weekly_stats_name_position_team,,crosswalk_fields_disagree,Warning,crosswalk_fields_disagree
2025,9,WashCa01,Casey Washington,WR,CAR,00-0039394,0.0,0,True,False,master_name_position,,crosswalk_fields_disagree;no_actual_weekly_record;actual_score_created_from_missing_record,Info,crosswalk_fields_disagree
2025,9,KirkCh00,Christian Kirk,WR,SF,00-0034775,6.6,1,False,False,master_name_position,,crosswalk_fields_disagree,Info,crosswalk_fields_disagree
2025,9,AlleJo01,Josh Allen,QB,BUF,00-0034857,28.82,1,False,True,weekly_stats_name_position_team,,crosswalk_fields_disagree,Warning,crosswalk_fields_disagree
2025,9,JohnTy00,Ty Johnson,RB,BUF,00-0035537,10.0,1,False,False,weekly_stats_name_position_team,,crosswalk_fields_disagree,Info,crosswalk_fields_disagree
2025,9,DemeEm00,Emari Demercado,RB,DAL,00-0038705,8.8,1,False,False,master_name_position,,crosswalk_fields_disagree,Info,crosswalk_fields_disagree
2025,9,CartMi01,Michael Carter,RB,TEN,00-0036924,0.0,0,True,False,master_name_position,,no_actual_weekly_record;actual_score_created_from_missing_record,Info,
2025,9,HarrMa05,Marvin Harrison Jr.,WR,ARI,00-0039849,22.6,1,False,True,weekly_stats_name_position_team,,crosswalk_fields_disagree,Warning,crosswalk_fields_disagree
2025,9,GibbJa00,Jahmyr Gibbs,RB,DET,00-0039139,5.8,1,False,True,weekly_stats_name_position_team,,crosswalk_fields_disagree,Warning,crosswalk_fields_disagree
2025,9,WrigBr00,Brock Wright,TE,DET,00-0036754,2.1,1,False,False,weekly_stats_name_position_team,,crosswalk_fields_disagree,Info,crosswalk_fields_disagree
2025,9,WillJa09,Jameson Williams,WR,DET,00-0037240,16.6,1,False,False,weekly_stats_name_position_team,,crosswalk_fields_disagree,Info,crosswalk_fields_disagree
2025,9,TeSlIs00,Isaac TeSlaa,WR,DET,00-0040669,0.0,0,True,False,weekly_roster_name_position_team,,no_actual_weekly_record;actual_score_created_from_missing_record,Info,
2025,9,EtieTr00,Travis Etienne Jr.,RB,NO,00-0036973,16.5,1,False,True,master_name_position,,crosswalk_fields_disagree,Warning,crosswalk_fields_disagree
2025,9,LongHu00,Hunter Long,TE,ARI,00-0037004,1.6,1,False,True,master_name_position,,crosswalk_fields_disagree,Warning,crosswalk_fields_disagree
2025,9,ThomBr01,Brian Thomas Jr.,WR,JAX,00-0039893,8.5,1,False,True,weekly_stats_name_position_team,,crosswalk_fields_disagree,Warning,crosswalk_fields_disagree
2025,9,ParkCo00,Colby Parkinson,TE,LA,00-0036244,3.0,1,False,False,weekly_stats_name_position_team,,crosswalk_fields_disagree,Info,crosswalk_fields_disagree
2025,9,AlleDa01,Davis Allen,TE,LA,00-0039074,6.7,1,False,False,weekly_stats_name_position_team,,crosswalk_fields_disagree,Info,crosswalk_fields_disagree
2025,9,WhitJo04,Jordan Whittington,WR,LA,00-0039751,0.0,0,True,False,weekly_roster_name_position_team,,no_actual_weekly_record;actual_score_created_from_missing_record,Info,
2025,9,WalkKe01,Ken Walker III,RB,KC,00-0038134,8.1,1,False,True,manual_override,FBG uses Ken Walker and a stale KC team in the historical export,master_name_conflict,Warning,manual_override_applied;master_name_conflict
2025,9,SmitJa02,Jaxon Smith-Njigba,WR,SEA,00-0038543,22.0,1,False,True,weekly_stats_name_position_team,,crosswalk_fields_disagree,Warning,crosswalk_fields_disagree
2025,9,ScotZa00,Zavier Scott,RB,CHI,00-0038440,0.0,1,False,False,master_name_position,,crosswalk_fields_disagree,Info,crosswalk_fields_disagree
2025,9,WrigJa04,Jaylen Wright,RB,MIA,00-0039874,0.0,0,True,False,weekly_roster_name_position_team,,no_actual_weekly_record;actual_score_created_from_missing_record,Info,
2025,9,OgunDa00,Dare Ogunbowale,RB,LV,00-0033854,1.2,1,False,False,master_name_position,,crosswalk_fields_disagree,Info,crosswalk_fields_disagree
2025,9,WhitZa00,Zamir White,RB,NO,00-0038040,0.0,0,True,False,master_name_position,,no_actual_weekly_record;actual_score_created_from_missing_record,Info,
2025,9,IngoAl00,Alec Ingold,RB,LAC,00-0035125,0.0,0,True,False,manual_override,Top-player gate override because the historical FBG row uses a stale LAC team while the weekly roster identifies Alec Ingold as RB 00-0035125 for MIA,no_actual_weekly_record;actual_score_created_from_missing_record,Info,manual_override_applied;gsis_id_not_in_master
2025,9,GiddDJ00,DJ Giddens,RB,IND,00-0040179,0.0,0,True,False,weekly_roster_name_position_team,,no_actual_weekly_record;actual_score_created_from_missing_record,Info,
2025,9,PrenAd00,Adam Prentice,RB,DEN,00-0036727,0.0,0,True,False,weekly_roster_name_position_team,,no_actual_weekly_record;actual_score_created_from_missing_record,Info,gsis_id_not_in_master
2025,9,MusgLu00,Luke Musgrave,TE,GB,00-0039144,6.4,1,False,False,weekly_stats_name_position_team,,crosswalk_fields_disagree,Info,crosswalk_fields_disagree
2025,9,ConkTy00,Tyler Conklin,TE,DET,00-0034270,0.0,0,True,False,master_name_position,,no_actual_weekly_record;actual_score_created_from_missing_record,Info,
2025,9,TongJa00,Jake Tonges,TE,SF,00-0037112,0.0,0,True,False,weekly_roster_name_position_team,,no_actual_weekly_record;actual_score_created_from_missing_record,Info,
2025,9,SampDr00,Drew Sample,TE,CIN,00-0035631,0.0,0,True,False,weekly_roster_name_position_team,,no_actual_weekly_record;actual_score_created_from_missing_record,Info,
2025,9,ManhCh00,Chris Manhertz,TE,NYG,00-0031484,0.0,0,True,False,weekly_roster_name_position_team,,no_actual_weekly_record;actual_score_created_from_missing_record,Info,
2025,9,SinnBe00,Ben Sinnott,TE,WAS,00-0039912,0.0,0,True,False,weekly_roster_name_position_team,,no_actual_weekly_record;actual_score_created_from_missing_record,Info,
2025,9,SimsBe00,Ben Sims,TE,MIA,00-0038809,0.0,0,True,False,master_name_position,,no_actual_weekly_record;actual_score_created_from_missing_record,Info,
2025,9,OgleAn00,Drew Ogletree,TE,IND,00-0037292,0.0,1,False,False,pfr_crosswalk_verified,,master_name_conflict,Info,master_name_conflict
2025,9,WalkDe01,Devontez Walker,WR,BAL,00-0039792,0.0,0,True,False,weekly_roster_name_position_team,,no_actual_weekly_record;actual_score_created_from_missing_record,Info,
2025,9,MumpKo00,Konata Mumpfield,WR,LA,00-0040590,0.0,0,True,False,weekly_roster_name_position_team,,no_actual_weekly_record;actual_score_created_from_missing_record,Info,
2025,9,ThorDo00,Dont'e Thornton Jr.,WR,LV,00-0040581,0.0,0,True,False,weekly_roster_name_position_team,,no_actual_weekly_record;actual_score_created_from_missing_record,Info,
2025,9,HodgKh00,KhaDarel Hodge,WR,SF,00-0034854,0.0,1,False,False,master_name_position,,crosswalk_fields_disagree,Info,crosswalk_fields_disagree
2025,9,TinsMi00,Mitch Tinsley,WR,HOU,00-0038839,3.7,1,False,False,master_name_position,,crosswalk_fields_disagree;master_name_conflict,Info,crosswalk_fields_disagree;master_name_conflict
2025,9,WillKy01,Kyle Williams,WR,NE,00-0040131,0.0,1,False,False,weekly_stats_name_position_team,,crosswalk_fields_disagree,Info,crosswalk_fields_disagree
2025,9,LambKe00,Keandre Lambert-Smith,WR,LAC,00-0040184,0.0,1,False,False,weekly_stats_name_position_team,,crosswalk_fields_disagree,Info,crosswalk_fields_disagree
2025,9,WhitCo01,Cody White,WR,LV,00-0035891,13.0,1,False,False,master_name_position,,crosswalk_fields_disagree,Info,crosswalk_fields_disagree
2025,9,KrulLu00,Lucas Krull,TE,DEN,00-0037539,0.0,0,True,False,weekly_roster_name_position_team,,no_actual_weekly_record;actual_score_created_from_missing_record,Info,
2025,9,MoreFo00,Foster Moreau,TE,HOU,00-0034981,0.0,0,True,False,master_name_position,,no_actual_weekly_record;actual_score_created_from_missing_record,Info,
2025,9,HeywCo00,Connor Heyward,TE,LV,00-0037304,0.0,0,True,False,manual_override,Top-player gate override because the historical FBG row uses a stale LV team while the weekly roster identifies Connor Heyward as TE 00-0037304 for PIT,no_actual_weekly_record;actual_score_created_from_missing_record,Info,manual_override_applied;gsis_id_not_in_master
2025,9,WoerCh00,Charlie Woerner,TE,ATL,00-0036429,0.0,0,True,False,weekly_roster_name_position_team,,no_actual_weekly_record;actual_score_created_from_missing_record,Info,
2025,9,VannNi00,Nick Vannett,TE,BAL,00-0032394,0.0,0,True,False,master_name_position,,crosswalk_fields_disagree;master_team_context_differs;no_actual_weekly_record;actual_score_created_from_missing_record,Info,crosswalk_fields_disagree;master_team_context_differs
2025,9,FidoTh00,Thomas Fidone II,TE,NYG,00-0040225,0.0,0,True,False,weekly_roster_name_position_team,,no_actual_weekly_record;actual_score_created_from_missing_record,Info,
2025,9,WhitRi01,Ricky White III,WR,SEA,00-0040653,0.0,0,True,False,weekly_roster_name_position_team,,no_actual_weekly_record;actual_score_created_from_missing_record,Info,
2025,9,SherTr00,Trent Sherfield,WR,BUF,00-0034487,0.0,0,True,False,master_name_position,,no_actual_weekly_record;actual_score_created_from_missing_record,Info,
2025,9,MoorSk00,Skyy Moore,WR,GB,00-0038090,3.1,1,False,False,master_name_position,,crosswalk_fields_disagree,Info,crosswalk_fields_disagree
2025,9,TiptMa00,Mason Tipton,WR,NO,00-0039623,0.0,0,True,False,weekly_roster_name_position_team,,crosswalk_fields_disagree;no_actual_weekly_record;actual_score_created_from_missing_record,Info,crosswalk_fields_disagree
2025,9,DaviDe01,Derius Davis,WR,LAC,00-0038573,0.0,1,False,False,weekly_stats_name_position_team,,crosswalk_fields_disagree,Info,crosswalk_fields_disagree
2025,10,SandJa00,Ja'Tavion Sanders,TE,CAR,00-0039356,8.2,1,False,False,weekly_stats_name_position_team,,crosswalk_fields_disagree,Info,crosswalk_fields_disagree
2025,10,TremTo00,Tommy Tremble,TE,CAR,00-0037005,0.0,0,True,False,weekly_roster_name_position_team,,no_actual_weekly_record;actual_score_created_from_missing_record,Info,
2025,10,HornJi00,Jimmy Horn Jr.,WR,CAR,00-0040218,0.0,0,True,False,weekly_roster_name_position_team,,no_actual_weekly_record;actual_score_created_from_missing_record,Info,
2025,10,ShouTy00,Tyler Shough,QB,NO,00-0040743,18.98,1,False,True,weekly_stats_name_position_team,,crosswalk_fields_disagree,Warning,crosswalk_fields_disagree
2025,10,KamaAl00,Alvin Kamara,RB,NO,00-0033906,14.5,1,False,True,weekly_stats_name_position_team,,crosswalk_fields_disagree,Warning,crosswalk_fields_disagree
2025,10,NealDe00,Devin Neal,RB,NO,00-0040202,6.1,1,False,False,weekly_stats_name_position_team,,crosswalk_fields_disagree,Info,crosswalk_fields_disagree
2025,10,OlavCh00,Chris Olave,WR,NO,00-0037239,21.4,1,False,True,weekly_stats_name_position_team,,crosswalk_fields_disagree,Warning,crosswalk_fields_disagree
2025,10,VeleDe00,Devaughn Vele,WR,NO,00-0039424,2.5,1,False,False,weekly_stats_name_position_team,,crosswalk_fields_disagree,Info,crosswalk_fields_disagree
2025,10,MayeDr00,Drake Maye,QB,NE,00-0039851,18.1,1,False,True,weekly_stats_name_position_team,,crosswalk_fields_disagree,Warning,crosswalk_fields_disagree
2025,10,HendTr00,TreVeyon Henderson,RB,NE,00-0040734,28.0,1,False,True,weekly_stats_name_position_team,,crosswalk_fields_disagree,Warning,crosswalk_fields_disagree
2025,10,JennTe00,Terrell Jennings,RB,NE,00-0039757,0.5,1,False,False,weekly_stats_name_position_team,,crosswalk_fields_disagree,Info,crosswalk_fields_disagree
2025,10,HenrHu00,Hunter Henry,TE,NE,00-0033090,1.9,1,False,True,weekly_stats_name_position_team,,crosswalk_fields_disagree,Warning,crosswalk_fields_disagree
2025,10,DiggSt00,Stefon Diggs,WR,WAS,00-0031588,15.6,1,False,True,master_name_position,,crosswalk_fields_disagree,Warning,crosswalk_fields_disagree
2025,10,DougDe00,DeMario Douglas,WR,NE,00-0038621,5.4,1,False,False,weekly_stats_name_position_team,,crosswalk_fields_disagree,Info,crosswalk_fields_disagree
2025,10,WillKy01,Kyle Williams,WR,NE,00-0040131,14.2,1,False,False,weekly_stats_name_position_team,,crosswalk_fields_disagree,Info,crosswalk_fields_disagree
2025,10,HollMa00,Mack Hollins,WR,NE,00-0033555,16.6,1,False,False,weekly_stats_name_position_team,,crosswalk_fields_disagree,Info,crosswalk_fields_disagree
2025,10,SlayDa00,Darius Slayton,WR,NYG,00-0035535,12.9,1,False,True,weekly_stats_name_position_team,,crosswalk_fields_disagree,Warning,crosswalk_fields_disagree
2025,10,AlleKe00,Keenan Allen,WR,IND,00-0030279,3.9,1,False,True,master_name_position,,crosswalk_fields_disagree,Warning,crosswalk_fields_disagree
2025,10,JohnQu01,Quentin Johnston,WR,LAC,00-0038544,9.2,1,False,True,weekly_stats_name_position_team,,crosswalk_fields_disagree,Warning,crosswalk_fields_disagree
2025,10,JoneMa04,Mac Jones,QB,SF,00-0036972,23.06,1,False,True,weekly_stats_name_position_team,,crosswalk_fields_disagree,Warning,crosswalk_fields_disagree
2025,10,McCaCh00,Christian McCaffrey,RB,SF,00-0033280,17.6,1,False,True,weekly_stats_name_position_team,,crosswalk_fields_disagree,Warning,crosswalk_fields_disagree
2025,10,JuszKy00,Kyle Juszczyk,RB,SF,00-0029892,0.0,0,True,False,weekly_roster_name_position_team,,no_actual_weekly_record;actual_score_created_from_missing_record,Info,gsis_id_not_in_master
2025,10,SamuDe00,Deebo Samuel Sr.,WR,SF,00-0035719,12.9,1,False,True,master_name_position,,crosswalk_fields_disagree,Warning,crosswalk_fields_disagree
2025,10,GainKe00,Kenny Gainwell,RB,TB,00-0036919,2.4,1,False,True,master_name_position,,crosswalk_fields_disagree,Warning,crosswalk_fields_disagree
2025,10,HeywCo00,Connor Heyward,TE,LV,00-0037304,0.0,0,True,False,manual_override,Top-player gate override because the historical FBG row uses a stale LV team while the weekly roster identifies Connor Heyward as TE 00-0037304 for PIT,no_actual_weekly_record;actual_score_created_from_missing_record,Info,manual_override_applied;gsis_id_not_in_master
2025,10,MusgLu00,Luke Musgrave,TE,GB,00-0039144,5.3,1,False,True,weekly_stats_name_position_team,,crosswalk_fields_disagree,Warning,crosswalk_fields_disagree
2025,10,DoubRo00,Romeo Doubs,WR,NE,00-0037816,1.5,1,False,True,master_name_position,,crosswalk_fields_disagree,Warning,crosswalk_fields_disagree
2025,10,WillSa00,Savion Williams,WR,GB,00-0040009,2.2,1,False,False,weekly_stats_name_position_team,,crosswalk_fields_disagree,Info,crosswalk_fields_disagree
2025,10,WatsCh00,Christian Watson,WR,GB,00-0038124,6.5,1,False,True,weekly_stats_name_position_team,,crosswalk_fields_disagree,Warning,crosswalk_fields_disagree
2025,10,KirkCh00,Christian Kirk,WR,SF,00-0034775,1.3,1,False,False,master_name_position,,crosswalk_fields_disagree,Info,crosswalk_fields_disagree
2025,10,HutcXa00,Xavier Hutchinson,WR,HOU,00-0038618,0.0,0,True,False,weekly_roster_name_position_team,,no_actual_weekly_record;actual_score_created_from_missing_record,Info,
2025,10,AlleJo01,Josh Allen,QB,BUF,00-0034857,19.34,1,False,True,weekly_stats_name_position_team,,crosswalk_fields_disagree,Warning,crosswalk_fields_disagree
2025,10,JohnTy00,Ty Johnson,RB,BUF,00-0035537,4.6,1,False,False,weekly_stats_name_position_team,,crosswalk_fields_disagree,Info,crosswalk_fields_disagree
2025,10,DemeEm00,Emari Demercado,RB,DAL,00-0038705,13.4,1,False,True,master_name_position,,crosswalk_fields_disagree,Warning,crosswalk_fields_disagree
2025,10,HarrMa05,Marvin Harrison Jr.,WR,ARI,00-0039849,14.3,1,False,True,weekly_stats_name_position_team,,crosswalk_fields_disagree,Warning,crosswalk_fields_disagree
2025,10,GibbJa00,Jahmyr Gibbs,RB,DET,00-0039139,38.2,1,False,True,weekly_stats_name_position_team,,crosswalk_fields_disagree,Warning,crosswalk_fields_disagree
2025,10,WrigBr00,Brock Wright,TE,DET,00-0036754,0.0,1,False,False,weekly_stats_name_position_team,,crosswalk_fields_disagree,Info,crosswalk_fields_disagree
2025,10,WillJa09,Jameson Williams,WR,DET,00-0037240,23.9,1,False,True,weekly_stats_name_position_team,,crosswalk_fields_disagree,Warning,crosswalk_fields_disagree
2025,10,EtieTr00,Travis Etienne Jr.,RB,NO,00-0036973,15.7,1,False,True,master_name_position,,crosswalk_fields_disagree,Warning,crosswalk_fields_disagree
2025,10,ParkCo00,Colby Parkinson,TE,LA,00-0036244,14.1,1,False,False,weekly_stats_name_position_team,,crosswalk_fields_disagree,Info,crosswalk_fields_disagree
2025,10,AlleDa01,Davis Allen,TE,LA,00-0039074,8.8,1,False,False,weekly_stats_name_position_team,,crosswalk_fields_disagree,Info,crosswalk_fields_disagree
2025,10,WalkKe01,Ken Walker III,RB,KC,00-0038134,8.0,1,False,True,manual_override,FBG uses Ken Walker and a stale KC team in the historical export,master_name_conflict,Warning,manual_override_applied;master_name_conflict
2025,10,SmitJa02,Jaxon Smith-Njigba,WR,SEA,00-0038543,20.3,1,False,True,weekly_stats_name_position_team,,crosswalk_fields_disagree,Warning,crosswalk_fields_disagree
2025,10,FielJu00,Justin Fields,QB,KC,00-0036945,6.96,1,False,True,master_name_position,,crosswalk_fields_disagree,Warning,crosswalk_fields_disagree
2025,10,TaylMa01,Mason Taylor,TE,NYJ,00-0040736,1.4,1,False,True,weekly_stats_name_position_team,,crosswalk_fields_disagree,Warning,crosswalk_fields_disagree
2025,10,BrowAJ00,A.J. Brown,WR,NE,00-0035676,3.3,1,False,True,master_name_position,,crosswalk_fields_disagree,Warning,crosswalk_fields_disagree
2025,10,SmitDe04,DeVonta Smith,WR,PHI,00-0036912,16.9,1,False,True,weekly_stats_name_position_team,,crosswalk_fields_disagree,Warning,crosswalk_fields_disagree
2025,10,MayfBa00,Baker Mayfield,QB,TB,00-0034855,22.92,1,False,True,weekly_stats_name_position_team,,crosswalk_fields_disagree,Warning,crosswalk_fields_disagree
2025,10,TuckSe00,Sean Tucker,RB,TB,00-0038951,6.1,1,False,False,weekly_stats_name_position_team,,crosswalk_fields_disagree,Info,crosswalk_fields_disagree
2025,10,OttoCa00,Cade Otton,TE,TB,00-0038129,17.2,1,False,True,weekly_stats_name_position_team,,crosswalk_fields_disagree,Warning,crosswalk_fields_disagree
2025,10,EgbuEm00,Emeka Egbuka,WR,TB,00-0040129,23.5,1,False,True,weekly_stats_name_position_team,,crosswalk_fields_disagree,Warning,crosswalk_fields_disagree
2025,10,JohnTe01,Tez Johnson,WR,TB,00-0040237,20.2,1,False,True,weekly_stats_name_position_team,,crosswalk_fields_disagree,Warning,crosswalk_fields_disagree
2025,10,PurdBr00,Brock Purdy,QB,SF,00-0037834,0.0,0,True,True,weekly_roster_name_position_team,,no_actual_weekly_record;actual_score_created_from_missing_record,Warning,
2025,10,JohnKa01,Kaleb Johnson,RB,GB,00-0040142,0.3,1,False,False,manual_override,FBG uses JohnKa01 for Kaleb Johnson while the sibling crosswalk uses a different FBG ID,crosswalk_fields_disagree,Info,crosswalk_fields_disagree;manual_override_applied
2025,10,WillJo06,Josh Williams,RB,TB,00-0040429,0.0,0,True,False,weekly_roster_name_position_team,,no_actual_weekly_record;actual_score_created_from_missing_record,Info,
2025,10,ScotZa00,Zavier Scott,RB,CHI,00-0038440,0.0,0,True,False,master_name_position,,crosswalk_fields_disagree;no_actual_weekly_record;actual_score_created_from_missing_record,Info,crosswalk_fields_disagree
2025,10,OgunDa00,Dare Ogunbowale,RB,LV,00-0033854,0.0,0,True,False,master_name_position,,crosswalk_fields_disagree;no_actual_weekly_record;actual_score_created_from_missing_record,Info,crosswalk_fields_disagree
2025,10,IngoAl00,Alec Ingold,RB,LAC,00-0035125,0.0,0,True,False,manual_override,Top-player gate override because the historical FBG row uses a stale LAC team while the weekly roster identifies Alec Ingold as RB 00-0035125 for MIA,no_actual_weekly_record;actual_score_created_from_missing_record,Info,manual_override_applied;gsis_id_not_in_master
2025,10,PrenAd00,Adam Prentice,RB,DEN,00-0036727,0.0,0,True,False,weekly_roster_name_position_team,,no_actual_weekly_record;actual_score_created_from_missing_record,Info,gsis_id_not_in_master
2025,10,JohnRo07,Roschon Johnson,RB,CHI,00-0039021,0.0,0,True,False,weekly_roster_name_position_team,,no_actual_weekly_record;actual_score_created_from_missing_record,Info,
2025,10,CartNa00,Nathan Carter,RB,KC,00-0040547,0.0,0,True,False,manual_override,Drafter player crosswalk supplies the GSIS ID,master_name_conflict;no_actual_weekly_record;actual_score_created_from_missing_record,Info,manual_override_applied;master_name_conflict
2025,10,BrooBr00,British Brooks,RB,HOU,00-0039603,0.0,0,True,False,weekly_roster_name_position_team,,no_actual_weekly_record;actual_score_created_from_missing_record,Info,
2025,10,MorrQu00,Quintin Morris,TE,JAX,00-0036590,0.0,0,True,False,weekly_roster_name_position_team,,no_actual_weekly_record;actual_score_created_from_missing_record,Info,
2025,10,BeckAn00,Andrew Beck,RB,NYJ,00-0034959,0.0,0,True,False,manual_override,FBG position and team differ from the weekly roster record,no_actual_weekly_record;actual_score_created_from_missing_record,Info,manual_override_applied;gsis_id_not_in_master
2025,10,TongJa00,Jake Tonges,TE,SF,00-0037112,0.0,0,True,False,weekly_roster_name_position_team,,no_actual_weekly_record;actual_score_created_from_missing_record,Info,
2025,10,OgleAn00,Drew Ogletree,TE,IND,00-0037292,0.0,1,False,False,pfr_crosswalk_verified,,master_name_conflict,Info,master_name_conflict
2025,10,VannNi00,Nick Vannett,TE,BAL,00-0032394,0.0,0,True,False,master_name_position,,crosswalk_fields_disagree;master_team_context_differs;no_actual_weekly_record;actual_score_created_from_missing_record,Info,crosswalk_fields_disagree;master_team_context_differs
2025,10,MitcZa00,Zaire Mitchell-Paden,TE,HOU,00-0037340,2.4,1,False,False,master_name_position,,crosswalk_fields_disagree,Info,crosswalk_fields_disagree
2025,10,ThomIa00,Ian Thomas,TE,LV,00-0034365,0.0,0,True,False,weekly_roster_name_position_team,,no_actual_weekly_record;actual_score_created_from_missing_record,Info,
2025,10,DurhPa00,Payne Durham,TE,TB,00-0039050,0.0,1,False,False,weekly_stats_name_position_team,,crosswalk_fields_disagree,Info,crosswalk_fields_disagree
2025,10,MoorCh00,Chris Moore,WR,BAL,00-0032398,0.0,1,False,False,master_name_position,,crosswalk_fields_disagree,Info,crosswalk_fields_disagree
2025,10,PatrTi00,Tim Patrick,WR,NYJ,00-0033375,0.0,0,True,False,master_name_position,,no_actual_weekly_record;actual_score_created_from_missing_record,Info,
2025,10,GoldMa00,Matthew Golden,WR,GB,00-0040667,0.0,0,True,False,weekly_roster_name_position_team,,crosswalk_fields_disagree;no_actual_weekly_record;actual_score_created_from_missing_record,Info,crosswalk_fields_disagree
2025,10,TiptMa00,Mason Tipton,WR,NO,00-0039623,0.0,0,True,False,weekly_roster_name_position_team,,crosswalk_fields_disagree;no_actual_weekly_record;actual_score_created_from_missing_record,Info,crosswalk_fields_disagree
2025,10,WashCa01,Casey Washington,WR,CAR,00-0039394,0.0,0,True,False,master_name_position,,crosswalk_fields_disagree;no_actual_weekly_record;actual_score_created_from_missing_record,Info,crosswalk_fields_disagree
2025,10,SherTr00,Trent Sherfield,WR,BUF,00-0034487,0.0,0,True,False,master_name_position,,no_actual_weekly_record;actual_score_created_from_missing_record,Info,
2025,10,WatkJo00,Jordan Watkins,WR,SF,00-0040172,0.0,0,True,False,weekly_roster_name_position_team,,no_actual_weekly_record;actual_score_created_from_missing_record,Info,
2025,10,WhitJo04,Jordan Whittington,WR,LA,00-0039751,0.0,0,True,False,weekly_roster_name_position_team,,no_actual_weekly_record;actual_score_created_from_missing_record,Info,
2025,10,MoorSk00,Skyy Moore,WR,GB,00-0038090,2.8,1,False,False,master_name_position,,crosswalk_fields_disagree,Info,crosswalk_fields_disagree
2025,10,McClRa00,Ray-Ray McCloud III,WR,CHI,00-0034407,0.0,1,False,False,master_name_position,,crosswalk_fields_disagree,Info,crosswalk_fields_disagree
2025,10,BachAl00,Alex Bachman,WR,LA,00-0035602,0.0,1,False,False,master_name_position,,crosswalk_fields_disagree,Info,crosswalk_fields_disagree
2025,10,HyatJa00,Jalin Hyatt,WR,NYG,00-0038938,0.0,0,True,False,weekly_roster_name_position_team,,no_actual_weekly_record;actual_score_created_from_missing_record,Info,
2025,10,LambKe00,Keandre Lambert-Smith,WR,LAC,00-0040184,0.0,0,True,False,weekly_roster_name_position_team,,crosswalk_fields_disagree;no_actual_weekly_record;actual_score_created_from_missing_record,Info,crosswalk_fields_disagree
2025,10,WillKe05,Ke'Shawn Williams,WR,CIN,00-0040534,0.0,1,False,False,master_name_position,,crosswalk_fields_disagree,Info,crosswalk_fields_disagree
2025,10,DaviDe01,Derius Davis,WR,LAC,00-0038573,1.3,1,False,False,weekly_stats_name_position_team,,crosswalk_fields_disagree,Info,crosswalk_fields_disagree
2025,10,HodgKh00,KhaDarel Hodge,WR,SF,00-0034854,0.0,1,False,False,master_name_position,,crosswalk_fields_disagree,Info,crosswalk_fields_disagree
2025,10,BrowBr02,Brittain Brown,RB,CHI,00-0037329,0.0,0,True,False,weekly_roster_name_position_team,,crosswalk_fields_disagree;no_actual_weekly_record;actual_score_created_from_missing_record,Info,crosswalk_fields_disagree
2025,10,SmytDu00,Durham Smythe,TE,BAL,00-0034798,0.0,0,True,False,master_name_position,,no_actual_weekly_record;actual_score_created_from_missing_record,Info,
2025,10,ManhCh00,Chris Manhertz,TE,NYG,00-0031484,0.0,0,True,False,weekly_roster_name_position_team,,no_actual_weekly_record;actual_score_created_from_missing_record,Info,
2025,10,HumpLi00,Lil'Jordan Humphrey,WR,DEN,00-0035406,0.0,0,True,False,master_name_position,,no_actual_weekly_record;actual_score_created_from_missing_record,Info,
2025,10,WhitCo01,Cody White,WR,LV,00-0035891,0.0,1,False,False,master_name_position,,crosswalk_fields_disagree,Info,crosswalk_fields_disagree
2025,11,DemeEm00,Emari Demercado,RB,DAL,00-0038705,4.0,1,False,True,master_name_position,,crosswalk_fields_disagree,Warning,crosswalk_fields_disagree
2025,11,WashCa01,Casey Washington,WR,CAR,00-0039394,0.0,0,True,False,master_name_position,,crosswalk_fields_disagree;no_actual_weekly_record;actual_score_created_from_missing_record,Info,crosswalk_fields_disagree
2025,11,HodgKh00,KhaDarel Hodge,WR,SF,00-0034854,0.0,1,False,False,master_name_position,,crosswalk_fields_disagree,Info,crosswalk_fields_disagree
2025,11,HillJu00,Justice Hill,RB,BAL,00-0034975,0.0,0,True,False,weekly_roster_name_position_team,,no_actual_weekly_record;actual_score_created_from_missing_record,Info,
2025,11,WalkDe01,Devontez Walker,WR,BAL,00-0039792,0.0,0,True,False,weekly_roster_name_position_team,,no_actual_weekly_record;actual_score_created_from_missing_record,Info,
2025,11,AlleJo01,Josh Allen,QB,BUF,00-0034857,42.68,1,False,True,weekly_stats_name_position_team,,crosswalk_fields_disagree,Warning,crosswalk_fields_disagree
2025,11,JohnTy00,Ty Johnson,RB,BUF,00-0035537,15.0,1,False,False,weekly_stats_name_position_team,,crosswalk_fields_disagree,Info,crosswalk_fields_disagree
2025,11,HaweJa00,Jackson Hawes,TE,BUF,00-0040194,0.0,0,True,False,weekly_roster_name_position_team,,no_actual_weekly_record;actual_score_created_from_missing_record,Info,
2025,11,MoorEl00,Elijah Moore,WR,PHI,00-0036980,0.0,0,True,False,master_name_position,,no_actual_weekly_record;actual_score_created_from_missing_record,Info,
2025,11,PalmJo01,Joshua Palmer,WR,BUF,00-0036988,3.7,1,False,False,master_name_position,,master_name_conflict,Info,master_name_conflict
2025,11,SandJa00,Ja'Tavion Sanders,TE,CAR,00-0039356,6.2,1,False,True,weekly_stats_name_position_team,,crosswalk_fields_disagree,Warning,crosswalk_fields_disagree
2025,11,HornJi00,Jimmy Horn Jr.,WR,CAR,00-0040218,0.0,0,True,False,weekly_roster_name_position_team,,no_actual_weekly_record;actual_score_created_from_missing_record,Info,
2025,11,ZaccOl00,Olamide Zaccheaus,WR,ATL,00-0035208,0.0,0,True,False,master_name_position,,no_actual_weekly_record;actual_score_created_from_missing_record,Info,
2025,11,FantNo00,Noah Fant,TE,NO,00-0035644,6.6,1,False,True,master_name_position,,crosswalk_fields_disagree,Warning,crosswalk_fields_disagree
2025,11,SampDr00,Drew Sample,TE,CIN,00-0035631,0.0,0,True,False,weekly_roster_name_position_team,,no_actual_weekly_record;actual_score_created_from_missing_record,Info,
2025,11,TinsMi00,Mitch Tinsley,WR,HOU,00-0038839,0.0,0,True,False,master_name_position,,crosswalk_fields_disagree;master_name_conflict;no_actual_weekly_record;actual_score_created_from_missing_record,Info,crosswalk_fields_disagree;master_name_conflict
2025,11,ThraJa01,Jamari Thrash,WR,CLE,00-0039379,0.0,0,True,False,weekly_roster_name_position_team,,no_actual_weekly_record;actual_score_created_from_missing_record,Info,
2025,11,BlueJa01,Jaydon Blue,RB,PHI,00-0040586,0.0,0,True,False,master_name_position,,crosswalk_fields_disagree;no_actual_weekly_record;actual_score_created_from_missing_record,Info,crosswalk_fields_disagree
2025,11,SchoLu00,Luke Schoonmaker,TE,DAL,00-0038547,0.0,0,True,False,weekly_roster_name_position_team,,no_actual_weekly_record;actual_score_created_from_missing_record,Info,
2025,11,PrenAd00,Adam Prentice,RB,DEN,00-0036727,0.0,0,True,False,weekly_roster_name_position_team,,no_actual_weekly_record;actual_score_created_from_missing_record,Info,gsis_id_not_in_master
2025,11,McLaJa00,Jaleel McLaughlin,RB,CLE,00-0038794,8.4,1,False,False,master_name_position,,crosswalk_fields_disagree,Info,crosswalk_fields_disagree
2025,11,HumpLi00,Lil'Jordan Humphrey,WR,DEN,00-0035406,0.0,0,True,False,weekly_roster_name_position_team,,no_actual_weekly_record;actual_score_created_from_missing_record,Info,
2025,11,GibbJa00,Jahmyr Gibbs,RB,DET,00-0039139,19.6,1,False,True,weekly_stats_name_position_team,,crosswalk_fields_disagree,Warning,crosswalk_fields_disagree
2025,11,ReynCr00,Craig Reynolds,RB,WAS,00-0035567,0.0,0,True,False,master_name_position,,crosswalk_fields_disagree;no_actual_weekly_record;actual_score_created_from_missing_record,Info,crosswalk_fields_disagree
2025,11,WrigBr00,Brock Wright,TE,DET,00-0036754,2.8,1,False,True,weekly_stats_name_position_team,,crosswalk_fields_disagree,Warning,crosswalk_fields_disagree
2025,11,WillJa09,Jameson Williams,WR,DET,00-0037240,19.7,1,False,True,weekly_stats_name_position_team,,crosswalk_fields_disagree,Warning,crosswalk_fields_disagree
2025,11,MusgLu00,Luke Musgrave,TE,GB,00-0039144,0.9,1,False,True,weekly_stats_name_position_team,,crosswalk_fields_disagree,Warning,crosswalk_fields_disagree
2025,11,WatsCh00,Christian Watson,WR,GB,00-0038124,20.6,1,False,False,weekly_stats_name_position_team,,crosswalk_fields_disagree,Info,crosswalk_fields_disagree
2025,11,DoubRo00,Romeo Doubs,WR,NE,00-0037816,9.3,1,False,True,master_name_position,,crosswalk_fields_disagree,Warning,crosswalk_fields_disagree
2025,11,WillSa00,Savion Williams,WR,GB,00-0040009,4.3,1,False,False,weekly_stats_name_position_team,,crosswalk_fields_disagree,Info,crosswalk_fields_disagree
2025,11,GoldMa00,Matthew Golden,WR,GB,00-0040667,3.4,1,False,False,weekly_stats_name_position_team,,crosswalk_fields_disagree,Info,crosswalk_fields_disagree
2025,11,KirkCh00,Christian Kirk,WR,SF,00-0034775,1.6,1,False,False,master_name_position,,crosswalk_fields_disagree,Info,crosswalk_fields_disagree
2025,11,EtieTr00,Travis Etienne Jr.,RB,NO,00-0036973,19.3,1,False,True,master_name_position,,crosswalk_fields_disagree,Warning,crosswalk_fields_disagree
2025,11,MahoPa00,Patrick Mahomes II,QB,KC,00-0033873,13.34,1,False,True,weekly_stats_name_position_team,,crosswalk_fields_disagree,Warning,crosswalk_fields_disagree
2025,11,KelcTr00,Travis Kelce,TE,KC,00-0030506,24.1,1,False,True,weekly_stats_name_position_team,,crosswalk_fields_disagree,Warning,crosswalk_fields_disagree
2025,11,GrayNo00,Noah Gray,TE,KC,00-0036637,2.9,1,False,False,weekly_stats_name_position_team,,crosswalk_fields_disagree,Info,crosswalk_fields_disagree
2025,11,RiceRa01,Rashee Rice,WR,KC,00-0039067,9.8,1,False,True,weekly_stats_name_position_team,,crosswalk_fields_disagree,Warning,crosswalk_fields_disagree
2025,11,WortXa00,Xavier Worthy,WR,KC,00-0039894,5.5,1,False,True,weekly_stats_name_position_team,,crosswalk_fields_disagree,Warning,crosswalk_fields_disagree
2025,11,BrowMa05,Hollywood Brown,WR,PHI,00-0035662,8.0,1,False,False,manual_override,FBG uses Hollywood Brown and a stale PHI team in the historical export,master_name_conflict,Info,manual_override_applied;master_name_conflict
2025,11,ThorTy00,Tyquan Thornton,WR,KC,00-0038104,7.1,1,False,False,weekly_stats_name_position_team,,crosswalk_fields_disagree,Info,crosswalk_fields_disagree
2025,11,ConkTy00,Tyler Conklin,TE,DET,00-0034270,0.0,0,True,False,master_name_position,,no_actual_weekly_record;actual_score_created_from_missing_record,Info,
2025,11,JohnQu01,Quentin Johnston,WR,LAC,00-0038544,0.0,1,False,True,weekly_stats_name_position_team,,crosswalk_fields_disagree,Warning,crosswalk_fields_disagree
2025,11,AlleKe00,Keenan Allen,WR,IND,00-0030279,9.3,1,False,False,master_name_position,,crosswalk_fields_disagree,Info,crosswalk_fields_disagree
2025,11,FergTe00,Terrance Ferguson,TE,LA,00-0040737,0.0,0,True,False,weekly_roster_name_position_team,,no_actual_weekly_record;actual_score_created_from_missing_record,Info,
2025,11,ParkCo00,Colby Parkinson,TE,LA,00-0036244,9.4,1,False,False,weekly_stats_name_position_team,,crosswalk_fields_disagree,Info,crosswalk_fields_disagree
2025,11,AlleDa01,Davis Allen,TE,LA,00-0039074,0.0,0,True,False,weekly_roster_name_position_team,,crosswalk_fields_disagree;no_actual_weekly_record;actual_score_created_from_missing_record,Info,crosswalk_fields_disagree
2025,11,WhitZa00,Zamir White,RB,NO,00-0038040,0.0,0,True,False,master_name_position,,no_actual_weekly_record;actual_score_created_from_missing_record,Info,
2025,11,ThorDo00,Dont'e Thornton Jr.,WR,LV,00-0040581,0.0,0,True,False,weekly_roster_name_position_team,,no_actual_weekly_record;actual_score_created_from_missing_record,Info,
2025,11,IngoAl00,Alec Ingold,RB,LAC,00-0035125,0.0,0,True,False,manual_override,Top-player gate override because the historical FBG row uses a stale LAC team while the weekly roster identifies Alec Ingold as RB 00-0035125 for MIA,no_actual_weekly_record;actual_score_created_from_missing_record,Info,manual_override_applied;gsis_id_not_in_master
2025,11,HillJu01,Julian Hill,TE,NE,00-0038720,2.4,1,False,False,master_name_position,,crosswalk_fields_disagree,Info,crosswalk_fields_disagree
2025,11,WestNi00,Nick Westbrook-Ikhine,WR,IND,00-0036182,0.0,0,True,False,master_name_position,,no_actual_weekly_record;actual_score_created_from_missing_record,Info,
2025,11,ScotZa00,Zavier Scott,RB,CHI,00-0038440,0.0,0,True,False,master_name_position,,crosswalk_fields_disagree;no_actual_weekly_record;actual_score_created_from_missing_record,Info,crosswalk_fields_disagree
2025,11,MayeDr00,Drake Maye,QB,NE,00-0039851,15.44,1,False,True,weekly_stats_name_position_team,,crosswalk_fields_disagree,Warning,crosswalk_fields_disagree
2025,11,HendTr00,TreVeyon Henderson,RB,NE,00-0040734,32.3,1,False,True,weekly_stats_name_position_team,,crosswalk_fields_disagree,Warning,crosswalk_fields_disagree
2025,11,JennTe00,Terrell Jennings,RB,NE,00-0039757,0.0,0,True,False,weekly_roster_name_position_team,,crosswalk_fields_disagree;no_actual_weekly_record;actual_score_created_from_missing_record,Info,crosswalk_fields_disagree
2025,11,HenrHu00,Hunter Henry,TE,NE,00-0033090,8.5,1,False,True,weekly_stats_name_position_team,,crosswalk_fields_disagree,Warning,crosswalk_fields_disagree
2025,11,DiggSt00,Stefon Diggs,WR,WAS,00-0031588,19.5,1,False,True,master_name_position,,crosswalk_fields_disagree,Warning,crosswalk_fields_disagree
2025,11,HollMa00,Mack Hollins,WR,NE,00-0033555,10.4,1,False,True,weekly_stats_name_position_team,,crosswalk_fields_disagree,Warning,crosswalk_fields_disagree
2025,11,DougDe00,DeMario Douglas,WR,NE,00-0038621,6.1,1,False,False,weekly_stats_name_position_team,,crosswalk_fields_disagree,Info,crosswalk_fields_disagree
2025,11,WillKy01,Kyle Williams,WR,NE,00-0040131,0.0,1,False,False,weekly_stats_name_position_team,,crosswalk_fields_disagree,Info,crosswalk_fields_disagree
2025,11,FielJu00,Justin Fields,QB,KC,00-0036945,19.34,1,False,True,master_name_position,,crosswalk_fields_disagree,Warning,crosswalk_fields_disagree
2025,11,BeckAn00,Andrew Beck,RB,NYJ,00-0034959,0.0,0,True,False,manual_override,FBG position and team differ from the weekly roster record,no_actual_weekly_record;actual_score_created_from_missing_record,Info,manual_override_applied;gsis_id_not_in_master
2025,11,TaylMa01,Mason Taylor,TE,NYJ,00-0040736,7.0,1,False,True,weekly_stats_name_position_team,,crosswalk_fields_disagree,Warning,crosswalk_fields_disagree
2025,11,SmitAr01,Arian Smith,WR,NYJ,00-0040582,0.0,0,True,False,weekly_roster_name_position_team,,no_actual_weekly_record;actual_score_created_from_missing_record,Info,
2025,11,ShipWi00,Will Shipley,RB,PHI,00-0039746,0.0,0,True,False,weekly_roster_name_position_team,,no_actual_weekly_record;actual_score_created_from_missing_record,Info,
2025,11,CalcGr00,Grant Calcaterra,TE,PHI,00-0037086,0.0,0,True,False,weekly_roster_name_position_team,,no_actual_weekly_record;actual_score_created_from_missing_record,Info,
2025,11,SmitDe04,DeVonta Smith,WR,PHI,00-0036912,1.8,1,False,True,weekly_stats_name_position_team,,crosswalk_fields_disagree,Warning,crosswalk_fields_disagree
2025,11,BrowAJ00,A.J. Brown,WR,NE,00-0035676,11.9,1,False,True,master_name_position,,crosswalk_fields_disagree,Warning,crosswalk_fields_disagree
2025,11,GainKe00,Kenny Gainwell,RB,TB,00-0036919,29.5,1,False,True,master_name_position,,crosswalk_fields_disagree,Warning,crosswalk_fields_disagree
2025,11,JohnKa01,Kaleb Johnson,RB,GB,00-0040142,1.5,1,False,False,manual_override,FBG uses JohnKa01 for Kaleb Johnson while the sibling crosswalk uses a different FBG ID,crosswalk_fields_disagree,Info,crosswalk_fields_disagree;manual_override_applied
2025,11,MillSc01,Scotty Miller,WR,CHI,00-0035298,0.0,0,True,False,pfr_crosswalk_verified,,master_name_conflict;no_actual_weekly_record;actual_score_created_from_missing_record,Info,master_name_conflict
2025,11,WalkKe01,Ken Walker III,RB,KC,00-0038134,20.1,1,False,True,manual_override,FBG uses Ken Walker and a stale KC team in the historical export,master_name_conflict,Warning,manual_override_applied;master_name_conflict
2025,11,SmitJa02,Jaxon Smith-Njigba,WR,SEA,00-0038543,20.6,1,False,True,weekly_stats_name_position_team,,crosswalk_fields_disagree,Warning,crosswalk_fields_disagree
2025,11,McCaCh00,Christian McCaffrey,RB,SF,00-0033280,35.1,1,False,True,weekly_stats_name_position_team,,crosswalk_fields_disagree,Warning,crosswalk_fields_disagree
2025,11,JuszKy00,Kyle Juszczyk,RB,SF,00-0029892,0.0,0,True,False,weekly_roster_name_position_team,,no_actual_weekly_record;actual_score_created_from_missing_record,Info,gsis_id_not_in_master
2025,11,BourKe00,Kendrick Bourne,WR,ARI,00-0033307,0.0,0,True,False,master_name_position,,no_actual_weekly_record;actual_score_created_from_missing_record,Info,
2025,11,MayfBa00,Baker Mayfield,QB,TB,00-0034855,16.82,1,False,True,weekly_stats_name_position_team,,crosswalk_fields_disagree,Warning,crosswalk_fields_disagree
2025,11,TuckSe00,Sean Tucker,RB,TB,00-0038951,34.0,1,False,True,weekly_stats_name_position_team,,crosswalk_fields_disagree,Warning,crosswalk_fields_disagree
2025,11,OttoCa00,Cade Otton,TE,TB,00-0038129,4.8,1,False,True,weekly_stats_name_position_team,,crosswalk_fields_disagree,Warning,crosswalk_fields_disagree
2025,11,EgbuEm00,Emeka Egbuka,WR,TB,00-0040129,9.0,1,False,True,weekly_stats_name_position_team,,crosswalk_fields_disagree,Warning,crosswalk_fields_disagree
2025,11,JohnTe01,Tez Johnson,WR,TB,00-0040237,1.6,1,False,True,weekly_stats_name_position_team,,crosswalk_fields_disagree,Warning,crosswalk_fields_disagree
2025,11,OkonCh00,Chig Okonkwo,TE,WAS,00-0037809,8.6,1,False,True,master_name_position,,crosswalk_fields_disagree,Warning,crosswalk_fields_disagree
2025,11,BateJo00,John Bates,TE,WAS,00-0036628,0.0,0,True,False,weekly_roster_name_position_team,,no_actual_weekly_record;actual_score_created_from_missing_record,Info,
2025,11,SamuDe00,Deebo Samuel Sr.,WR,SF,00-0035719,20.7,1,False,True,master_name_position,,crosswalk_fields_disagree,Warning,crosswalk_fields_disagree
2025,11,MoorCh00,Chris Moore,WR,BAL,00-0032398,4.8,1,False,False,master_name_position,,crosswalk_fields_disagree,Info,crosswalk_fields_disagree
2025,11,McClRa00,Ray-Ray McCloud III,WR,CHI,00-0034407,0.0,0,True,False,master_name_position,,crosswalk_fields_disagree;no_actual_weekly_record;actual_score_created_from_missing_record,Info,crosswalk_fields_disagree
2025,11,DillA.00,AJ Dillon,RB,CAR,00-0036265,0.0,0,True,False,master_name_position,,no_actual_weekly_record;actual_score_created_from_missing_record,Info,
2025,11,WillJo06,Josh Williams,RB,TB,00-0040429,0.0,0,True,False,weekly_roster_name_position_team,,no_actual_weekly_record;actual_score_created_from_missing_record,Info,
2025,11,OgunDa00,Dare Ogunbowale,RB,LV,00-0033854,1.9,1,False,False,master_name_position,,crosswalk_fields_disagree,Info,crosswalk_fields_disagree
2025,11,BrooBr00,British Brooks,RB,HOU,00-0039603,0.0,0,True,False,weekly_roster_name_position_team,,no_actual_weekly_record;actual_score_created_from_missing_record,Info,
2025,11,VakiSi99,Sione Vaki,RB,DET,00-0039364,0.0,0,True,False,weekly_roster_name_position_team,,no_actual_weekly_record;actual_score_created_from_missing_record,Info,
2025,11,StovCa00,Cade Stover,TE,HOU,00-0039359,0.0,0,True,False,weekly_roster_name_position_team,,no_actual_weekly_record;actual_score_created_from_missing_record,Info,
2025,11,WhitBl01,Blake Whiteheart,TE,CLE,00-0038710,0.0,0,True,False,weekly_roster_name_position_team,,no_actual_weekly_record;actual_score_created_from_missing_record,Info,
2025,11,WoerCh00,Charlie Woerner,TE,ATL,00-0036429,0.0,0,True,False,weekly_roster_name_position_team,,no_actual_weekly_record;actual_score_created_from_missing_record,Info,
2025,11,HeywCo00,Connor Heyward,TE,LV,00-0037304,0.0,0,True,False,manual_override,Top-player gate override because the historical FBG row uses a stale LV team while the weekly roster identifies Connor Heyward as TE 00-0037304 for PIT,no_actual_weekly_record;actual_score_created_from_missing_record,Info,manual_override_applied;gsis_id_not_in_master
2025,11,DurhPa00,Payne Durham,TE,TB,00-0039050,0.0,0,True,False,weekly_roster_name_position_team,,crosswalk_fields_disagree;no_actual_weekly_record;actual_score_created_from_missing_record,Info,crosswalk_fields_disagree
2025,11,WhitCo01,Cody White,WR,LV,00-0035891,0.0,1,False,False,master_name_position,,crosswalk_fields_disagree,Info,crosswalk_fields_disagree
2025,11,WhitRi01,Ricky White III,WR,SEA,00-0040653,0.0,0,True,False,weekly_roster_name_position_team,,no_actual_weekly_record;actual_score_created_from_missing_record,Info,
2025,11,MumpKo00,Konata Mumpfield,WR,LA,00-0040590,0.0,0,True,False,weekly_roster_name_position_team,,no_actual_weekly_record;actual_score_created_from_missing_record,Info,
2025,11,BachAl00,Alex Bachman,WR,LA,00-0035602,0.0,0,True,False,master_name_position,,crosswalk_fields_disagree;no_actual_weekly_record;actual_score_created_from_missing_record,Info,crosswalk_fields_disagree
2025,11,DaviDe01,Derius Davis,WR,LAC,00-0038573,0.0,1,False,False,weekly_stats_name_position_team,,crosswalk_fields_disagree,Info,crosswalk_fields_disagree
2025,12,WashCa01,Casey Washington,WR,CAR,00-0039394,0.0,0,True,False,master_name_position,,crosswalk_fields_disagree;no_actual_weekly_record;actual_score_created_from_missing_record,Info,crosswalk_fields_disagree
2025,12,HodgKh00,KhaDarel Hodge,WR,SF,00-0034854,0.0,0,True,False,master_name_position,,crosswalk_fields_disagree;no_actual_weekly_record;actual_score_created_from_missing_record,Info,crosswalk_fields_disagree
2025,12,AlleJo01,Josh Allen,QB,BUF,00-0034857,8.12,1,False,True,weekly_stats_name_position_team,,crosswalk_fields_disagree,Warning,crosswalk_fields_disagree
2025,12,JohnTy00,Ty Johnson,RB,BUF,00-0035537,8.2,1,False,False,weekly_stats_name_position_team,,crosswalk_fields_disagree,Info,crosswalk_fields_disagree
2025,12,LatuKe00,Keleki Latu,TE,BUF,00-0040363,0.0,0,True,False,weekly_roster_name_position_team,,no_actual_weekly_record;actual_score_created_from_missing_record,Info,
2025,12,PalmJo01,Joshua Palmer,WR,BUF,00-0036988,4.1,1,False,False,master_name_position,,master_name_conflict,Info,master_name_conflict
2025,12,ShavTy00,Tyrell Shavers,WR,BUF,00-0038679,0.0,0,True,False,weekly_roster_name_position_team,,no_actual_weekly_record;actual_score_created_from_missing_record,Info,
2025,12,SandJa00,Ja'Tavion Sanders,TE,CAR,00-0039356,1.6,1,False,True,weekly_stats_name_position_team,,crosswalk_fields_disagree,Warning,crosswalk_fields_disagree
2025,12,TremTo00,Tommy Tremble,TE,CAR,00-0037005,0.0,0,True,False,weekly_roster_name_position_team,,no_actual_weekly_record;actual_score_created_from_missing_record,Info,
2025,12,PeriSa00,Samaje Perine,RB,CIN,00-0033526,0.0,0,True,False,weekly_roster_name_position_team,,no_actual_weekly_record;actual_score_created_from_missing_record,Info,
2025,12,FantNo00,Noah Fant,TE,NO,00-0035644,1.9,1,False,True,master_name_position,,crosswalk_fields_disagree,Warning,crosswalk_fields_disagree
2025,12,TinsMi00,Mitch Tinsley,WR,HOU,00-0038839,10.9,1,False,False,master_name_position,,crosswalk_fields_disagree;master_name_conflict,Info,crosswalk_fields_disagree;master_name_conflict
2025,12,NjokDa00,David Njoku,TE,LAC,00-0033885,0.0,0,True,True,master_name_position,,no_actual_weekly_record;actual_score_created_from_missing_record,Warning,
2025,12,ThraJa01,Jamari Thrash,WR,CLE,00-0039379,0.0,0,True,False,weekly_roster_name_position_team,,no_actual_weekly_record;actual_score_created_from_missing_record,Info,
2025,12,BlueJa01,Jaydon Blue,RB,PHI,00-0040586,0.0,0,True,False,master_name_position,,crosswalk_fields_disagree;no_actual_weekly_record;actual_score_created_from_missing_record,Info,crosswalk_fields_disagree
2025,12,TolbJa00,Jalen Tolbert,WR,MIA,00-0037666,0.0,0,True,False,master_name_position,,no_actual_weekly_record;actual_score_created_from_missing_record,Info,
2025,12,GibbJa00,Jahmyr Gibbs,RB,DET,00-0039139,55.4,1,False,True,weekly_stats_name_position_team,,crosswalk_fields_disagree,Warning,crosswalk_fields_disagree
2025,12,WrigBr00,Brock Wright,TE,DET,00-0036754,5.9,1,False,True,weekly_stats_name_position_team,,crosswalk_fields_disagree,Warning,crosswalk_fields_disagree
2025,12,WillJa09,Jameson Williams,WR,DET,00-0037240,0.0,1,False,True,weekly_stats_name_position_team,,crosswalk_fields_disagree,Warning,crosswalk_fields_disagree
2025,12,JacoJo00,Josh Jacobs,RB,GB,00-0035700,0.0,0,True,False,weekly_roster_name_position_team,,no_actual_weekly_record;actual_score_created_from_missing_record,Info,
2025,12,MusgLu00,Luke Musgrave,TE,GB,00-0039144,1.7,1,False,False,weekly_stats_name_position_team,,crosswalk_fields_disagree,Info,crosswalk_fields_disagree
2025,12,WatsCh00,Christian Watson,WR,GB,00-0038124,9.9,1,False,True,weekly_stats_name_position_team,,crosswalk_fields_disagree,Warning,crosswalk_fields_disagree
2025,12,DoubRo00,Romeo Doubs,WR,NE,00-0037816,4.3,1,False,True,master_name_position,,crosswalk_fields_disagree,Warning,crosswalk_fields_disagree
2025,12,GoldMa00,Matthew Golden,WR,GB,00-0040667,0.0,0,True,False,weekly_roster_name_position_team,,crosswalk_fields_disagree;no_actual_weekly_record;actual_score_created_from_missing_record,Info,crosswalk_fields_disagree
2025,12,WillSa00,Savion Williams,WR,GB,00-0040009,0.0,1,False,False,weekly_stats_name_position_team,,crosswalk_fields_disagree,Info,crosswalk_fields_disagree
2025,12,KirkCh00,Christian Kirk,WR,SF,00-0034775,16.4,1,False,False,master_name_position,,crosswalk_fields_disagree,Info,crosswalk_fields_disagree
2025,12,GiddDJ00,DJ Giddens,RB,IND,00-0040179,0.0,0,True,False,weekly_roster_name_position_team,,no_actual_weekly_record;actual_score_created_from_missing_record,Info,
2025,12,EtieTr00,Travis Etienne Jr.,RB,NO,00-0036973,20.6,1,False,True,master_name_position,,crosswalk_fields_disagree,Warning,crosswalk_fields_disagree
2025,12,LongHu00,Hunter Long,TE,ARI,00-0037004,0.0,0,True,False,master_name_position,,crosswalk_fields_disagree;no_actual_weekly_record;actual_score_created_from_missing_record,Info,crosswalk_fields_disagree
2025,12,ThomBr01,Brian Thomas Jr.,WR,JAX,00-0039893,0.0,0,True,False,weekly_roster_name_position_team,,crosswalk_fields_disagree;no_actual_weekly_record;actual_score_created_from_missing_record,Info,crosswalk_fields_disagree
2025,12,BrowDy00,Dyami Brown,WR,WAS,00-0036626,0.0,0,True,False,master_name_position,,no_actual_weekly_record;actual_score_created_from_missing_record,Info,
2025,12,MahoPa00,Patrick Mahomes II,QB,KC,00-0033873,17.08,1,False,True,weekly_stats_name_position_team,,crosswalk_fields_disagree,Warning,crosswalk_fields_disagree
2025,12,KelcTr00,Travis Kelce,TE,KC,00-0030506,8.4,1,False,True,weekly_stats_name_position_team,,crosswalk_fields_disagree,Warning,crosswalk_fields_disagree
2025,12,GrayNo00,Noah Gray,TE,KC,00-0036637,5.5,1,False,False,weekly_stats_name_position_team,,crosswalk_fields_disagree,Info,crosswalk_fields_disagree
2025,12,TonyRo00,Robert Tonyan Jr,TE,PIT,00-0033757,0.0,0,True,False,master_name_position,,no_actual_weekly_record;actual_score_created_from_missing_record,Info,
2025,12,RiceRa01,Rashee Rice,WR,KC,00-0039067,24.1,1,False,True,weekly_stats_name_position_team,,crosswalk_fields_disagree,Warning,crosswalk_fields_disagree
2025,12,WortXa00,Xavier Worthy,WR,KC,00-0039894,9.9,1,False,True,weekly_stats_name_position_team,,crosswalk_fields_disagree,Warning,crosswalk_fields_disagree
2025,12,BrowMa05,Hollywood Brown,WR,PHI,00-0035662,2.0,1,False,False,manual_override,FBG uses Hollywood Brown and a stale PHI team in the historical export,master_name_conflict,Info,manual_override_applied;master_name_conflict
2025,12,ThorTy00,Tyquan Thornton,WR,KC,00-0038104,0.0,1,False,False,weekly_stats_name_position_team,,crosswalk_fields_disagree,Info,crosswalk_fields_disagree
2025,12,ParkCo00,Colby Parkinson,TE,LA,00-0036244,14.1,1,False,True,weekly_stats_name_position_team,,crosswalk_fields_disagree,Warning,crosswalk_fields_disagree
2025,12,AlleDa01,Davis Allen,TE,LA,00-0039074,5.9,1,False,False,weekly_stats_name_position_team,,crosswalk_fields_disagree,Info,crosswalk_fields_disagree
2025,12,SmitXa00,Xavier Smith,WR,LA,00-0038359,0.0,0,True,False,weekly_roster_name_position_team,,no_actual_weekly_record;actual_score_created_from_missing_record,Info,
2025,12,WhitZa00,Zamir White,RB,NO,00-0038040,0.0,0,True,False,master_name_position,,no_actual_weekly_record;actual_score_created_from_missing_record,Info,
2025,12,BechJa00,Jack Bech,WR,LV,00-0040729,0.0,0,True,False,weekly_roster_name_position_team,,no_actual_weekly_record;actual_score_created_from_missing_record,Info,
2025,12,ScotZa00,Zavier Scott,RB,CHI,00-0038440,0.0,0,True,False,master_name_position,,crosswalk_fields_disagree;no_actual_weekly_record;actual_score_created_from_missing_record,Info,crosswalk_fields_disagree
2025,12,MayeDr00,Drake Maye,QB,NE,00-0039851,15.96,1,False,True,weekly_stats_name_position_team,,crosswalk_fields_disagree,Warning,crosswalk_fields_disagree
2025,12,HendTr00,TreVeyon Henderson,RB,NE,00-0040734,11.1,1,False,True,weekly_stats_name_position_team,,crosswalk_fields_disagree,Warning,crosswalk_fields_disagree
2025,12,StevRh00,Rhamondre Stevenson,RB,NE,00-0036875,2.0,1,False,True,weekly_stats_name_position_team,,crosswalk_fields_disagree,Warning,crosswalk_fields_disagree
2025,12,JennTe00,Terrell Jennings,RB,NE,00-0039757,0.0,1,False,False,weekly_stats_name_position_team,,crosswalk_fields_disagree,Info,crosswalk_fields_disagree
2025,12,HenrHu00,Hunter Henry,TE,NE,00-0033090,24.5,1,False,True,weekly_stats_name_position_team,,crosswalk_fields_disagree,Warning,crosswalk_fields_disagree
2025,12,DiggSt00,Stefon Diggs,WR,WAS,00-0031588,4.0,1,False,True,master_name_position,,crosswalk_fields_disagree,Warning,crosswalk_fields_disagree
2025,12,BoutKa00,Kayshon Boutte,WR,HOU,00-0038608,3.5,1,False,True,master_name_position,,crosswalk_fields_disagree,Warning,crosswalk_fields_disagree
2025,12,HollMa00,Mack Hollins,WR,NE,00-0033555,5.0,1,False,False,weekly_stats_name_position_team,,crosswalk_fields_disagree,Info,crosswalk_fields_disagree
2025,12,DougDe00,DeMario Douglas,WR,NE,00-0038621,6.1,1,False,False,weekly_stats_name_position_team,,crosswalk_fields_disagree,Info,crosswalk_fields_disagree
2025,12,WillKy01,Kyle Williams,WR,NE,00-0040131,2.8,1,False,False,weekly_stats_name_position_team,,crosswalk_fields_disagree,Info,crosswalk_fields_disagree
2025,12,ShouTy00,Tyler Shough,QB,NO,00-0040743,7.92,1,False,True,weekly_stats_name_position_team,,crosswalk_fields_disagree,Warning,crosswalk_fields_disagree
2025,12,KamaAl00,Alvin Kamara,RB,NO,00-0033906,3.5,1,False,True,weekly_stats_name_position_team,,crosswalk_fields_disagree,Warning,crosswalk_fields_disagree
2025,12,NealDe00,Devin Neal,RB,NO,00-0040202,11.1,1,False,False,weekly_stats_name_position_team,,crosswalk_fields_disagree,Info,crosswalk_fields_disagree
2025,12,OlavCh00,Chris Olave,WR,NO,00-0037239,16.0,1,False,True,weekly_stats_name_position_team,,crosswalk_fields_disagree,Warning,crosswalk_fields_disagree
2025,12,VeleDe00,Devaughn Vele,WR,NO,00-0039424,6.7,1,False,False,weekly_stats_name_position_team,,crosswalk_fields_disagree,Info,crosswalk_fields_disagree
2025,12,HyatJa00,Jalin Hyatt,WR,NYG,00-0038938,0.0,0,True,False,weekly_roster_name_position_team,,no_actual_weekly_record;actual_score_created_from_missing_record,Info,
2025,12,McClRa00,Ray-Ray McCloud III,WR,CHI,00-0034407,0.0,0,True,False,master_name_position,,crosswalk_fields_disagree;no_actual_weekly_record;actual_score_created_from_missing_record,Info,crosswalk_fields_disagree
2025,12,SlayDa00,Darius Slayton,WR,NYG,00-0035535,3.3,1,False,False,weekly_stats_name_position_team,,crosswalk_fields_disagree,Info,crosswalk_fields_disagree
2025,12,TaylTy00,Tyrod Taylor,QB,GB,00-0028118,12.78,1,False,True,master_name_position,,crosswalk_fields_disagree,Warning,crosswalk_fields_disagree
2025,12,BeckAn00,Andrew Beck,RB,NYJ,00-0034959,0.0,0,True,False,manual_override,FBG position and team differ from the weekly roster record,no_actual_weekly_record;actual_score_created_from_missing_record,Info,manual_override_applied;gsis_id_not_in_master
2025,12,TaylMa01,Mason Taylor,TE,NYJ,00-0040736,5.1,1,False,True,weekly_stats_name_position_team,,crosswalk_fields_disagree,Warning,crosswalk_fields_disagree
2025,12,RuckJe00,Jeremy Ruckert,TE,NYJ,00-0037805,0.0,0,True,False,weekly_roster_name_position_team,,no_actual_weekly_record;actual_score_created_from_missing_record,Info,
2025,12,GranKy00,Kylen Granson,TE,TEN,00-0036876,0.0,0,True,False,master_name_position,,no_actual_weekly_record;actual_score_created_from_missing_record,Info,
2025,12,SmitDe04,DeVonta Smith,WR,PHI,00-0036912,14.9,1,False,True,weekly_stats_name_position_team,,crosswalk_fields_disagree,Warning,crosswalk_fields_disagree
2025,12,BrowAJ00,A.J. Brown,WR,NE,00-0035676,25.0,1,False,True,master_name_position,,crosswalk_fields_disagree,Warning,crosswalk_fields_disagree
2025,12,GainKe00,Kenny Gainwell,RB,TB,00-0036919,18.2,1,False,True,master_name_position,,crosswalk_fields_disagree,Warning,crosswalk_fields_disagree
2025,12,JohnKa01,Kaleb Johnson,RB,GB,00-0040142,0.0,0,True,False,manual_override,FBG uses JohnKa01 for Kaleb Johnson while the sibling crosswalk uses a different FBG ID,crosswalk_fields_disagree;no_actual_weekly_record;actual_score_created_from_missing_record,Info,crosswalk_fields_disagree;manual_override_applied
2025,12,HeywCo00,Connor Heyward,TE,LV,00-0037304,0.0,0,True,False,manual_override,Top-player gate override because the historical FBG row uses a stale LV team while the weekly roster identifies Connor Heyward as TE 00-0037304 for PIT,no_actual_weekly_record;actual_score_created_from_missing_record,Info,manual_override_applied;gsis_id_not_in_master
2025,12,WalkKe01,Ken Walker III,RB,KC,00-0038134,13.1,1,False,True,manual_override,FBG uses Ken Walker and a stale KC team in the historical export,master_name_conflict,Warning,manual_override_applied;master_name_conflict
2025,12,HolaGe01,George Holani,RB,SEA,00-0039299,0.0,0,True,False,weekly_roster_name_position_team,,no_actual_weekly_record;actual_score_created_from_missing_record,Info,
2025,12,SmitJa02,Jaxon Smith-Njigba,WR,SEA,00-0038543,37.1,1,False,True,weekly_stats_name_position_team,,crosswalk_fields_disagree,Warning,crosswalk_fields_disagree
2025,12,HortTo00,Tory Horton,WR,SEA,00-0040648,0.0,0,True,False,weekly_roster_name_position_team,,no_actual_weekly_record;actual_score_created_from_missing_record,Info,
2025,12,WhitCo01,Cody White,WR,LV,00-0035891,0.0,1,False,False,master_name_position,,crosswalk_fields_disagree,Info,crosswalk_fields_disagree
2025,12,McCaCh00,Christian McCaffrey,RB,SF,00-0033280,27.2,1,False,True,weekly_stats_name_position_team,,crosswalk_fields_disagree,Warning,crosswalk_fields_disagree
2025,12,JuszKy00,Kyle Juszczyk,RB,SF,00-0029892,0.0,0,True,False,weekly_roster_name_position_team,,no_actual_weekly_record;actual_score_created_from_missing_record,Info,gsis_id_not_in_master
2025,12,TongJa00,Jake Tonges,TE,SF,00-0037112,0.0,0,True,False,weekly_roster_name_position_team,,no_actual_weekly_record;actual_score_created_from_missing_record,Info,
2025,12,BourKe00,Kendrick Bourne,WR,ARI,00-0033307,0.0,0,True,False,master_name_position,,no_actual_weekly_record;actual_score_created_from_missing_record,Info,
2025,12,MayfBa00,Baker Mayfield,QB,TB,00-0034855,3.54,1,False,True,weekly_stats_name_position_team,,crosswalk_fields_disagree,Warning,crosswalk_fields_disagree
2025,12,TuckSe00,Sean Tucker,RB,TB,00-0038951,5.6,1,False,True,weekly_stats_name_position_team,,crosswalk_fields_disagree,Warning,crosswalk_fields_disagree
2025,12,OttoCa00,Cade Otton,TE,TB,00-0038129,6.1,1,False,True,weekly_stats_name_position_team,,crosswalk_fields_disagree,Warning,crosswalk_fields_disagree
2025,12,EgbuEm00,Emeka Egbuka,WR,TB,00-0040129,6.2,1,False,True,weekly_stats_name_position_team,,crosswalk_fields_disagree,Warning,crosswalk_fields_disagree
2025,12,JohnTe01,Tez Johnson,WR,TB,00-0040237,12.3,1,False,False,weekly_stats_name_position_team,,crosswalk_fields_disagree,Info,crosswalk_fields_disagree
2025,12,GodwCh00,Chris Godwin Jr.,WR,TB,00-0033921,2.9,1,False,True,weekly_stats_name_position_team,,crosswalk_fields_disagree,Warning,crosswalk_fields_disagree
2025,12,OkonCh00,Chig Okonkwo,TE,WAS,00-0037809,7.0,1,False,True,master_name_position,,crosswalk_fields_disagree,Warning,crosswalk_fields_disagree
2025,12,AyomEl00,Elic Ayomanor,WR,TEN,00-0040170,0.0,0,True,False,weekly_roster_name_position_team,,no_actual_weekly_record;actual_score_created_from_missing_record,Info,
2025,12,MiltKe01,Kendall Milton,RB,CIN,00-0039266,0.0,0,True,False,weekly_roster_name_position_team,,no_actual_weekly_record;actual_score_created_from_missing_record,Info,
2025,12,OgunDa00,Dare Ogunbowale,RB,LV,00-0033854,0.0,1,False,False,master_name_position,,crosswalk_fields_disagree,Info,crosswalk_fields_disagree
2025,12,BrowBr02,Brittain Brown,RB,CHI,00-0037329,0.0,0,True,False,weekly_roster_name_position_team,,crosswalk_fields_disagree;no_actual_weekly_record;actual_score_created_from_missing_record,Info,crosswalk_fields_disagree
2025,12,VakiSi99,Sione Vaki,RB,DET,00-0039364,0.0,0,True,False,weekly_roster_name_position_team,,no_actual_weekly_record;actual_score_created_from_missing_record,Info,
2025,12,RicaPa00,Patrick Ricard,RB,NYG,00-0033376,0.0,0,True,False,master_name_position,,no_actual_weekly_record;actual_score_created_from_missing_record,Info,
2025,12,OgleAn00,Drew Ogletree,TE,IND,00-0037292,8.8,1,False,False,pfr_crosswalk_verified,,master_name_conflict,Info,master_name_conflict
2025,12,MitcZa00,Zaire Mitchell-Paden,TE,HOU,00-0037340,0.0,0,True,False,master_name_position,,crosswalk_fields_disagree;no_actual_weekly_record;actual_score_created_from_missing_record,Info,crosswalk_fields_disagree
2025,12,KallNi00,Nick Kallerup,TE,SEA,00-0040058,0.0,0,True,False,weekly_roster_name_position_team,,no_actual_weekly_record;actual_score_created_from_missing_record,Info,
2025,12,WestJa00,Jack Westover,TE,WAS,00-0039305,0.0,0,True,False,master_name_position,,no_actual_weekly_record;actual_score_created_from_missing_record,Info,
2025,12,DurhPa00,Payne Durham,TE,TB,00-0039050,0.0,0,True,False,weekly_roster_name_position_team,,crosswalk_fields_disagree;no_actual_weekly_record;actual_score_created_from_missing_record,Info,crosswalk_fields_disagree
2025,12,JoneCh00,Charlie Jones,WR,NYG,,,0,False,False,unmatched,,no_unique_gsis_id;no_actual_weekly_record;actual_score_created_from_missing_record,Info,
2025,12,TiptMa00,Mason Tipton,WR,NO,00-0039623,6.3,1,False,False,weekly_stats_name_position_team,,crosswalk_fields_disagree,Info,crosswalk_fields_disagree
2025,12,MeltBo00,Bo Melton,WR,GB,00-0037091,0.0,0,True,False,master_name_position,,crosswalk_fields_disagree;no_actual_weekly_record;actual_score_created_from_missing_record,Info,crosswalk_fields_disagree
2025,12,MoorSk00,Skyy Moore,WR,GB,00-0038090,0.0,1,False,False,master_name_position,,crosswalk_fields_disagree,Info,crosswalk_fields_disagree
2025,13,MahoPa00,Patrick Mahomes II,QB,KC,00-0033873,29.44,1,False,True,weekly_stats_name_position_team,,crosswalk_fields_disagree,Warning,crosswalk_fields_disagree
2025,13,AlleJo01,Josh Allen,QB,BUF,00-0034857,16.72,1,False,True,weekly_stats_name_position_team,,crosswalk_fields_disagree,Warning,crosswalk_fields_disagree
2025,13,MayeDr00,Drake Maye,QB,NE,00-0039851,20.48,1,False,True,weekly_stats_name_position_team,,crosswalk_fields_disagree,Warning,crosswalk_fields_disagree
2025,13,TaylTy00,Tyrod Taylor,QB,GB,00-0028118,21.28,1,False,True,master_name_position,,crosswalk_fields_disagree,Warning,crosswalk_fields_disagree
2025,13,MayfBa00,Baker Mayfield,QB,TB,00-0034855,14.46,1,False,True,weekly_stats_name_position_team,,crosswalk_fields_disagree,Warning,crosswalk_fields_disagree
2025,13,RattSp00,Spencer Rattler,QB,NO,00-0039376,0.0,0,True,False,weekly_roster_name_position_team,,crosswalk_fields_disagree;no_actual_weekly_record;actual_score_created_from_missing_record,Info,crosswalk_fields_disagree
2025,13,ShouTy00,Tyler Shough,QB,NO,00-0040743,17.36,1,False,False,weekly_stats_name_position_team,,crosswalk_fields_disagree,Info,crosswalk_fields_disagree
2025,13,McCaCh00,Christian McCaffrey,RB,SF,00-0033280,17.4,1,False,True,weekly_stats_name_position_team,,crosswalk_fields_disagree,Warning,crosswalk_fields_disagree
2025,13,GibbJa00,Jahmyr Gibbs,RB,DET,00-0039139,11.6,1,False,True,weekly_stats_name_position_team,,crosswalk_fields_disagree,Warning,crosswalk_fields_disagree
2025,13,HendTr00,TreVeyon Henderson,RB,NE,00-0040734,11.6,1,False,True,weekly_stats_name_position_team,,crosswalk_fields_disagree,Warning,crosswalk_fields_disagree
2025,13,IrviBu00,Bucky Irving,RB,TB,00-0039361,16.1,1,False,True,weekly_stats_name_position_team,,crosswalk_fields_disagree,Warning,crosswalk_fields_disagree
2025,13,EtieTr00,Travis Etienne Jr.,RB,NO,00-0036973,5.1,1,False,True,master_name_position,,crosswalk_fields_disagree,Warning,crosswalk_fields_disagree
2025,13,WalkKe01,Ken Walker III,RB,KC,00-0038134,10.4,1,False,True,manual_override,FBG uses Ken Walker and a stale KC team in the historical export,master_name_conflict,Warning,manual_override_applied;master_name_conflict
2025,13,HampOm00,Omarion Hampton,RB,LAC,00-0040666,0.0,0,True,False,weekly_roster_name_position_team,,no_actual_weekly_record;actual_score_created_from_missing_record,Info,
2025,13,NealDe00,Devin Neal,RB,NO,00-0040202,9.9,1,False,True,weekly_stats_name_position_team,,crosswalk_fields_disagree,Warning,crosswalk_fields_disagree
2025,13,GainKe00,Kenny Gainwell,RB,TB,00-0036919,6.5,1,False,True,master_name_position,,crosswalk_fields_disagree,Warning,crosswalk_fields_disagree
2025,13,BensTr01,Trey Benson,RB,ARI,00-0039921,0.0,0,True,False,weekly_roster_name_position_team,,no_actual_weekly_record;actual_score_created_from_missing_record,Info,
2025,13,McLaJa00,Jaleel McLaughlin,RB,CLE,00-0038794,4.0,1,False,False,master_name_position,,crosswalk_fields_disagree,Info,crosswalk_fields_disagree
2025,13,StevRh00,Rhamondre Stevenson,RB,NE,00-0036875,11.0,1,False,False,weekly_stats_name_position_team,,crosswalk_fields_disagree,Info,crosswalk_fields_disagree
2025,13,EstiAu00,Audric EstimC),RB,NO,00-0039373,0.0,0,True,False,weekly_roster_name_position_team,,crosswalk_fields_disagree;no_actual_weekly_record;actual_score_created_from_missing_record,Info,crosswalk_fields_disagree
2025,13,HillJu00,Justice Hill,RB,BAL,00-0034975,0.0,0,True,False,weekly_roster_name_position_team,,no_actual_weekly_record;actual_score_created_from_missing_record,Info,
2025,13,TuckSe00,Sean Tucker,RB,TB,00-0038951,0.0,1,False,False,weekly_stats_name_position_team,,crosswalk_fields_disagree,Info,crosswalk_fields_disagree
2025,13,HolaGe01,George Holani,RB,SEA,00-0039299,0.0,0,True,False,weekly_roster_name_position_team,,no_actual_weekly_record;actual_score_created_from_missing_record,Info,
2025,13,JohnTy00,Ty Johnson,RB,BUF,00-0035537,5.5,1,False,False,weekly_stats_name_position_team,,crosswalk_fields_disagree,Info,crosswalk_fields_disagree
2025,13,BigsTa00,Tank Bigsby,RB,PHI,00-0038555,0.0,0,True,False,weekly_roster_name_position_team,,no_actual_weekly_record;actual_score_created_from_missing_record,Info,
2025,13,LuepHu01,Hunter Luepke,RB,DAL,00-0038738,0.0,0,True,False,weekly_roster_name_position_team,,no_actual_weekly_record;actual_score_created_from_missing_record,Info,
2025,13,JuszKy00,Kyle Juszczyk,RB,SF,00-0029892,0.0,0,True,False,weekly_roster_name_position_team,,no_actual_weekly_record;actual_score_created_from_missing_record,Info,gsis_id_not_in_master
2025,13,PrenAd00,Adam Prentice,RB,DEN,00-0036727,0.0,0,True,False,weekly_roster_name_position_team,,no_actual_weekly_record;actual_score_created_from_missing_record,Info,gsis_id_not_in_master
2025,13,JohnKa01,Kaleb Johnson,RB,GB,00-0040142,0.3,1,False,False,manual_override,FBG uses JohnKa01 for Kaleb Johnson while the sibling crosswalk uses a different FBG ID,crosswalk_fields_disagree,Info,crosswalk_fields_disagree;manual_override_applied
2025,13,JennTe00,Terrell Jennings,RB,NE,00-0039757,0.0,1,False,False,weekly_stats_name_position_team,,crosswalk_fields_disagree,Info,crosswalk_fields_disagree
2025,13,OgunDa00,Dare Ogunbowale,RB,LV,00-0033854,0.0,1,False,False,master_name_position,,crosswalk_fields_disagree,Info,crosswalk_fields_disagree
2025,13,IngoAl00,Alec Ingold,RB,LAC,00-0035125,0.0,0,True,False,manual_override,Top-player gate override because the historical FBG row uses a stale LAC team while the weekly roster identifies Alec Ingold as RB 00-0035125 for MIA,no_actual_weekly_record;actual_score_created_from_missing_record,Info,manual_override_applied;gsis_id_not_in_master
2025,13,RicaPa00,Patrick Ricard,RB,NYG,00-0033376,0.0,0,True,False,master_name_position,,no_actual_weekly_record;actual_score_created_from_missing_record,Info,
2025,13,GillRe00,Reggie Gilliam,RB,NE,00-0036187,0.0,1,False,False,master_name_position,,crosswalk_fields_disagree,Info,crosswalk_fields_disagree
2025,13,SaylJa00,Jacob Saylors,RB,DET,00-0038896,0.0,0,True,False,weekly_roster_name_position_team,,no_actual_weekly_record;actual_score_created_from_missing_record,Info,
2025,13,KelcTr00,Travis Kelce,TE,KC,00-0030506,15.5,1,False,True,weekly_stats_name_position_team,,crosswalk_fields_disagree,Warning,crosswalk_fields_disagree
2025,13,HenrHu00,Hunter Henry,TE,NE,00-0033090,11.3,1,False,True,weekly_stats_name_position_team,,crosswalk_fields_disagree,Warning,crosswalk_fields_disagree
2025,13,KincDa00,Dalton Kincaid,TE,BUF,00-0038933,0.0,0,True,False,weekly_roster_name_position_team,,no_actual_weekly_record;actual_score_created_from_missing_record,Info,
2025,13,TaylMa01,Mason Taylor,TE,NYJ,00-0040736,4.1,1,False,True,weekly_stats_name_position_team,,crosswalk_fields_disagree,Warning,crosswalk_fields_disagree
2025,13,OttoCa00,Cade Otton,TE,TB,00-0038129,2.9,1,False,True,weekly_stats_name_position_team,,crosswalk_fields_disagree,Warning,crosswalk_fields_disagree
2025,13,MusgLu00,Luke Musgrave,TE,GB,00-0039144,3.3,1,False,False,weekly_stats_name_position_team,,crosswalk_fields_disagree,Info,crosswalk_fields_disagree
2025,13,FreiPa00,Pat Freiermuth,TE,PIT,00-0036894,0.0,0,True,True,weekly_roster_name_position_team,,no_actual_weekly_record;actual_score_created_from_missing_record,Warning,
2025,13,SandJa00,Ja'Tavion Sanders,TE,CAR,00-0039356,0.0,1,False,False,weekly_stats_name_position_team,,crosswalk_fields_disagree,Info,crosswalk_fields_disagree
2025,13,ParkCo00,Colby Parkinson,TE,LA,00-0036244,6.7,1,False,True,weekly_stats_name_position_team,,crosswalk_fields_disagree,Warning,crosswalk_fields_disagree
2025,13,WallDa00,Darren Waller,TE,CAR,00-0031610,6.7,1,False,True,master_name_position,,crosswalk_fields_disagree,Warning,crosswalk_fields_disagree
2025,13,OkonCh00,Chig Okonkwo,TE,WAS,00-0037809,6.9,1,False,True,master_name_position,,crosswalk_fields_disagree,Warning,crosswalk_fields_disagree
2025,13,FantNo00,Noah Fant,TE,NO,00-0035644,1.3,1,False,False,master_name_position,,crosswalk_fields_disagree,Info,crosswalk_fields_disagree
2025,13,AlleDa01,Davis Allen,TE,LA,00-0039074,1.4,1,False,True,weekly_stats_name_position_team,,crosswalk_fields_disagree,Warning,crosswalk_fields_disagree
2025,13,HoopAu00,Austin Hooper,TE,ATL,00-0032392,0.0,0,True,False,master_name_position,,no_actual_weekly_record;actual_score_created_from_missing_record,Info,
2025,13,BellDa03,Daniel Bellinger,TE,TEN,00-0038115,0.0,0,True,False,master_name_position,,no_actual_weekly_record;actual_score_created_from_missing_record,Info,
2025,13,AdkiNa00,Nate Adkins,TE,DEN,00-0038783,0.0,0,True,False,weekly_roster_name_position_team,,no_actual_weekly_record;actual_score_created_from_missing_record,Info,
2025,13,TonyRo00,Robert Tonyan Jr,TE,PIT,00-0033757,0.0,0,True,False,master_name_position,,no_actual_weekly_record;actual_score_created_from_missing_record,Info,
2025,13,LongHu00,Hunter Long,TE,ARI,00-0037004,0.0,0,True,False,master_name_position,,crosswalk_fields_disagree;no_actual_weekly_record;actual_score_created_from_missing_record,Info,crosswalk_fields_disagree
2025,13,OlivJo00,Josh Oliver,TE,MIN,00-0035249,0.0,0,True,False,weekly_roster_name_position_team,,no_actual_weekly_record;actual_score_created_from_missing_record,Info,
2025,13,AlieMo00,Mo Alie-Cox,TE,IND,00-0033217,0.0,0,True,False,weekly_roster_name_position_team,,no_actual_weekly_record;actual_score_created_from_missing_record,Info,
2025,13,OkwuAl00,Albert Okwuegbunam Jr.,TE,LV,00-0036423,0.0,0,True,False,weekly_roster_name_position_team,,no_actual_weekly_record;actual_score_created_from_missing_record,Info,
2025,13,SmytDu00,Durham Smythe,TE,BAL,00-0034798,0.0,0,True,False,master_name_position,,no_actual_weekly_record;actual_score_created_from_missing_record,Info,
2025,13,CalcGr00,Grant Calcaterra,TE,PHI,00-0037086,0.0,0,True,False,weekly_roster_name_position_team,,no_actual_weekly_record;actual_score_created_from_missing_record,Info,
2025,13,HillJu01,Julian Hill,TE,NE,00-0038720,0.0,1,False,False,master_name_position,,crosswalk_fields_disagree,Info,crosswalk_fields_disagree
2025,13,GranKy00,Kylen Granson,TE,TEN,00-0036876,0.0,0,True,False,master_name_position,,no_actual_weekly_record;actual_score_created_from_missing_record,Info,
2025,13,MundJo00,Johnny Mundt,TE,PHI,00-0033246,0.0,0,True,False,master_name_position,,no_actual_weekly_record;actual_score_created_from_missing_record,Info,
2025,13,WoerCh00,Charlie Woerner,TE,ATL,00-0036429,0.0,0,True,False,weekly_roster_name_position_team,,no_actual_weekly_record;actual_score_created_from_missing_record,Info,
2025,13,OgleAn00,Drew Ogletree,TE,IND,00-0037292,1.8,1,False,False,pfr_crosswalk_verified,,master_name_conflict,Info,master_name_conflict
2025,13,BeckAn00,Andrew Beck,RB,NYJ,00-0034959,0.0,0,True,False,manual_override,FBG position and team differ from the weekly roster record,no_actual_weekly_record;actual_score_created_from_missing_record,Info,manual_override_applied;gsis_id_not_in_master
2025,13,SinnBe00,Ben Sinnott,TE,WAS,00-0039912,0.0,0,True,False,weekly_roster_name_position_team,,no_actual_weekly_record;actual_score_created_from_missing_record,Info,
2025,13,MitcZa00,Zaire Mitchell-Paden,TE,HOU,00-0037340,0.0,0,True,False,master_name_position,,crosswalk_fields_disagree;no_actual_weekly_record;actual_score_created_from_missing_record,Info,crosswalk_fields_disagree
2025,13,ConkTy00,Tyler Conklin,TE,DET,00-0034270,0.0,0,True,False,master_name_position,,no_actual_weekly_record;actual_score_created_from_missing_record,Info,
2025,13,TongJa00,Jake Tonges,TE,SF,00-0037112,0.0,0,True,False,weekly_roster_name_position_team,,no_actual_weekly_record;actual_score_created_from_missing_record,Info,
2025,13,DurhPa00,Payne Durham,TE,TB,00-0039050,2.1,1,False,False,weekly_stats_name_position_team,,crosswalk_fields_disagree,Info,crosswalk_fields_disagree
2025,13,SmitJa02,Jaxon Smith-Njigba,WR,SEA,00-0038543,4.3,1,False,True,weekly_stats_name_position_team,,crosswalk_fields_disagree,Warning,crosswalk_fields_disagree
2025,13,RiceRa01,Rashee Rice,WR,KC,00-0039067,29.4,1,False,True,weekly_stats_name_position_team,,crosswalk_fields_disagree,Warning,crosswalk_fields_disagree
2025,13,OlavCh00,Chris Olave,WR,NO,00-0037239,14.7,1,False,True,weekly_stats_name_position_team,,crosswalk_fields_disagree,Warning,crosswalk_fields_disagree
2025,13,HarrMa05,Marvin Harrison Jr.,WR,ARI,00-0039849,12.9,1,False,True,weekly_stats_name_position_team,,crosswalk_fields_disagree,Warning,crosswalk_fields_disagree
2025,13,EgbuEm00,Emeka Egbuka,WR,TB,00-0040129,8.2,1,False,True,weekly_stats_name_position_team,,crosswalk_fields_disagree,Warning,crosswalk_fields_disagree
2025,13,BrowAJ00,A.J. Brown,WR,NE,00-0035676,35.2,1,False,True,master_name_position,,crosswalk_fields_disagree,Warning,crosswalk_fields_disagree
2025,13,SmitDe04,DeVonta Smith,WR,PHI,00-0036912,9.8,1,False,True,weekly_stats_name_position_team,,crosswalk_fields_disagree,Warning,crosswalk_fields_disagree
2025,13,AlleKe00,Keenan Allen,WR,IND,00-0030279,7.0,1,False,True,master_name_position,,crosswalk_fields_disagree,Warning,crosswalk_fields_disagree
2025,13,WillJa09,Jameson Williams,WR,DET,00-0037240,26.9,1,False,True,weekly_stats_name_position_team,,crosswalk_fields_disagree,Warning,crosswalk_fields_disagree
2025,13,DiggSt00,Stefon Diggs,WR,WAS,00-0031588,5.6,1,False,True,master_name_position,,crosswalk_fields_disagree,Warning,crosswalk_fields_disagree
2025,13,WortXa00,Xavier Worthy,WR,KC,00-0039894,11.4,1,False,True,weekly_stats_name_position_team,,crosswalk_fields_disagree,Warning,crosswalk_fields_disagree
2025,13,DoubRo00,Romeo Doubs,WR,NE,00-0037816,12.0,1,False,True,master_name_position,,crosswalk_fields_disagree,Warning,crosswalk_fields_disagree
2025,13,VeleDe00,Devaughn Vele,WR,NO,00-0039424,23.3,1,False,False,weekly_stats_name_position_team,,crosswalk_fields_disagree,Info,crosswalk_fields_disagree
2025,13,SamuDe00,Deebo Samuel Sr.,WR,SF,00-0035719,11.1,1,False,True,master_name_position,,crosswalk_fields_disagree,Warning,crosswalk_fields_disagree
2025,13,ThomBr01,Brian Thomas Jr.,WR,JAX,00-0039893,4.8,1,False,False,weekly_stats_name_position_team,,crosswalk_fields_disagree,Info,crosswalk_fields_disagree
2025,13,BoutKa00,Kayshon Boutte,WR,HOU,00-0038608,13.5,1,False,False,master_name_position,,crosswalk_fields_disagree,Info,crosswalk_fields_disagree
2025,13,JohnTe01,Tez Johnson,WR,TB,00-0040237,1.5,1,False,False,weekly_stats_name_position_team,,crosswalk_fields_disagree,Info,crosswalk_fields_disagree
2025,13,JohnQu01,Quentin Johnston,WR,LAC,00-0038544,11.3,1,False,False,weekly_stats_name_position_team,,crosswalk_fields_disagree,Info,crosswalk_fields_disagree
2025,13,GodwCh00,Chris Godwin Jr.,WR,TB,00-0033921,10.8,1,False,True,weekly_stats_name_position_team,,crosswalk_fields_disagree,Warning,crosswalk_fields_disagree
2025,13,WatsCh00,Christian Watson,WR,GB,00-0038124,18.3,1,False,True,weekly_stats_name_position_team,,crosswalk_fields_disagree,Warning,crosswalk_fields_disagree
2025,13,SlayDa00,Darius Slayton,WR,NYG,00-0035535,14.1,1,False,False,weekly_stats_name_position_team,,crosswalk_fields_disagree,Info,crosswalk_fields_disagree
2025,13,ReedJa01,Jayden Reed,WR,GB,00-0039146,0.0,0,True,False,weekly_roster_name_position_team,,no_actual_weekly_record;actual_score_created_from_missing_record,Info,
2025,13,PalmJo01,Joshua Palmer,WR,BUF,00-0036988,0.0,0,True,False,master_name_position,,master_name_conflict;no_actual_weekly_record;actual_score_created_from_missing_record,Info,master_name_conflict
2025,13,HollMa00,Mack Hollins,WR,NE,00-0033555,5.3,1,False,False,weekly_stats_name_position_team,,crosswalk_fields_disagree,Info,crosswalk_fields_disagree
2025,13,KirkCh00,Christian Kirk,WR,SF,00-0034775,0.0,0,True,False,master_name_position,,crosswalk_fields_disagree;no_actual_weekly_record;actual_score_created_from_missing_record,Info,crosswalk_fields_disagree
2025,13,DougDe00,DeMario Douglas,WR,NE,00-0038621,6.3,1,False,False,weekly_stats_name_position_team,,crosswalk_fields_disagree,Info,crosswalk_fields_disagree
2025,13,BrowMa05,Hollywood Brown,WR,PHI,00-0035662,10.0,1,False,False,manual_override,FBG uses Hollywood Brown and a stale PHI team in the historical export,master_name_conflict,Info,manual_override_applied;master_name_conflict
2025,13,TinsMi00,Mitch Tinsley,WR,HOU,00-0038839,4.2,1,False,False,master_name_position,,crosswalk_fields_disagree;master_name_conflict,Info,crosswalk_fields_disagree;master_name_conflict
2025,13,ShavTy00,Tyrell Shavers,WR,BUF,00-0038679,0.0,0,True,False,weekly_roster_name_position_team,,no_actual_weekly_record;actual_score_created_from_missing_record,Info,
2025,13,JoneCh00,Charlie Jones,WR,NYG,,,0,False,False,unmatched,,no_unique_gsis_id;no_actual_weekly_record;actual_score_created_from_missing_record,Info,
2025,13,TiptMa00,Mason Tipton,WR,NO,00-0039623,4.9,1,False,False,weekly_stats_name_position_team,,crosswalk_fields_disagree,Info,crosswalk_fields_disagree
2025,13,RaymKa00,Kalif Raymond,WR,CHI,00-0032464,0.0,0,True,False,master_name_position,,no_actual_weekly_record;actual_score_created_from_missing_record,Info,
2025,13,HodgKh00,KhaDarel Hodge,WR,SF,00-0034854,0.0,0,True,False,master_name_position,,crosswalk_fields_disagree;no_actual_weekly_record;actual_score_created_from_missing_record,Info,crosswalk_fields_disagree
2025,13,AtweTu00,Tutu Atwell,WR,LA,00-0036849,0.0,0,True,False,weekly_roster_name_position_team,,crosswalk_fields_disagree;no_actual_weekly_record;actual_score_created_from_missing_record,Info,crosswalk_fields_disagree
2025,13,MoorCh00,Chris Moore,WR,BAL,00-0032398,0.0,0,True,False,master_name_position,,crosswalk_fields_disagree;no_actual_weekly_record;actual_score_created_from_missing_record,Info,crosswalk_fields_disagree
2025,13,GoldMa00,Matthew Golden,WR,GB,00-0040667,0.0,0,True,False,weekly_roster_name_position_team,,crosswalk_fields_disagree;no_actual_weekly_record;actual_score_created_from_missing_record,Info,crosswalk_fields_disagree
2025,13,ThorTy00,Tyquan Thornton,WR,KC,00-0038104,0.0,1,False,False,weekly_stats_name_position_team,,crosswalk_fields_disagree,Info,crosswalk_fields_disagree
2025,13,WallTy00,Tylan Wallace,WR,CLE,00-0036630,0.0,0,True,False,master_name_position,,no_actual_weekly_record;actual_score_created_from_missing_record,Info,
2025,13,WillSa00,Savion Williams,WR,GB,00-0040009,0.0,0,True,False,weekly_roster_name_position_team,,crosswalk_fields_disagree;no_actual_weekly_record;actual_score_created_from_missing_record,Info,crosswalk_fields_disagree
2025,13,HornJi00,Jimmy Horn Jr.,WR,CAR,00-0040218,0.0,0,True,False,weekly_roster_name_position_team,,no_actual_weekly_record;actual_score_created_from_missing_record,Info,
2025,13,DuliAs00,Ashton Dulin,WR,IND,00-0035021,0.0,0,True,False,weekly_roster_name_position_team,,no_actual_weekly_record;actual_score_created_from_missing_record,Info,
2025,13,BrowDy00,Dyami Brown,WR,WAS,00-0036626,0.0,0,True,False,master_name_position,,no_actual_weekly_record;actual_score_created_from_missing_record,Info,
2025,13,WillKy01,Kyle Williams,WR,NE,00-0040131,10.3,1,False,False,weekly_stats_name_position_team,,crosswalk_fields_disagree,Info,crosswalk_fields_disagree
2025,13,MeltBo00,Bo Melton,WR,GB,00-0037091,1.5,1,False,False,weekly_stats_name_position_team,,crosswalk_fields_disagree,Info,crosswalk_fields_disagree
2025,13,CoopDa00,Darius Cooper,WR,PHI,00-0040024,0.0,0,True,False,weekly_roster_name_position_team,,no_actual_weekly_record;actual_score_created_from_missing_record,Info,
2025,13,DaviDe01,Derius Davis,WR,LAC,00-0038573,0.0,1,False,False,weekly_stats_name_position_team,,crosswalk_fields_disagree,Info,crosswalk_fields_disagree
2025,13,MoorSk00,Skyy Moore,WR,GB,00-0038090,0.0,1,False,False,master_name_position,,crosswalk_fields_disagree,Info,crosswalk_fields_disagree
2025,13,SmitAr01,Arian Smith,WR,NYJ,00-0040582,0.0,0,True,False,weekly_roster_name_position_team,,no_actual_weekly_record;actual_score_created_from_missing_record,Info,
2025,13,LambKe00,Keandre Lambert-Smith,WR,LAC,00-0040184,0.0,0,True,False,weekly_roster_name_position_team,,crosswalk_fields_disagree;no_actual_weekly_record;actual_score_created_from_missing_record,Info,crosswalk_fields_disagree
2025,13,JohnAm00,Amar Johnson,RB,LAC,00-0040039,0.0,0,True,False,weekly_roster_name_position_team,,no_actual_weekly_record;actual_score_created_from_missing_record,Info,
2025,13,LatuKe00,Keleki Latu,TE,BUF,00-0040363,0.0,0,True,False,weekly_roster_name_position_team,,no_actual_weekly_record;actual_score_created_from_missing_record,Info,
2025,13,LoveDo00,Dominic Lovett,WR,DET,00-0040241,0.0,0,True,False,weekly_roster_name_position_team,,no_actual_weekly_record;actual_score_created_from_missing_record,Info,
2025,13,WestLa00,LaJohntay Wester,WR,BAL,00-0040075,0.0,0,True,False,weekly_roster_name_position_team,,no_actual_weekly_record;actual_score_created_from_missing_record,Info,
2025,14,GainKe00,Kenny Gainwell,RB,TB,00-0036919,16.2,1,False,True,master_name_position,,crosswalk_fields_disagree,Warning,crosswalk_fields_disagree
2025,14,MusgLu00,Luke Musgrave,TE,GB,00-0039144,4.2,1,False,False,weekly_stats_name_position_team,,crosswalk_fields_disagree,Info,crosswalk_fields_disagree
2025,14,DoubRo00,Romeo Doubs,WR,NE,00-0037816,0.0,1,False,True,master_name_position,,crosswalk_fields_disagree,Warning,crosswalk_fields_disagree
2025,14,WickDo00,Dontayvion Wicks,WR,PHI,00-0038393,0.0,0,True,False,master_name_position,,no_actual_weekly_record;actual_score_created_from_missing_record,Info,
2025,14,WatsCh00,Christian Watson,WR,GB,00-0038124,24.9,1,False,True,weekly_stats_name_position_team,,crosswalk_fields_disagree,Warning,crosswalk_fields_disagree
2025,14,MeltBo00,Bo Melton,WR,GB,00-0037091,11.5,1,False,False,weekly_stats_name_position_team,,crosswalk_fields_disagree,Info,crosswalk_fields_disagree
2025,14,ThomDe04,Deven Thompkins,WR,LV,00-0037487,1.4,1,False,False,master_name_position,,crosswalk_fields_disagree,Info,crosswalk_fields_disagree
2025,14,KirkCh00,Christian Kirk,WR,SF,00-0034775,1.6,1,False,False,master_name_position,,crosswalk_fields_disagree,Info,crosswalk_fields_disagree
2025,14,AlleJo01,Josh Allen,QB,BUF,00-0034857,37.84,1,False,True,weekly_stats_name_position_team,,crosswalk_fields_disagree,Warning,crosswalk_fields_disagree
2025,14,JohnTy00,Ty Johnson,RB,BUF,00-0035537,5.9,1,False,False,weekly_stats_name_position_team,,crosswalk_fields_disagree,Info,crosswalk_fields_disagree
2025,14,GibbJa00,Jahmyr Gibbs,RB,DET,00-0039139,37.0,1,False,True,weekly_stats_name_position_team,,crosswalk_fields_disagree,Warning,crosswalk_fields_disagree
2025,14,WillJa09,Jameson Williams,WR,DET,00-0037240,17.3,1,False,True,weekly_stats_name_position_team,,crosswalk_fields_disagree,Warning,crosswalk_fields_disagree
2025,14,EtieTr00,Travis Etienne Jr.,RB,NO,00-0036973,21.2,1,False,True,master_name_position,,crosswalk_fields_disagree,Warning,crosswalk_fields_disagree
2025,14,MundJo00,Johnny Mundt,TE,PHI,00-0033246,0.0,0,True,False,master_name_position,,no_actual_weekly_record;actual_score_created_from_missing_record,Info,
2025,14,ThomBr01,Brian Thomas Jr.,WR,JAX,00-0039893,11.7,1,False,True,weekly_stats_name_position_team,,crosswalk_fields_disagree,Warning,crosswalk_fields_disagree
2025,14,BrowDy00,Dyami Brown,WR,WAS,00-0036626,0.0,0,True,False,master_name_position,,no_actual_weekly_record;actual_score_created_from_missing_record,Info,
2025,14,ParkCo00,Colby Parkinson,TE,LA,00-0036244,12.2,1,False,True,weekly_stats_name_position_team,,crosswalk_fields_disagree,Warning,crosswalk_fields_disagree
2025,14,AlleDa01,Davis Allen,TE,LA,00-0039074,4.1,1,False,True,weekly_stats_name_position_team,,crosswalk_fields_disagree,Warning,crosswalk_fields_disagree
2025,14,WalkKe01,Ken Walker III,RB,KC,00-0038134,3.8,1,False,True,manual_override,FBG uses Ken Walker and a stale KC team in the historical export,master_name_conflict,Warning,manual_override_applied;master_name_conflict
2025,14,SmitJa02,Jaxon Smith-Njigba,WR,SEA,00-0038543,28.1,1,False,True,weekly_stats_name_position_team,,crosswalk_fields_disagree,Warning,crosswalk_fields_disagree
2025,14,TaylTy00,Tyrod Taylor,QB,GB,00-0028118,-1.76,1,False,True,master_name_position,,crosswalk_fields_disagree,Warning,crosswalk_fields_disagree
2025,14,TaylMa01,Mason Taylor,TE,NYJ,00-0040736,10.1,1,False,True,weekly_stats_name_position_team,,crosswalk_fields_disagree,Warning,crosswalk_fields_disagree
2025,14,BrowAJ00,A.J. Brown,WR,NE,00-0035676,16.0,1,False,True,master_name_position,,crosswalk_fields_disagree,Warning,crosswalk_fields_disagree
2025,14,SmitDe04,DeVonta Smith,WR,PHI,00-0036912,7.7,1,False,True,weekly_stats_name_position_team,,crosswalk_fields_disagree,Warning,crosswalk_fields_disagree
2025,14,MayfBa00,Baker Mayfield,QB,TB,00-0034855,11.08,1,False,True,weekly_stats_name_position_team,,crosswalk_fields_disagree,Warning,crosswalk_fields_disagree
2025,14,IrviBu00,Bucky Irving,RB,TB,00-0039361,16.1,1,False,True,weekly_stats_name_position_team,,crosswalk_fields_disagree,Warning,crosswalk_fields_disagree
2025,14,TuckSe00,Sean Tucker,RB,TB,00-0038951,8.9,1,False,False,weekly_stats_name_position_team,,crosswalk_fields_disagree,Info,crosswalk_fields_disagree
2025,14,OttoCa00,Cade Otton,TE,TB,00-0038129,4.9,1,False,True,weekly_stats_name_position_team,,crosswalk_fields_disagree,Warning,crosswalk_fields_disagree
2025,14,EgbuEm00,Emeka Egbuka,WR,TB,00-0040129,3.5,1,False,True,weekly_stats_name_position_team,,crosswalk_fields_disagree,Warning,crosswalk_fields_disagree
2025,14,JohnTe01,Tez Johnson,WR,TB,00-0040237,0.0,0,True,False,weekly_roster_name_position_team,,crosswalk_fields_disagree;no_actual_weekly_record;actual_score_created_from_missing_record,Info,crosswalk_fields_disagree
2025,14,GodwCh00,Chris Godwin Jr.,WR,TB,00-0033921,10.5,1,False,True,weekly_stats_name_position_team,,crosswalk_fields_disagree,Warning,crosswalk_fields_disagree
2025,14,SampDr00,Drew Sample,TE,CIN,00-0035631,0.0,0,True,False,weekly_roster_name_position_team,,no_actual_weekly_record;actual_score_created_from_missing_record,Info,
2025,14,FantNo00,Noah Fant,TE,NO,00-0035644,2.5,1,False,False,master_name_position,,crosswalk_fields_disagree,Info,crosswalk_fields_disagree
2025,14,MahoPa00,Patrick Mahomes II,QB,KC,00-0033873,6.3,1,False,True,weekly_stats_name_position_team,,crosswalk_fields_disagree,Warning,crosswalk_fields_disagree
2025,14,KelcTr00,Travis Kelce,TE,KC,00-0030506,1.8,1,False,True,weekly_stats_name_position_team,,crosswalk_fields_disagree,Warning,crosswalk_fields_disagree
2025,14,WortXa00,Xavier Worthy,WR,KC,00-0039894,8.5,1,False,False,weekly_stats_name_position_team,,crosswalk_fields_disagree,Info,crosswalk_fields_disagree
2025,14,BrowMa05,Hollywood Brown,WR,PHI,00-0035662,4.5,1,False,False,manual_override,FBG uses Hollywood Brown and a stale PHI team in the historical export,master_name_conflict,Info,manual_override_applied;master_name_conflict
2025,14,RiceRa01,Rashee Rice,WR,KC,00-0039067,7.4,1,False,True,weekly_stats_name_position_team,,crosswalk_fields_disagree,Warning,crosswalk_fields_disagree
2025,14,OkonCh00,Chig Okonkwo,TE,WAS,00-0037809,4.0,1,False,True,master_name_position,,crosswalk_fields_disagree,Warning,crosswalk_fields_disagree
2025,14,ShouTy00,Tyler Shough,QB,NO,00-0040743,21.26,1,False,True,weekly_stats_name_position_team,,crosswalk_fields_disagree,Warning,crosswalk_fields_disagree
2025,14,HullEv00,Evan Hull,RB,ARI,00-0038397,2.0,1,False,False,master_name_position,,crosswalk_fields_disagree,Info,crosswalk_fields_disagree
2025,14,NealDe00,Devin Neal,RB,NO,00-0040202,15.4,1,False,True,weekly_stats_name_position_team,,crosswalk_fields_disagree,Warning,crosswalk_fields_disagree
2025,14,OlavCh00,Chris Olave,WR,NO,00-0037239,6.0,1,False,True,weekly_stats_name_position_team,,crosswalk_fields_disagree,Warning,crosswalk_fields_disagree
2025,14,VeleDe00,Devaughn Vele,WR,NO,00-0039424,7.0,1,False,True,weekly_stats_name_position_team,,crosswalk_fields_disagree,Warning,crosswalk_fields_disagree
2025,14,TiptMa00,Mason Tipton,WR,NO,00-0039623,0.0,1,False,False,weekly_stats_name_position_team,,crosswalk_fields_disagree,Info,crosswalk_fields_disagree
2025,14,OgleAn00,Drew Ogletree,TE,IND,00-0037292,0.0,1,False,False,pfr_crosswalk_verified,,master_name_conflict,Info,master_name_conflict
2025,14,McLaJa00,Jaleel McLaughlin,RB,CLE,00-0038794,4.1,1,False,False,master_name_position,,crosswalk_fields_disagree,Info,crosswalk_fields_disagree
2025,14,WallDa00,Darren Waller,TE,CAR,00-0031610,2.7,1,False,True,master_name_position,,crosswalk_fields_disagree,Warning,crosswalk_fields_disagree
2025,14,LancTr00,Trey Lance,QB,LAC,00-0037012,0.0,0,True,True,weekly_roster_name_position_team,,no_actual_weekly_record;actual_score_created_from_missing_record,Warning,
2025,14,AlleKe00,Keenan Allen,WR,IND,00-0030279,5.2,1,False,False,master_name_position,,crosswalk_fields_disagree,Info,crosswalk_fields_disagree
2025,14,JohnQu01,Quentin Johnston,WR,LAC,00-0038544,2.8,1,False,False,weekly_stats_name_position_team,,crosswalk_fields_disagree,Info,crosswalk_fields_disagree
2025,14,SamuDe00,Deebo Samuel Sr.,WR,SF,00-0035719,6.7,1,False,True,master_name_position,,crosswalk_fields_disagree,Warning,crosswalk_fields_disagree
2025,14,ScotZa00,Zavier Scott,RB,CHI,00-0038440,3.0,1,False,False,master_name_position,,crosswalk_fields_disagree,Info,crosswalk_fields_disagree
2025,14,PrenAd00,Adam Prentice,RB,DEN,00-0036727,0.0,0,True,False,weekly_roster_name_position_team,,no_actual_weekly_record;actual_score_created_from_missing_record,Info,gsis_id_not_in_master
2025,14,IngoAl00,Alec Ingold,RB,LAC,00-0035125,0.0,0,True,False,manual_override,Top-player gate override because the historical FBG row uses a stale LAC team while the weekly roster identifies Alec Ingold as RB 00-0035125 for MIA,no_actual_weekly_record;actual_score_created_from_missing_record,Info,manual_override_applied;gsis_id_not_in_master
2025,14,OgunDa00,Dare Ogunbowale,RB,LV,00-0033854,6.5,1,False,False,master_name_position,,crosswalk_fields_disagree,Info,crosswalk_fields_disagree
2025,14,JohnKa01,Kaleb Johnson,RB,GB,00-0040142,0.4,1,False,False,manual_override,FBG uses JohnKa01 for Kaleb Johnson while the sibling crosswalk uses a different FBG ID,crosswalk_fields_disagree,Info,crosswalk_fields_disagree;manual_override_applied
2025,14,BeckAn00,Andrew Beck,RB,NYJ,00-0034959,0.0,0,True,False,manual_override,FBG position and team differ from the weekly roster record,no_actual_weekly_record;actual_score_created_from_missing_record,Info,manual_override_applied;gsis_id_not_in_master
2025,14,CartNa00,Nathan Carter,RB,KC,00-0040547,0.0,0,True,False,manual_override,Drafter player crosswalk supplies the GSIS ID,master_name_conflict;no_actual_weekly_record;actual_score_created_from_missing_record,Info,manual_override_applied;master_name_conflict
2025,14,BrowBr02,Brittain Brown,RB,CHI,00-0037329,0.0,0,True,False,weekly_roster_name_position_team,,crosswalk_fields_disagree;no_actual_weekly_record;actual_score_created_from_missing_record,Info,crosswalk_fields_disagree
2025,14,WrigJa05,Jacardia Wright,RB,SEA,00-0040067,0.0,0,True,False,weekly_roster_name_position_team,,no_actual_weekly_record;actual_score_created_from_missing_record,Info,
2025,14,GiddDJ00,DJ Giddens,RB,IND,00-0040179,0.0,0,True,False,weekly_roster_name_position_team,,no_actual_weekly_record;actual_score_created_from_missing_record,Info,
2025,14,MiltKe01,Kendall Milton,RB,CIN,00-0039266,0.0,0,True,False,weekly_roster_name_position_team,,no_actual_weekly_record;actual_score_created_from_missing_record,Info,
2025,14,GillRe00,Reggie Gilliam,RB,NE,00-0036187,0.0,1,False,False,master_name_position,,crosswalk_fields_disagree,Info,crosswalk_fields_disagree
2025,14,StovCa00,Cade Stover,TE,HOU,00-0039359,0.0,0,True,False,weekly_roster_name_position_team,,no_actual_weekly_record;actual_score_created_from_missing_record,Info,
2025,14,GrayNo00,Noah Gray,TE,KC,00-0036637,2.4,1,False,False,weekly_stats_name_position_team,,crosswalk_fields_disagree,Info,crosswalk_fields_disagree
2025,14,CalcGr00,Grant Calcaterra,TE,PHI,00-0037086,0.0,0,True,False,weekly_roster_name_position_team,,no_actual_weekly_record;actual_score_created_from_missing_record,Info,
2025,14,ConkTy00,Tyler Conklin,TE,DET,00-0034270,0.0,0,True,False,master_name_position,,no_actual_weekly_record;actual_score_created_from_missing_record,Info,
2025,14,WoerCh00,Charlie Woerner,TE,ATL,00-0036429,0.0,0,True,False,weekly_roster_name_position_team,,no_actual_weekly_record;actual_score_created_from_missing_record,Info,
2025,14,LatuKe00,Keleki Latu,TE,BUF,00-0040363,0.0,0,True,False,weekly_roster_name_position_team,,no_actual_weekly_record;actual_score_created_from_missing_record,Info,
2025,14,DurhPa00,Payne Durham,TE,TB,00-0039050,0.0,1,False,False,weekly_stats_name_position_team,,crosswalk_fields_disagree,Info,crosswalk_fields_disagree
2025,14,YuroBe00,Ben Yurosek,TE,MIN,00-0040509,0.0,0,True,False,weekly_roster_name_position_team,,no_actual_weekly_record;actual_score_created_from_missing_record,Info,
2025,14,GoldMa00,Matthew Golden,WR,GB,00-0040667,0.0,1,False,False,weekly_stats_name_position_team,,crosswalk_fields_disagree,Info,crosswalk_fields_disagree
2025,14,WilsRo02,Roman Wilson,WR,PIT,00-0039739,0.0,0,True,False,weekly_roster_name_position_team,,no_actual_weekly_record;actual_score_created_from_missing_record,Info,
2025,14,ThraJa01,Jamari Thrash,WR,CLE,00-0039379,0.0,0,True,False,weekly_roster_name_position_team,,no_actual_weekly_record;actual_score_created_from_missing_record,Info,
2025,14,WalkDe01,Devontez Walker,WR,BAL,00-0039792,0.0,0,True,False,weekly_roster_name_position_team,,no_actual_weekly_record;actual_score_created_from_missing_record,Info,
2025,14,TinsMi00,Mitch Tinsley,WR,HOU,00-0038839,0.0,0,True,False,master_name_position,,crosswalk_fields_disagree;master_name_conflict;no_actual_weekly_record;actual_score_created_from_missing_record,Info,crosswalk_fields_disagree;master_name_conflict
2025,14,WhitCo01,Cody White,WR,LV,00-0035891,1.9,1,False,False,master_name_position,,crosswalk_fields_disagree,Info,crosswalk_fields_disagree
2025,14,ThorTy00,Tyquan Thornton,WR,KC,00-0038104,3.9,1,False,False,weekly_stats_name_position_team,,crosswalk_fields_disagree,Info,crosswalk_fields_disagree
2025,14,WallTy00,Tylan Wallace,WR,CLE,00-0036630,0.0,0,True,False,master_name_position,,no_actual_weekly_record;actual_score_created_from_missing_record,Info,
2025,14,MillSc01,Scotty Miller,WR,CHI,00-0035298,0.0,0,True,False,pfr_crosswalk_verified,,master_name_conflict;no_actual_weekly_record;actual_score_created_from_missing_record,Info,master_name_conflict
2025,14,HaskHa00,Hassan Haskins,RB,NE,00-0037617,0.0,1,False,False,master_name_position,,crosswalk_fields_disagree,Info,crosswalk_fields_disagree
2025,14,BrooTa00,Tahj Brooks,RB,CIN,00-0040208,0.0,0,True,False,weekly_roster_name_position_team,,no_actual_weekly_record;actual_score_created_from_missing_record,Info,
2025,14,GoodTy00,Tyler Goodson,RB,ATL,00-0037120,0.0,0,True,False,master_name_position,,no_actual_weekly_record;actual_score_created_from_missing_record,Info,
2025,14,LongHu00,Hunter Long,TE,ARI,00-0037004,0.0,0,True,False,master_name_position,,crosswalk_fields_disagree;no_actual_weekly_record;actual_score_created_from_missing_record,Info,crosswalk_fields_disagree
2025,14,HillJu01,Julian Hill,TE,NE,00-0038720,0.0,0,True,False,master_name_position,,crosswalk_fields_disagree;no_actual_weekly_record;actual_score_created_from_missing_record,Info,crosswalk_fields_disagree
2025,14,KallNi00,Nick Kallerup,TE,SEA,00-0040058,0.0,0,True,False,weekly_roster_name_position_team,,no_actual_weekly_record;actual_score_created_from_missing_record,Info,
2025,14,RestXa00,Xavier Restrepo,WR,TEN,00-0040522,0.0,0,True,False,weekly_roster_name_position_team,,no_actual_weekly_record;actual_score_created_from_missing_record,Info,
2025,14,DaviDe01,Derius Davis,WR,LAC,00-0038573,0.0,1,False,False,weekly_stats_name_position_team,,crosswalk_fields_disagree,Info,crosswalk_fields_disagree
2025,15,GainKe00,Kenny Gainwell,RB,TB,00-0036919,19.6,1,False,True,master_name_position,,crosswalk_fields_disagree,Warning,crosswalk_fields_disagree
2025,15,OdunRo00,Rome Odunze,WR,CHI,00-0039919,0.0,0,True,False,weekly_roster_name_position_team,,no_actual_weekly_record;actual_score_created_from_missing_record,Info,
2025,15,MusgLu00,Luke Musgrave,TE,GB,00-0039144,9.2,1,False,True,weekly_stats_name_position_team,,crosswalk_fields_disagree,Warning,crosswalk_fields_disagree
2025,15,WhylJo00,Josh Whyle,TE,GB,00-0038589,0.0,0,True,False,weekly_roster_name_position_team,,no_actual_weekly_record;actual_score_created_from_missing_record,Info,
2025,15,DoubRo00,Romeo Doubs,WR,NE,00-0037816,5.6,1,False,False,master_name_position,,crosswalk_fields_disagree,Info,crosswalk_fields_disagree
2025,15,WatsCh00,Christian Watson,WR,GB,00-0038124,5.9,1,False,True,weekly_stats_name_position_team,,crosswalk_fields_disagree,Warning,crosswalk_fields_disagree
2025,15,MeltBo00,Bo Melton,WR,GB,00-0037091,0.0,1,False,False,weekly_stats_name_position_team,,crosswalk_fields_disagree,Info,crosswalk_fields_disagree
2025,15,ThomDe04,Deven Thompkins,WR,LV,00-0037487,0.0,1,False,False,master_name_position,,crosswalk_fields_disagree,Info,crosswalk_fields_disagree
2025,15,OgunDa00,Dare Ogunbowale,RB,LV,00-0033854,6.4,1,False,False,master_name_position,,crosswalk_fields_disagree,Info,crosswalk_fields_disagree
2025,15,KirkCh00,Christian Kirk,WR,SF,00-0034775,0.0,0,True,False,master_name_position,,crosswalk_fields_disagree;no_actual_weekly_record;actual_score_created_from_missing_record,Info,crosswalk_fields_disagree
2025,15,AlleJo01,Josh Allen,QB,BUF,00-0034857,24.52,1,False,True,weekly_stats_name_position_team,,crosswalk_fields_disagree,Warning,crosswalk_fields_disagree
2025,15,JohnTy00,Ty Johnson,RB,BUF,00-0035537,5.8,1,False,False,weekly_stats_name_position_team,,crosswalk_fields_disagree,Info,crosswalk_fields_disagree
2025,15,ColeKe01,Keon Coleman,WR,BUF,00-0039901,0.0,0,True,False,weekly_roster_name_position_team,,no_actual_weekly_record;actual_score_created_from_missing_record,Info,
2025,15,PalmJo01,Joshua Palmer,WR,BUF,00-0036988,2.6,1,False,False,master_name_position,,master_name_conflict,Info,master_name_conflict
2025,15,ShavTy00,Tyrell Shavers,WR,BUF,00-0038679,0.0,0,True,False,weekly_roster_name_position_team,,no_actual_weekly_record;actual_score_created_from_missing_record,Info,
2025,15,LikeIs00,Isaiah Likely,TE,NYG,00-0037838,0.0,0,True,True,master_name_position,,no_actual_weekly_record;actual_score_created_from_missing_record,Warning,
2025,15,DemeEm00,Emari Demercado,RB,DAL,00-0038705,2.1,1,False,False,master_name_position,,crosswalk_fields_disagree,Info,crosswalk_fields_disagree
2025,15,GibbJa00,Jahmyr Gibbs,RB,DET,00-0039139,9.8,1,False,True,weekly_stats_name_position_team,,crosswalk_fields_disagree,Warning,crosswalk_fields_disagree
2025,15,WillJa09,Jameson Williams,WR,DET,00-0037240,26.4,1,False,True,weekly_stats_name_position_team,,crosswalk_fields_disagree,Warning,crosswalk_fields_disagree
2025,15,EtieTr00,Travis Etienne Jr.,RB,NO,00-0036973,31.5,1,False,True,master_name_position,,crosswalk_fields_disagree,Warning,crosswalk_fields_disagree
2025,15,MundJo00,Johnny Mundt,TE,PHI,00-0033246,0.0,0,True,False,master_name_position,,no_actual_weekly_record;actual_score_created_from_missing_record,Info,
2025,15,ThomBr01,Brian Thomas Jr.,WR,JAX,00-0039893,17.1,1,False,False,weekly_stats_name_position_team,,crosswalk_fields_disagree,Info,crosswalk_fields_disagree
2025,15,PatrTi00,Tim Patrick,WR,NYJ,00-0033375,0.0,0,True,False,master_name_position,,no_actual_weekly_record;actual_score_created_from_missing_record,Info,
2025,15,ParkCo00,Colby Parkinson,TE,LA,00-0036244,24.5,1,False,True,weekly_stats_name_position_team,,crosswalk_fields_disagree,Warning,crosswalk_fields_disagree
2025,15,AlleDa01,Davis Allen,TE,LA,00-0039074,4.6,1,False,False,weekly_stats_name_position_team,,crosswalk_fields_disagree,Info,crosswalk_fields_disagree
2025,15,WalkKe01,Ken Walker III,RB,KC,00-0038134,2.9,1,False,True,manual_override,FBG uses Ken Walker and a stale KC team in the historical export,master_name_conflict,Warning,manual_override_applied;master_name_conflict
2025,15,SmitJa02,Jaxon Smith-Njigba,WR,SEA,00-0038543,18.3,1,False,True,weekly_stats_name_position_team,,crosswalk_fields_disagree,Warning,crosswalk_fields_disagree
2025,15,WhitBl01,Blake Whiteheart,TE,CLE,00-0038710,0.0,0,True,False,weekly_roster_name_position_team,,no_actual_weekly_record;actual_score_created_from_missing_record,Info,
2025,15,CookBr00,Brady Cook,QB,MIA,00-0040398,8.94,1,False,False,master_name_position,,crosswalk_fields_disagree,Info,crosswalk_fields_disagree
2025,15,TaylMa01,Mason Taylor,TE,NYJ,00-0040736,0.0,0,True,False,weekly_roster_name_position_team,,crosswalk_fields_disagree;no_actual_weekly_record;actual_score_created_from_missing_record,Info,crosswalk_fields_disagree
2025,15,BrowAJ00,A.J. Brown,WR,NE,00-0035676,12.1,1,False,True,master_name_position,,crosswalk_fields_disagree,Warning,crosswalk_fields_disagree
2025,15,SmitDe04,DeVonta Smith,WR,PHI,00-0036912,7.0,1,False,True,weekly_stats_name_position_team,,crosswalk_fields_disagree,Warning,crosswalk_fields_disagree
2025,15,DotsJa00,Jahan Dotson,WR,ATL,00-0037741,0.0,0,True,False,master_name_position,,no_actual_weekly_record;actual_score_created_from_missing_record,Info,
2025,15,MayfBa00,Baker Mayfield,QB,TB,00-0034855,19.18,1,False,True,weekly_stats_name_position_team,,crosswalk_fields_disagree,Warning,crosswalk_fields_disagree
2025,15,IrviBu00,Bucky Irving,RB,TB,00-0039361,8.1,1,False,True,weekly_stats_name_position_team,,crosswalk_fields_disagree,Warning,crosswalk_fields_disagree
2025,15,TuckSe00,Sean Tucker,RB,TB,00-0038951,6.7,1,False,False,weekly_stats_name_position_team,,crosswalk_fields_disagree,Info,crosswalk_fields_disagree
2025,15,EgbuEm00,Emeka Egbuka,WR,TB,00-0040129,10.4,1,False,True,weekly_stats_name_position_team,,crosswalk_fields_disagree,Warning,crosswalk_fields_disagree
2025,15,GodwCh00,Chris Godwin Jr.,WR,TB,00-0033921,14.0,1,False,True,weekly_stats_name_position_team,,crosswalk_fields_disagree,Warning,crosswalk_fields_disagree
2025,15,McMiJa00,Jalen McMillan,WR,TB,00-0039855,5.8,1,False,False,weekly_stats_name_position_team,,crosswalk_fields_disagree,Info,crosswalk_fields_disagree
2025,15,FantNo00,Noah Fant,TE,NO,00-0035644,0.0,0,True,False,master_name_position,,crosswalk_fields_disagree;no_actual_weekly_record;actual_score_created_from_missing_record,Info,crosswalk_fields_disagree
2025,15,TinsMi00,Mitch Tinsley,WR,HOU,00-0038839,2.6,1,False,False,master_name_position,,crosswalk_fields_disagree;master_name_conflict,Info,crosswalk_fields_disagree;master_name_conflict
2025,15,MahoPa00,Patrick Mahomes II,QB,KC,00-0033873,13.06,1,False,True,weekly_stats_name_position_team,,crosswalk_fields_disagree,Warning,crosswalk_fields_disagree
2025,15,KelcTr00,Travis Kelce,TE,KC,00-0030506,14.0,1,False,True,weekly_stats_name_position_team,,crosswalk_fields_disagree,Warning,crosswalk_fields_disagree
2025,15,WortXa00,Xavier Worthy,WR,KC,00-0039894,5.5,1,False,False,weekly_stats_name_position_team,,crosswalk_fields_disagree,Info,crosswalk_fields_disagree
2025,15,ThorTy00,Tyquan Thornton,WR,KC,00-0038104,6.7,1,False,False,weekly_stats_name_position_team,,crosswalk_fields_disagree,Info,crosswalk_fields_disagree
2025,15,RiceRa01,Rashee Rice,WR,KC,00-0039067,12.1,1,False,True,weekly_stats_name_position_team,,crosswalk_fields_disagree,Warning,crosswalk_fields_disagree
2025,15,OkonCh00,Chig Okonkwo,TE,WAS,00-0037809,7.3,1,False,True,master_name_position,,crosswalk_fields_disagree,Warning,crosswalk_fields_disagree
2025,15,ShouTy00,Tyler Shough,QB,NO,00-0040743,18.08,1,False,True,weekly_stats_name_position_team,,crosswalk_fields_disagree,Warning,crosswalk_fields_disagree
2025,15,HullEv00,Evan Hull,RB,ARI,00-0038397,1.2,1,False,False,master_name_position,,crosswalk_fields_disagree,Info,crosswalk_fields_disagree
2025,15,NealDe00,Devin Neal,RB,NO,00-0040202,10.2,1,False,True,weekly_stats_name_position_team,,crosswalk_fields_disagree,Warning,crosswalk_fields_disagree
2025,15,MoreFo00,Foster Moreau,TE,HOU,00-0034981,0.0,0,True,False,master_name_position,,no_actual_weekly_record;actual_score_created_from_missing_record,Info,
2025,15,OlavCh00,Chris Olave,WR,NO,00-0037239,20.5,1,False,True,weekly_stats_name_position_team,,crosswalk_fields_disagree,Warning,crosswalk_fields_disagree
2025,15,VeleDe00,Devaughn Vele,WR,NO,00-0039424,11.9,1,False,True,weekly_stats_name_position_team,,crosswalk_fields_disagree,Warning,crosswalk_fields_disagree
2025,15,TiptMa00,Mason Tipton,WR,NO,00-0039623,1.1,1,False,False,weekly_stats_name_position_team,,crosswalk_fields_disagree,Info,crosswalk_fields_disagree
2025,15,OgleAn00,Drew Ogletree,TE,IND,00-0037292,0.0,0,True,False,pfr_crosswalk_verified,,master_name_conflict;no_actual_weekly_record;actual_score_created_from_missing_record,Info,master_name_conflict
2025,15,PrenAd00,Adam Prentice,RB,DEN,00-0036727,0.0,0,True,False,weekly_roster_name_position_team,,no_actual_weekly_record;actual_score_created_from_missing_record,Info,gsis_id_not_in_master
2025,15,McLaJa00,Jaleel McLaughlin,RB,CLE,00-0038794,0.4,1,False,False,master_name_position,,crosswalk_fields_disagree,Info,crosswalk_fields_disagree
2025,15,TrauAd00,Adam Trautman,TE,DEN,00-0036422,0.0,0,True,False,weekly_roster_name_position_team,,no_actual_weekly_record;actual_score_created_from_missing_record,Info,
2025,15,WallDa00,Darren Waller,TE,CAR,00-0031610,25.6,1,False,True,master_name_position,,crosswalk_fields_disagree,Warning,crosswalk_fields_disagree
2025,15,AlleKe00,Keenan Allen,WR,IND,00-0030279,8.6,1,False,True,master_name_position,,crosswalk_fields_disagree,Warning,crosswalk_fields_disagree
2025,15,SamuDe00,Deebo Samuel Sr.,WR,SF,00-0035719,7.3,1,False,True,master_name_position,,crosswalk_fields_disagree,Warning,crosswalk_fields_disagree
2025,15,SandJa00,Ja'Tavion Sanders,TE,CAR,00-0039356,2.5,1,False,False,weekly_stats_name_position_team,,crosswalk_fields_disagree,Info,crosswalk_fields_disagree
2025,15,MayeDr00,Drake Maye,QB,NE,00-0039851,20.5,1,False,True,weekly_stats_name_position_team,,crosswalk_fields_disagree,Warning,crosswalk_fields_disagree
2025,15,HendTr00,TreVeyon Henderson,RB,NE,00-0040734,30.1,1,False,True,weekly_stats_name_position_team,,crosswalk_fields_disagree,Warning,crosswalk_fields_disagree
2025,15,StevRh00,Rhamondre Stevenson,RB,NE,00-0036875,10.7,1,False,True,weekly_stats_name_position_team,,crosswalk_fields_disagree,Warning,crosswalk_fields_disagree
2025,15,HenrHu00,Hunter Henry,TE,NE,00-0033090,2.8,1,False,True,weekly_stats_name_position_team,,crosswalk_fields_disagree,Warning,crosswalk_fields_disagree
2025,15,HoopAu00,Austin Hooper,TE,ATL,00-0032392,0.0,0,True,False,master_name_position,,no_actual_weekly_record;actual_score_created_from_missing_record,Info,
2025,15,DiggSt00,Stefon Diggs,WR,WAS,00-0031588,5.6,1,False,True,master_name_position,,crosswalk_fields_disagree,Warning,crosswalk_fields_disagree
2025,15,DougDe00,DeMario Douglas,WR,NE,00-0038621,0.5,1,False,False,weekly_stats_name_position_team,,crosswalk_fields_disagree,Info,crosswalk_fields_disagree
2025,15,BoutKa00,Kayshon Boutte,WR,HOU,00-0038608,4.0,1,False,False,master_name_position,,crosswalk_fields_disagree,Info,crosswalk_fields_disagree
2025,15,WillKy01,Kyle Williams,WR,NE,00-0040131,0.0,1,False,False,weekly_stats_name_position_team,,crosswalk_fields_disagree,Info,crosswalk_fields_disagree
2025,15,HollMa00,Mack Hollins,WR,NE,00-0033555,8.1,1,False,False,weekly_stats_name_position_team,,crosswalk_fields_disagree,Info,crosswalk_fields_disagree
2025,15,SlayDa00,Darius Slayton,WR,NYG,00-0035535,9.3,1,False,False,weekly_stats_name_position_team,,crosswalk_fields_disagree,Info,crosswalk_fields_disagree
2025,15,McCaCh00,Christian McCaffrey,RB,SF,00-0033280,15.7,1,False,True,weekly_stats_name_position_team,,crosswalk_fields_disagree,Warning,crosswalk_fields_disagree
2025,15,JuszKy00,Kyle Juszczyk,RB,SF,00-0029892,0.0,0,True,False,weekly_roster_name_position_team,,no_actual_weekly_record;actual_score_created_from_missing_record,Info,gsis_id_not_in_master
2025,15,SherTr00,Trent Sherfield,WR,BUF,00-0034487,0.0,0,True,False,master_name_position,,no_actual_weekly_record;actual_score_created_from_missing_record,Info,
2025,15,CartNa00,Nathan Carter,RB,KC,00-0040547,0.0,0,True,False,manual_override,Drafter player crosswalk supplies the GSIS ID,master_name_conflict;no_actual_weekly_record;actual_score_created_from_missing_record,Info,manual_override_applied;master_name_conflict
2025,15,WashCa01,Casey Washington,WR,CAR,00-0039394,0.0,0,True,False,master_name_position,,crosswalk_fields_disagree;no_actual_weekly_record;actual_score_created_from_missing_record,Info,crosswalk_fields_disagree
2025,15,BateRa00,Rashod Bateman,WR,BAL,00-0036550,0.0,0,True,False,weekly_roster_name_position_team,,no_actual_weekly_record;actual_score_created_from_missing_record,Info,
2025,15,WalkDe01,Devontez Walker,WR,BAL,00-0039792,0.0,0,True,False,weekly_roster_name_position_team,,no_actual_weekly_record;actual_score_created_from_missing_record,Info,
2025,15,GillRe00,Reggie Gilliam,RB,NE,00-0036187,0.0,1,False,False,master_name_position,,crosswalk_fields_disagree,Info,crosswalk_fields_disagree
2025,15,SandRa00,Raheim Sanders,RB,CLE,00-0040466,0.0,0,True,False,weekly_roster_name_position_team,,no_actual_weekly_record;actual_score_created_from_missing_record,Info,
2025,15,TillCe00,Cedric Tillman,WR,NO,00-0038979,0.0,0,True,False,manual_override,Top-player gate override because the historical FBG row uses a stale NO team and the master has duplicate Cedric Tillman rows while weekly CLE records identify GSIS 00-0038979,no_actual_weekly_record;actual_score_created_from_missing_record,Info,manual_override_applied
2025,15,BlueJa01,Jaydon Blue,RB,PHI,00-0040586,0.0,0,True,False,master_name_position,,crosswalk_fields_disagree;no_actual_weekly_record;actual_score_created_from_missing_record,Info,crosswalk_fields_disagree
2025,15,BryaPa00,Pat Bryant,WR,DEN,00-0040134,0.0,0,True,False,weekly_roster_name_position_team,,no_actual_weekly_record;actual_score_created_from_missing_record,Info,
2025,15,ReynCr00,Craig Reynolds,RB,WAS,00-0035567,0.0,0,True,False,master_name_position,,crosswalk_fields_disagree;no_actual_weekly_record;actual_score_created_from_missing_record,Info,crosswalk_fields_disagree
2025,15,GoldMa00,Matthew Golden,WR,GB,00-0040667,8.5,1,False,False,weekly_stats_name_position_team,,crosswalk_fields_disagree,Info,crosswalk_fields_disagree
2025,15,AlieMo00,Mo Alie-Cox,TE,IND,00-0033217,0.0,0,True,False,weekly_roster_name_position_team,,no_actual_weekly_record;actual_score_created_from_missing_record,Info,
2025,15,GrayNo00,Noah Gray,TE,KC,00-0036637,0.0,0,True,False,weekly_roster_name_position_team,,crosswalk_fields_disagree;no_actual_weekly_record;actual_score_created_from_missing_record,Info,crosswalk_fields_disagree
2025,15,WileJa00,Jared Wiley,TE,KC,00-0039824,0.0,0,True,False,weekly_roster_name_position_team,,crosswalk_fields_disagree;no_actual_weekly_record;actual_score_created_from_missing_record,Info,crosswalk_fields_disagree
2025,15,HaskHa00,Hassan Haskins,RB,NE,00-0037617,0.0,0,True,False,master_name_position,,crosswalk_fields_disagree;no_actual_weekly_record;actual_score_created_from_missing_record,Info,crosswalk_fields_disagree
2025,15,ConkTy00,Tyler Conklin,TE,DET,00-0034270,0.0,0,True,False,master_name_position,,no_actual_weekly_record;actual_score_created_from_missing_record,Info,
2025,15,AtweTu00,Tutu Atwell,WR,LA,00-0036849,1.9,1,False,False,weekly_stats_name_position_team,,crosswalk_fields_disagree,Info,crosswalk_fields_disagree
2025,15,ThorDo00,Dont'e Thornton Jr.,WR,LV,00-0040581,0.0,0,True,False,weekly_roster_name_position_team,,no_actual_weekly_record;actual_score_created_from_missing_record,Info,
2025,15,IngoAl00,Alec Ingold,RB,LAC,00-0035125,0.0,0,True,False,manual_override,Top-player gate override because the historical FBG row uses a stale LAC team while the weekly roster identifies Alec Ingold as RB 00-0035125 for MIA,no_actual_weekly_record;actual_score_created_from_missing_record,Info,manual_override_applied;gsis_id_not_in_master
2025,15,ScotZa00,Zavier Scott,RB,CHI,00-0038440,0.0,0,True,False,master_name_position,,crosswalk_fields_disagree;no_actual_weekly_record;actual_score_created_from_missing_record,Info,crosswalk_fields_disagree
2025,15,SimsBe00,Ben Sims,TE,MIA,00-0038809,0.0,0,True,False,master_name_position,,no_actual_weekly_record;actual_score_created_from_missing_record,Info,
2025,15,EstiAu00,Audric EstimC),RB,NO,00-0039373,8.0,1,False,False,weekly_stats_name_position_team,,crosswalk_fields_disagree,Info,crosswalk_fields_disagree
2025,15,BeckAn00,Andrew Beck,RB,NYJ,00-0034959,0.0,0,True,False,manual_override,FBG position and team differ from the weekly roster record,no_actual_weekly_record;actual_score_created_from_missing_record,Info,manual_override_applied;gsis_id_not_in_master
2025,15,SmarSt00,Stone Smartt,TE,NO,00-0037475,0.0,1,False,False,master_name_position,,crosswalk_fields_disagree,Info,crosswalk_fields_disagree
2025,15,JohnKa01,Kaleb Johnson,RB,GB,00-0040142,0.4,1,False,False,manual_override,FBG uses JohnKa01 for Kaleb Johnson while the sibling crosswalk uses a different FBG ID,crosswalk_fields_disagree,Info,crosswalk_fields_disagree;manual_override_applied
2025,15,HeywCo00,Connor Heyward,TE,LV,00-0037304,0.0,0,True,False,manual_override,Top-player gate override because the historical FBG row uses a stale LV team while the weekly roster identifies Connor Heyward as TE 00-0037304 for PIT,no_actual_weekly_record;actual_score_created_from_missing_record,Info,manual_override_applied;gsis_id_not_in_master
2025,15,WilsRo02,Roman Wilson,WR,PIT,00-0039739,0.0,0,True,False,weekly_roster_name_position_team,,no_actual_weekly_record;actual_score_created_from_missing_record,Info,
2025,15,ArroEl00,Elijah Arroyo,TE,SEA,00-0040739,0.0,0,True,False,weekly_roster_name_position_team,,no_actual_weekly_record;actual_score_created_from_missing_record,Info,
2025,15,WhitCo01,Cody White,WR,LV,00-0035891,0.0,0,True,False,master_name_position,,crosswalk_fields_disagree;no_actual_weekly_record;actual_score_created_from_missing_record,Info,crosswalk_fields_disagree
2025,15,FarrLu00,Luke Farrell,TE,SF,00-0036887,0.0,0,True,False,weekly_roster_name_position_team,,no_actual_weekly_record;actual_score_created_from_missing_record,Info,
2025,15,TongJa00,Jake Tonges,TE,SF,00-0037112,0.0,0,True,False,weekly_roster_name_position_team,,no_actual_weekly_record;actual_score_created_from_missing_record,Info,
2025,15,DurhPa00,Payne Durham,TE,TB,00-0039050,0.0,0,True,False,weekly_roster_name_position_team,,crosswalk_fields_disagree;no_actual_weekly_record;actual_score_created_from_missing_record,Info,crosswalk_fields_disagree
2025,15,RestXa00,Xavier Restrepo,WR,TEN,00-0040522,0.0,0,True,False,weekly_roster_name_position_team,,no_actual_weekly_record;actual_score_created_from_missing_record,Info,
2025,15,LeoaRi00,Riley Leonard,QB,IND,00-0040206,0.0,0,True,False,weekly_roster_name_position_team,,no_actual_weekly_record;actual_score_created_from_missing_record,Info,
2025,15,RicaPa00,Patrick Ricard,RB,NYG,00-0033376,0.0,0,True,False,master_name_position,,no_actual_weekly_record;actual_score_created_from_missing_record,Info,
2025,15,WoodJe02,Jelani Woods,TE,NYJ,00-0037755,0.0,0,True,False,weekly_roster_name_position_team,,no_actual_weekly_record;actual_score_created_from_missing_record,Info,
2025,15,HillJu01,Julian Hill,TE,NE,00-0038720,4.5,1,False,False,master_name_position,,crosswalk_fields_disagree,Info,crosswalk_fields_disagree
2025,15,OkwuAl00,Albert Okwuegbunam Jr.,TE,LV,00-0036423,0.0,0,True,False,weekly_roster_name_position_team,,no_actual_weekly_record;actual_score_created_from_missing_record,Info,
2025,15,RunyCa00,Carter Runyon,TE,LV,00-0040488,0.0,0,True,False,weekly_roster_name_position_team,,no_actual_weekly_record;actual_score_created_from_missing_record,Info,
2025,15,TonyRo00,Robert Tonyan Jr,TE,PIT,00-0033757,0.0,0,True,False,master_name_position,,no_actual_weekly_record;actual_score_created_from_missing_record,Info,
2025,15,JoneCh00,Charlie Jones,WR,NYG,,,0,False,False,unmatched,,no_unique_gsis_id;no_actual_weekly_record;actual_score_created_from_missing_record,Info,
2025,15,BrowMa05,Hollywood Brown,WR,PHI,00-0035662,0.0,0,True,False,manual_override,FBG uses Hollywood Brown and a stale PHI team in the historical export,master_name_conflict;no_actual_weekly_record;actual_score_created_from_missing_record,Info,manual_override_applied;master_name_conflict
2025,15,LambKe00,Keandre Lambert-Smith,WR,LAC,00-0040184,8.6,1,False,False,weekly_stats_name_position_team,,crosswalk_fields_disagree,Info,crosswalk_fields_disagree
2025,15,JohnTe01,Tez Johnson,WR,TB,00-0040237,0.0,1,False,False,weekly_stats_name_position_team,,crosswalk_fields_disagree,Info,crosswalk_fields_disagree
2025,15,FeltTa00,Tai Felton,WR,MIN,00-0040154,0.0,0,True,False,weekly_roster_name_position_team,,no_actual_weekly_record;actual_score_created_from_missing_record,Info,
2025,15,JoneVe00,Velus Jones Jr,RB,SEA,00-0037745,0.0,0,True,False,manual_override,Top-player gate override because the historical FBG row labels Velus Jones Jr as RB with stale teams while the weekly records identify GSIS 00-0037745 and the master position is WR,crosswalk_fields_disagree;master_position_conflict;no_actual_weekly_record;actual_score_created_from_missing_record,Info,crosswalk_fields_disagree;manual_override_applied;master_position_conflict
2025,15,TreaLa00,Laquon Treadwell,WR,IND,00-0032951,0.0,0,True,False,weekly_roster_name_position_team,,no_actual_weekly_record;actual_score_created_from_missing_record,Info,
2025,15,MillSc01,Scotty Miller,WR,CHI,00-0035298,0.0,0,True,False,pfr_crosswalk_verified,,master_name_conflict;no_actual_weekly_record;actual_score_created_from_missing_record,Info,master_name_conflict
2025,16,GainKe00,Kenny Gainwell,RB,TB,00-0036919,23.8,1,False,True,master_name_position,,crosswalk_fields_disagree,Warning,crosswalk_fields_disagree
2025,16,MusgLu00,Luke Musgrave,TE,GB,00-0039144,6.8,1,False,False,weekly_stats_name_position_team,,crosswalk_fields_disagree,Info,crosswalk_fields_disagree
2025,16,GoldMa00,Matthew Golden,WR,GB,00-0040667,0.4,1,False,False,weekly_stats_name_position_team,,crosswalk_fields_disagree,Info,crosswalk_fields_disagree
2025,16,DoubRo00,Romeo Doubs,WR,NE,00-0037816,19.4,1,False,False,master_name_position,,crosswalk_fields_disagree,Info,crosswalk_fields_disagree
2025,16,WatsCh00,Christian Watson,WR,GB,00-0038124,3.7,1,False,True,weekly_stats_name_position_team,,crosswalk_fields_disagree,Warning,crosswalk_fields_disagree
2025,16,MeltBo00,Bo Melton,WR,GB,00-0037091,0.0,1,False,False,weekly_stats_name_position_team,,crosswalk_fields_disagree,Info,crosswalk_fields_disagree
2025,16,OgunDa00,Dare Ogunbowale,RB,LV,00-0033854,0.9,1,False,False,master_name_position,,crosswalk_fields_disagree,Info,crosswalk_fields_disagree
2025,16,KirkCh00,Christian Kirk,WR,SF,00-0034775,6.7,1,False,False,master_name_position,,crosswalk_fields_disagree,Info,crosswalk_fields_disagree
2025,16,AlleJo01,Josh Allen,QB,BUF,00-0034857,6.9,1,False,True,weekly_stats_name_position_team,,crosswalk_fields_disagree,Warning,crosswalk_fields_disagree
2025,16,JohnTy00,Ty Johnson,RB,BUF,00-0035537,7.6,1,False,False,weekly_stats_name_position_team,,crosswalk_fields_disagree,Info,crosswalk_fields_disagree
2025,16,PalmJo01,Joshua Palmer,WR,BUF,00-0036988,1.2,1,False,False,master_name_position,,master_name_conflict,Info,master_name_conflict
2025,16,DemeEm00,Emari Demercado,RB,DAL,00-0038705,3.0,1,False,False,master_name_position,,crosswalk_fields_disagree,Info,crosswalk_fields_disagree
2025,16,HarrMa05,Marvin Harrison Jr.,WR,ARI,00-0039849,2.4,1,False,True,weekly_stats_name_position_team,,crosswalk_fields_disagree,Warning,crosswalk_fields_disagree
2025,16,GibbJa00,Jahmyr Gibbs,RB,DET,00-0039139,22.8,1,False,True,weekly_stats_name_position_team,,crosswalk_fields_disagree,Warning,crosswalk_fields_disagree
2025,16,WillJa09,Jameson Williams,WR,DET,00-0037240,12.0,1,False,True,weekly_stats_name_position_team,,crosswalk_fields_disagree,Warning,crosswalk_fields_disagree
2025,16,EtieTr00,Travis Etienne Jr.,RB,NO,00-0036973,16.6,1,False,True,master_name_position,,crosswalk_fields_disagree,Warning,crosswalk_fields_disagree
2025,16,MundJo00,Johnny Mundt,TE,PHI,00-0033246,0.0,0,True,False,master_name_position,,no_actual_weekly_record;actual_score_created_from_missing_record,Info,
2025,16,ThomBr01,Brian Thomas Jr.,WR,JAX,00-0039893,3.8,1,False,True,weekly_stats_name_position_team,,crosswalk_fields_disagree,Warning,crosswalk_fields_disagree
2025,16,ParkCo00,Colby Parkinson,TE,LA,00-0036244,4.1,1,False,True,weekly_stats_name_position_team,,crosswalk_fields_disagree,Warning,crosswalk_fields_disagree
2025,16,AlleDa01,Davis Allen,TE,LA,00-0039074,5.4,1,False,False,weekly_stats_name_position_team,,crosswalk_fields_disagree,Info,crosswalk_fields_disagree
2025,16,WalkKe01,Ken Walker III,RB,KC,00-0038134,25.4,1,False,True,manual_override,FBG uses Ken Walker and a stale KC team in the historical export,master_name_conflict,Warning,manual_override_applied;master_name_conflict
2025,16,SmitJa02,Jaxon Smith-Njigba,WR,SEA,00-0038543,23.6,1,False,True,weekly_stats_name_position_team,,crosswalk_fields_disagree,Warning,crosswalk_fields_disagree
2025,16,CookBr00,Brady Cook,QB,MIA,00-0040398,3.72,1,False,True,master_name_position,,crosswalk_fields_disagree,Warning,crosswalk_fields_disagree
2025,16,BrowAJ00,A.J. Brown,WR,NE,00-0035676,18.5,1,False,True,master_name_position,,crosswalk_fields_disagree,Warning,crosswalk_fields_disagree
2025,16,SmitDe04,DeVonta Smith,WR,PHI,00-0036912,16.2,1,False,True,weekly_stats_name_position_team,,crosswalk_fields_disagree,Warning,crosswalk_fields_disagree
2025,16,MayfBa00,Baker Mayfield,QB,TB,00-0034855,12.7,1,False,True,weekly_stats_name_position_team,,crosswalk_fields_disagree,Warning,crosswalk_fields_disagree
2025,16,IrviBu00,Bucky Irving,RB,TB,00-0039361,7.1,1,False,True,weekly_stats_name_position_team,,crosswalk_fields_disagree,Warning,crosswalk_fields_disagree
2025,16,TuckSe00,Sean Tucker,RB,TB,00-0038951,6.3,1,False,False,weekly_stats_name_position_team,,crosswalk_fields_disagree,Info,crosswalk_fields_disagree
2025,16,OttoCa00,Cade Otton,TE,TB,00-0038129,3.5,1,False,False,weekly_stats_name_position_team,,crosswalk_fields_disagree,Info,crosswalk_fields_disagree
2025,16,EgbuEm00,Emeka Egbuka,WR,TB,00-0040129,5.0,1,False,True,weekly_stats_name_position_team,,crosswalk_fields_disagree,Warning,crosswalk_fields_disagree
2025,16,GodwCh00,Chris Godwin Jr.,WR,TB,00-0033921,8.0,1,False,False,weekly_stats_name_position_team,,crosswalk_fields_disagree,Info,crosswalk_fields_disagree
2025,16,McMiJa00,Jalen McMillan,WR,TB,00-0039855,3.6,1,False,False,weekly_stats_name_position_team,,crosswalk_fields_disagree,Info,crosswalk_fields_disagree
2025,16,SchoLu00,Luke Schoonmaker,TE,DAL,00-0038547,0.0,0,True,False,weekly_roster_name_position_team,,no_actual_weekly_record;actual_score_created_from_missing_record,Info,
2025,16,KelcTr00,Travis Kelce,TE,KC,00-0030506,1.6,1,False,True,weekly_stats_name_position_team,,crosswalk_fields_disagree,Warning,crosswalk_fields_disagree
2025,16,WortXa00,Xavier Worthy,WR,KC,00-0039894,6.1,1,False,True,weekly_stats_name_position_team,,crosswalk_fields_disagree,Warning,crosswalk_fields_disagree
2025,16,ThorTy00,Tyquan Thornton,WR,KC,00-0038104,0.0,0,True,False,weekly_roster_name_position_team,,crosswalk_fields_disagree;no_actual_weekly_record;actual_score_created_from_missing_record,Info,crosswalk_fields_disagree
2025,16,OkonCh00,Chig Okonkwo,TE,WAS,00-0037809,16.4,1,False,True,master_name_position,,crosswalk_fields_disagree,Warning,crosswalk_fields_disagree
2025,16,ShouTy00,Tyler Shough,QB,NO,00-0040743,17.12,1,False,True,weekly_stats_name_position_team,,crosswalk_fields_disagree,Warning,crosswalk_fields_disagree
2025,16,HullEv00,Evan Hull,RB,ARI,00-0038397,0.3,1,False,False,master_name_position,,crosswalk_fields_disagree,Info,crosswalk_fields_disagree
2025,16,EstiAu00,Audric EstimC),RB,NO,00-0039373,6.6,1,False,True,weekly_stats_name_position_team,,crosswalk_fields_disagree,Warning,crosswalk_fields_disagree
2025,16,OlavCh00,Chris Olave,WR,NO,00-0037239,36.8,1,False,True,weekly_stats_name_position_team,,crosswalk_fields_disagree,Warning,crosswalk_fields_disagree
2025,16,AustKe00,Kevin Austin Jr,WR,NO,00-0037231,3.8,1,False,False,weekly_stats_name_position_team,,crosswalk_fields_disagree,Info,crosswalk_fields_disagree
2025,16,TiptMa00,Mason Tipton,WR,NO,00-0039623,8.1,1,False,False,weekly_stats_name_position_team,,crosswalk_fields_disagree,Info,crosswalk_fields_disagree
2025,16,PrenAd00,Adam Prentice,RB,DEN,00-0036727,0.0,0,True,False,weekly_roster_name_position_team,,no_actual_weekly_record;actual_score_created_from_missing_record,Info,gsis_id_not_in_master
2025,16,McLaJa00,Jaleel McLaughlin,RB,CLE,00-0038794,3.7,1,False,False,master_name_position,,crosswalk_fields_disagree,Info,crosswalk_fields_disagree
2025,16,EwerQu00,Quinn Ewers,QB,JAX,00-0040234,6.9,1,False,True,master_name_position,,crosswalk_fields_disagree,Warning,crosswalk_fields_disagree
2025,16,WallDa00,Darren Waller,TE,CAR,00-0031610,7.0,1,False,True,master_name_position,,crosswalk_fields_disagree,Warning,crosswalk_fields_disagree
2025,16,HillJu01,Julian Hill,TE,NE,00-0038720,0.0,0,True,False,master_name_position,,crosswalk_fields_disagree;no_actual_weekly_record;actual_score_created_from_missing_record,Info,crosswalk_fields_disagree
2025,16,AlleKe00,Keenan Allen,WR,IND,00-0030279,9.4,1,False,True,master_name_position,,crosswalk_fields_disagree,Warning,crosswalk_fields_disagree
2025,16,JohnQu01,Quentin Johnston,WR,LAC,00-0038544,20.4,1,False,False,weekly_stats_name_position_team,,crosswalk_fields_disagree,Info,crosswalk_fields_disagree
2025,16,SamuDe00,Deebo Samuel Sr.,WR,SF,00-0035719,6.5,1,False,True,master_name_position,,crosswalk_fields_disagree,Warning,crosswalk_fields_disagree
2025,16,SandJa00,Ja'Tavion Sanders,TE,CAR,00-0039356,8.9,1,False,False,weekly_stats_name_position_team,,crosswalk_fields_disagree,Info,crosswalk_fields_disagree
2025,16,MayeDr00,Drake Maye,QB,NE,00-0039851,23.7,1,False,True,weekly_stats_name_position_team,,crosswalk_fields_disagree,Warning,crosswalk_fields_disagree
2025,16,HendTr00,TreVeyon Henderson,RB,NE,00-0040734,2.2,1,False,True,weekly_stats_name_position_team,,crosswalk_fields_disagree,Warning,crosswalk_fields_disagree
2025,16,StevRh00,Rhamondre Stevenson,RB,NE,00-0036875,17.8,1,False,True,weekly_stats_name_position_team,,crosswalk_fields_disagree,Warning,crosswalk_fields_disagree
2025,16,HenrHu00,Hunter Henry,TE,NE,00-0033090,15.5,1,False,True,weekly_stats_name_position_team,,crosswalk_fields_disagree,Warning,crosswalk_fields_disagree
2025,16,DiggSt00,Stefon Diggs,WR,WAS,00-0031588,22.8,1,False,False,master_name_position,,crosswalk_fields_disagree,Info,crosswalk_fields_disagree
2025,16,DougDe00,DeMario Douglas,WR,NE,00-0038621,1.6,1,False,False,weekly_stats_name_position_team,,crosswalk_fields_disagree,Info,crosswalk_fields_disagree
2025,16,BoutKa00,Kayshon Boutte,WR,HOU,00-0038608,2.6,1,False,False,master_name_position,,crosswalk_fields_disagree,Info,crosswalk_fields_disagree
2025,16,WillKy01,Kyle Williams,WR,NE,00-0040131,12.6,1,False,False,weekly_stats_name_position_team,,crosswalk_fields_disagree,Info,crosswalk_fields_disagree
2025,16,HollMa00,Mack Hollins,WR,NE,00-0033555,13.9,1,False,True,weekly_stats_name_position_team,,crosswalk_fields_disagree,Warning,crosswalk_fields_disagree
2025,16,BellDa03,Daniel Bellinger,TE,TEN,00-0038115,0.0,0,True,False,master_name_position,,no_actual_weekly_record;actual_score_created_from_missing_record,Info,
2025,16,SlayDa00,Darius Slayton,WR,NYG,00-0035535,1.8,1,False,False,weekly_stats_name_position_team,,crosswalk_fields_disagree,Info,crosswalk_fields_disagree
2025,16,McCaCh00,Christian McCaffrey,RB,SF,00-0033280,32.6,1,False,True,weekly_stats_name_position_team,,crosswalk_fields_disagree,Warning,crosswalk_fields_disagree
2025,16,JuszKy00,Kyle Juszczyk,RB,SF,00-0029892,0.0,0,True,False,weekly_roster_name_position_team,,no_actual_weekly_record;actual_score_created_from_missing_record,Info,gsis_id_not_in_master
2025,16,ScotZa00,Zavier Scott,RB,CHI,00-0038440,2.2,1,False,False,master_name_position,,crosswalk_fields_disagree,Info,crosswalk_fields_disagree
2025,16,KineCo00,Corey Kiner,RB,NE,00-0040556,3.2,1,False,False,master_name_position,,crosswalk_fields_disagree,Info,crosswalk_fields_disagree
2025,16,IngoAl00,Alec Ingold,RB,LAC,00-0035125,0.0,0,True,False,manual_override,Top-player gate override because the historical FBG row uses a stale LAC team while the weekly roster identifies Alec Ingold as RB 00-0035125 for MIA,no_actual_weekly_record;actual_score_created_from_missing_record,Info,manual_override_applied;gsis_id_not_in_master
2025,16,BrowBr02,Brittain Brown,RB,CHI,00-0037329,0.0,0,True,False,weekly_roster_name_position_team,,crosswalk_fields_disagree;no_actual_weekly_record;actual_score_created_from_missing_record,Info,crosswalk_fields_disagree
2025,16,WrigJa05,Jacardia Wright,RB,SEA,00-0040067,0.0,0,True,False,weekly_roster_name_position_team,,no_actual_weekly_record;actual_score_created_from_missing_record,Info,
2025,16,GrayNo00,Noah Gray,TE,KC,00-0036637,0.0,1,False,False,weekly_stats_name_position_team,,crosswalk_fields_disagree,Info,crosswalk_fields_disagree
2025,16,CalcGr00,Grant Calcaterra,TE,PHI,00-0037086,0.0,0,True,False,weekly_roster_name_position_team,,no_actual_weekly_record;actual_score_created_from_missing_record,Info,
2025,16,BrowPh00,Pharaoh Brown,TE,IND,00-0033439,0.0,0,True,False,master_name_position,,crosswalk_fields_disagree;no_actual_weekly_record;actual_score_created_from_missing_record,Info,crosswalk_fields_disagree
2025,16,DurhPa00,Payne Durham,TE,TB,00-0039050,0.0,0,True,False,weekly_roster_name_position_team,,crosswalk_fields_disagree;no_actual_weekly_record;actual_score_created_from_missing_record,Info,crosswalk_fields_disagree
2025,16,HeywCo00,Connor Heyward,TE,LV,00-0037304,0.0,0,True,False,manual_override,Top-player gate override because the historical FBG row uses a stale LV team while the weekly roster identifies Connor Heyward as TE 00-0037304 for PIT,no_actual_weekly_record;actual_score_created_from_missing_record,Info,manual_override_applied;gsis_id_not_in_master
2025,16,SmytDu00,Durham Smythe,TE,BAL,00-0034798,0.0,0,True,False,master_name_position,,no_actual_weekly_record;actual_score_created_from_missing_record,Info,
2025,16,BurdLu00,Luther Burden III,WR,CHI,00-0040735,0.0,0,True,False,weekly_roster_name_position_team,,no_actual_weekly_record;actual_score_created_from_missing_record,Info,
2025,16,AtweTu00,Tutu Atwell,WR,LA,00-0036849,0.0,0,True,False,weekly_roster_name_position_team,,crosswalk_fields_disagree;no_actual_weekly_record;actual_score_created_from_missing_record,Info,crosswalk_fields_disagree
2025,16,RestXa00,Xavier Restrepo,WR,TEN,00-0040522,0.0,0,True,False,weekly_roster_name_position_team,,no_actual_weekly_record;actual_score_created_from_missing_record,Info,
2025,16,ThraJa01,Jamari Thrash,WR,CLE,00-0039379,0.0,0,True,False,weekly_roster_name_position_team,,no_actual_weekly_record;actual_score_created_from_missing_record,Info,
2025,16,BandMi00,Michael Bandy,WR,DEN,00-0036959,0.0,0,True,False,weekly_roster_name_position_team,,no_actual_weekly_record;actual_score_created_from_missing_record,Info,
2025,16,RemiNi00,Nikko Remigio,WR,KC,00-0038519,0.0,1,False,False,weekly_stats_name_position_team,,crosswalk_fields_disagree,Info,crosswalk_fields_disagree
2025,16,ThorDo00,Dont'e Thornton Jr.,WR,LV,00-0040581,0.0,0,True,False,weekly_roster_name_position_team,,no_actual_weekly_record;actual_score_created_from_missing_record,Info,
2025,16,BrowDy00,Dyami Brown,WR,WAS,00-0036626,0.0,0,True,False,master_name_position,,no_actual_weekly_record;actual_score_created_from_missing_record,Info,
2025,16,WhitCo01,Cody White,WR,LV,00-0035891,0.0,1,False,False,master_name_position,,crosswalk_fields_disagree,Info,crosswalk_fields_disagree
2025,16,JohnTe01,Tez Johnson,WR,TB,00-0040237,0.9,1,False,False,weekly_stats_name_position_team,,crosswalk_fields_disagree,Info,crosswalk_fields_disagree
2025,16,LambKe00,Keandre Lambert-Smith,WR,LAC,00-0040184,2.0,1,False,False,weekly_stats_name_position_team,,crosswalk_fields_disagree,Info,crosswalk_fields_disagree
2025,16,CoopDa00,Darius Cooper,WR,PHI,00-0040024,0.0,0,True,False,weekly_roster_name_position_team,,no_actual_weekly_record;actual_score_created_from_missing_record,Info,
2025,16,TinsMi00,Mitch Tinsley,WR,HOU,00-0038839,0.0,1,False,False,master_name_position,,crosswalk_fields_disagree;master_name_conflict,Info,crosswalk_fields_disagree;master_name_conflict
2025,16,DrumDy00,Dylan Drummond,WR,ATL,00-0038953,0.0,0,True,False,weekly_roster_name_position_team,,no_actual_weekly_record;actual_score_created_from_missing_record,Info,
2025,16,BrowMa05,Hollywood Brown,WR,PHI,00-0035662,5.2,1,False,False,manual_override,FBG uses Hollywood Brown and a stale PHI team in the historical export,master_name_conflict,Info,manual_override_applied;master_name_conflict
2025,16,RicaPa00,Patrick Ricard,RB,NYG,00-0033376,0.0,0,True,False,master_name_position,,no_actual_weekly_record;actual_score_created_from_missing_record,Info,
2025,16,GillRe00,Reggie Gilliam,RB,NE,00-0036187,0.0,0,True,False,master_name_position,,crosswalk_fields_disagree;no_actual_weekly_record;actual_score_created_from_missing_record,Info,crosswalk_fields_disagree
2025,16,VakiSi99,Sione Vaki,RB,DET,00-0039364,0.0,0,True,False,weekly_roster_name_position_team,,no_actual_weekly_record;actual_score_created_from_missing_record,Info,
2025,16,BeckAn00,Andrew Beck,RB,NYJ,00-0034959,0.0,0,True,False,manual_override,FBG position and team differ from the weekly roster record,no_actual_weekly_record;actual_score_created_from_missing_record,Info,manual_override_applied;gsis_id_not_in_master
2025,16,WhitBl01,Blake Whiteheart,TE,CLE,00-0038710,0.0,0,True,False,weekly_roster_name_position_team,,no_actual_weekly_record;actual_score_created_from_missing_record,Info,
2025,16,GranCa00,Cam Grandy,TE,MIN,00-0039631,1.1,1,False,False,master_name_position,,crosswalk_fields_disagree,Info,crosswalk_fields_disagree
2025,16,SmarSt00,Stone Smartt,TE,NO,00-0037475,8.4,1,False,False,master_name_position,,crosswalk_fields_disagree,Info,crosswalk_fields_disagree
2025,16,OgleAn00,Drew Ogletree,TE,IND,00-0037292,2.1,1,False,False,pfr_crosswalk_verified,,master_name_conflict,Info,master_name_conflict
2025,16,SimsBe00,Ben Sims,TE,MIA,00-0038809,0.0,0,True,False,master_name_position,,no_actual_weekly_record;actual_score_created_from_missing_record,Info,
2025,16,MoorSk00,Skyy Moore,WR,GB,00-0038090,3.3,1,False,False,master_name_position,,crosswalk_fields_disagree,Info,crosswalk_fields_disagree
2025,16,WillSa00,Savion Williams,WR,GB,00-0040009,0.9,1,False,False,weekly_stats_name_position_team,,crosswalk_fields_disagree,Info,crosswalk_fields_disagree
2025,16,TreaLa00,Laquon Treadwell,WR,IND,00-0032951,0.0,0,True,False,weekly_roster_name_position_team,,no_actual_weekly_record;actual_score_created_from_missing_record,Info,
2025,16,JoneVe00,Velus Jones Jr,RB,SEA,00-0037745,0.0,0,True,False,manual_override,Top-player gate override because the historical FBG row labels Velus Jones Jr as RB with stale teams while the weekly records identify GSIS 00-0037745 and the master position is WR,crosswalk_fields_disagree;master_position_conflict;no_actual_weekly_record;actual_score_created_from_missing_record,Info,crosswalk_fields_disagree;manual_override_applied;master_position_conflict
2025,16,SherTr00,Trent Sherfield,WR,BUF,00-0034487,0.0,0,True,False,master_name_position,,no_actual_weekly_record;actual_score_created_from_missing_record,Info,
2025,17,GainKe00,Kenny Gainwell,RB,TB,00-0036919,6.8,1,False,True,master_name_position,,crosswalk_fields_disagree,Warning,crosswalk_fields_disagree
2025,17,MillSc01,Scotty Miller,WR,CHI,00-0035298,5.5,1,False,False,pfr_crosswalk_verified,,master_name_conflict,Info,master_name_conflict
2025,17,MusgLu00,Luke Musgrave,TE,GB,00-0039144,0.0,0,True,False,weekly_roster_name_position_team,,crosswalk_fields_disagree;no_actual_weekly_record;actual_score_created_from_missing_record,Info,crosswalk_fields_disagree
2025,17,GoldMa00,Matthew Golden,WR,GB,00-0040667,2.2,1,False,False,weekly_stats_name_position_team,,crosswalk_fields_disagree,Info,crosswalk_fields_disagree
2025,17,DoubRo00,Romeo Doubs,WR,NE,00-0037816,9.2,1,False,False,master_name_position,,crosswalk_fields_disagree,Info,crosswalk_fields_disagree
2025,17,WatsCh00,Christian Watson,WR,GB,00-0038124,22.3,1,False,False,weekly_stats_name_position_team,,crosswalk_fields_disagree,Info,crosswalk_fields_disagree
2025,17,ScotZa00,Zavier Scott,RB,CHI,00-0038440,0.0,1,False,False,master_name_position,,crosswalk_fields_disagree,Info,crosswalk_fields_disagree
2025,17,FeltTa00,Tai Felton,WR,MIN,00-0040154,0.0,0,True,False,weekly_roster_name_position_team,,no_actual_weekly_record;actual_score_created_from_missing_record,Info,
2025,17,StovCa00,Cade Stover,TE,HOU,00-0039359,0.0,0,True,False,weekly_roster_name_position_team,,no_actual_weekly_record;actual_score_created_from_missing_record,Info,
2025,17,KirkCh00,Christian Kirk,WR,SF,00-0034775,2.1,1,False,False,master_name_position,,crosswalk_fields_disagree,Info,crosswalk_fields_disagree
2025,17,AlleJo01,Josh Allen,QB,BUF,00-0034857,23.18,1,False,True,weekly_stats_name_position_team,,crosswalk_fields_disagree,Warning,crosswalk_fields_disagree
2025,17,JohnTy00,Ty Johnson,RB,BUF,00-0035537,7.8,1,False,False,weekly_stats_name_position_team,,crosswalk_fields_disagree,Info,crosswalk_fields_disagree
2025,17,HaweJa00,Jackson Hawes,TE,BUF,00-0040194,0.0,0,True,False,weekly_roster_name_position_team,,no_actual_weekly_record;actual_score_created_from_missing_record,Info,
2025,17,PalmJo01,Joshua Palmer,WR,BUF,00-0036988,2.2,1,False,False,master_name_position,,master_name_conflict,Info,master_name_conflict
2025,17,DemeEm00,Emari Demercado,RB,DAL,00-0038705,4.0,1,False,False,master_name_position,,crosswalk_fields_disagree,Info,crosswalk_fields_disagree
2025,17,HarrMa05,Marvin Harrison Jr.,WR,ARI,00-0039849,0.0,1,False,False,weekly_stats_name_position_team,,crosswalk_fields_disagree,Info,crosswalk_fields_disagree
2025,17,GibbJa00,Jahmyr Gibbs,RB,DET,00-0039139,6.4,1,False,True,weekly_stats_name_position_team,,crosswalk_fields_disagree,Warning,crosswalk_fields_disagree
2025,17,WillJa09,Jameson Williams,WR,DET,00-0037240,5.7,1,False,True,weekly_stats_name_position_team,,crosswalk_fields_disagree,Warning,crosswalk_fields_disagree
2025,17,EtieTr00,Travis Etienne Jr.,RB,NO,00-0036973,11.2,1,False,True,master_name_position,,crosswalk_fields_disagree,Warning,crosswalk_fields_disagree
2025,17,ThomBr01,Brian Thomas Jr.,WR,JAX,00-0039893,7.9,1,False,False,weekly_stats_name_position_team,,crosswalk_fields_disagree,Info,crosswalk_fields_disagree
2025,17,ParkCo00,Colby Parkinson,TE,LA,00-0036244,11.3,1,False,True,weekly_stats_name_position_team,,crosswalk_fields_disagree,Warning,crosswalk_fields_disagree
2025,17,AlleDa01,Davis Allen,TE,LA,00-0039074,0.0,0,True,False,weekly_roster_name_position_team,,crosswalk_fields_disagree;no_actual_weekly_record;actual_score_created_from_missing_record,Info,crosswalk_fields_disagree
2025,17,WalkKe01,Ken Walker III,RB,KC,00-0038134,7.7,1,False,True,manual_override,FBG uses Ken Walker and a stale KC team in the historical export,master_name_conflict,Warning,manual_override_applied;master_name_conflict
2025,17,SmitJa02,Jaxon Smith-Njigba,WR,SEA,00-0038543,16.2,1,False,True,weekly_stats_name_position_team,,crosswalk_fields_disagree,Warning,crosswalk_fields_disagree
2025,17,CookBr00,Brady Cook,QB,MIA,00-0040398,4.18,1,False,True,master_name_position,,crosswalk_fields_disagree,Warning,crosswalk_fields_disagree
2025,17,SmarSt00,Stone Smartt,TE,NO,00-0037475,3.8,1,False,False,master_name_position,,crosswalk_fields_disagree,Info,crosswalk_fields_disagree
2025,17,BrowAJ00,A.J. Brown,WR,NE,00-0035676,11.8,1,False,True,master_name_position,,crosswalk_fields_disagree,Warning,crosswalk_fields_disagree
2025,17,SmitDe04,DeVonta Smith,WR,PHI,00-0036912,4.5,1,False,True,weekly_stats_name_position_team,,crosswalk_fields_disagree,Warning,crosswalk_fields_disagree
2025,17,MayfBa00,Baker Mayfield,QB,TB,00-0034855,17.44,1,False,True,weekly_stats_name_position_team,,crosswalk_fields_disagree,Warning,crosswalk_fields_disagree
2025,17,IrviBu00,Bucky Irving,RB,TB,00-0039361,8.3,1,False,True,weekly_stats_name_position_team,,crosswalk_fields_disagree,Warning,crosswalk_fields_disagree
2025,17,TuckSe00,Sean Tucker,RB,TB,00-0038951,0.8,1,False,False,weekly_stats_name_position_team,,crosswalk_fields_disagree,Info,crosswalk_fields_disagree
2025,17,OttoCa00,Cade Otton,TE,TB,00-0038129,7.3,1,False,True,weekly_stats_name_position_team,,crosswalk_fields_disagree,Warning,crosswalk_fields_disagree
2025,17,EgbuEm00,Emeka Egbuka,WR,TB,00-0040129,5.0,1,False,True,weekly_stats_name_position_team,,crosswalk_fields_disagree,Warning,crosswalk_fields_disagree
2025,17,GodwCh00,Chris Godwin Jr.,WR,TB,00-0033921,23.8,1,False,True,weekly_stats_name_position_team,,crosswalk_fields_disagree,Warning,crosswalk_fields_disagree
2025,17,McMiJa00,Jalen McMillan,WR,TB,00-0039855,18.4,1,False,False,weekly_stats_name_position_team,,crosswalk_fields_disagree,Info,crosswalk_fields_disagree
2025,17,OladCh00,Chris Oladokun,QB,KC,00-0037324,7.74,1,False,True,weekly_stats_name_position_team,,crosswalk_fields_disagree,Warning,crosswalk_fields_disagree
2025,17,KelcTr00,Travis Kelce,TE,KC,00-0030506,8.6,1,False,True,weekly_stats_name_position_team,,crosswalk_fields_disagree,Warning,crosswalk_fields_disagree
2025,17,WortXa00,Xavier Worthy,WR,KC,00-0039894,0.1,1,False,True,weekly_stats_name_position_team,,crosswalk_fields_disagree,Warning,crosswalk_fields_disagree
2025,17,BrowMa05,Hollywood Brown,WR,PHI,00-0035662,1.7,1,False,False,manual_override,FBG uses Hollywood Brown and a stale PHI team in the historical export,master_name_conflict,Info,manual_override_applied;master_name_conflict
2025,17,OkonCh00,Chig Okonkwo,TE,WAS,00-0037809,14.5,1,False,True,master_name_position,,crosswalk_fields_disagree,Warning,crosswalk_fields_disagree
2025,17,ShouTy00,Tyler Shough,QB,NO,00-0040743,21.92,1,False,True,weekly_stats_name_position_team,,crosswalk_fields_disagree,Warning,crosswalk_fields_disagree
2025,17,HullEv00,Evan Hull,RB,ARI,00-0038397,0.3,1,False,False,master_name_position,,crosswalk_fields_disagree,Info,crosswalk_fields_disagree
2025,17,EstiAu00,Audric EstimC),RB,NO,00-0039373,16.8,1,False,True,weekly_stats_name_position_team,,crosswalk_fields_disagree,Warning,crosswalk_fields_disagree
2025,17,OlavCh00,Chris Olave,WR,NO,00-0037239,25.9,1,False,True,weekly_stats_name_position_team,,crosswalk_fields_disagree,Warning,crosswalk_fields_disagree
2025,17,AustKe00,Kevin Austin Jr,WR,NO,00-0037231,15.2,1,False,False,weekly_stats_name_position_team,,crosswalk_fields_disagree,Info,crosswalk_fields_disagree
2025,17,TiptMa00,Mason Tipton,WR,NO,00-0039623,0.0,0,True,False,weekly_roster_name_position_team,,crosswalk_fields_disagree;no_actual_weekly_record;actual_score_created_from_missing_record,Info,crosswalk_fields_disagree
2025,17,McLaJa00,Jaleel McLaughlin,RB,CLE,00-0038794,4.0,1,False,False,master_name_position,,crosswalk_fields_disagree,Info,crosswalk_fields_disagree
2025,17,EwerQu00,Quinn Ewers,QB,JAX,00-0040234,15.78,1,False,True,master_name_position,,crosswalk_fields_disagree,Warning,crosswalk_fields_disagree
2025,17,WallDa00,Darren Waller,TE,CAR,00-0031610,1.0,1,False,True,master_name_position,,crosswalk_fields_disagree,Warning,crosswalk_fields_disagree
2025,17,HaskHa00,Hassan Haskins,RB,NE,00-0037617,0.0,1,False,False,master_name_position,,crosswalk_fields_disagree,Info,crosswalk_fields_disagree
2025,17,AlleKe00,Keenan Allen,WR,IND,00-0030279,2.7,1,False,False,master_name_position,,crosswalk_fields_disagree,Info,crosswalk_fields_disagree
2025,17,JohnQu01,Quentin Johnston,WR,LAC,00-0038544,14.8,1,False,False,weekly_stats_name_position_team,,crosswalk_fields_disagree,Info,crosswalk_fields_disagree
2025,17,LambKe00,Keandre Lambert-Smith,WR,LAC,00-0040184,0.0,1,False,False,weekly_stats_name_position_team,,crosswalk_fields_disagree,Info,crosswalk_fields_disagree
2025,17,SamuDe00,Deebo Samuel Sr.,WR,SF,00-0035719,11.3,1,False,True,master_name_position,,crosswalk_fields_disagree,Warning,crosswalk_fields_disagree
2025,17,SandJa00,Ja'Tavion Sanders,TE,CAR,00-0039356,0.0,0,True,False,weekly_roster_name_position_team,,crosswalk_fields_disagree;no_actual_weekly_record;actual_score_created_from_missing_record,Info,crosswalk_fields_disagree
2025,17,MayeDr00,Drake Maye,QB,NE,00-0039851,32.44,1,False,True,weekly_stats_name_position_team,,crosswalk_fields_disagree,Warning,crosswalk_fields_disagree
2025,17,HendTr00,TreVeyon Henderson,RB,NE,00-0040734,8.2,1,False,True,weekly_stats_name_position_team,,crosswalk_fields_disagree,Warning,crosswalk_fields_disagree
2025,17,StevRh00,Rhamondre Stevenson,RB,NE,00-0036875,27.2,1,False,True,weekly_stats_name_position_team,,crosswalk_fields_disagree,Warning,crosswalk_fields_disagree
2025,17,HenrHu00,Hunter Henry,TE,NE,00-0033090,13.9,1,False,True,weekly_stats_name_position_team,,crosswalk_fields_disagree,Warning,crosswalk_fields_disagree
2025,17,DiggSt00,Stefon Diggs,WR,WAS,00-0031588,22.1,1,False,True,master_name_position,,crosswalk_fields_disagree,Warning,crosswalk_fields_disagree
2025,17,DougDe00,DeMario Douglas,WR,NE,00-0038621,2.0,1,False,False,weekly_stats_name_position_team,,crosswalk_fields_disagree,Info,crosswalk_fields_disagree
2025,17,WillKy01,Kyle Williams,WR,NE,00-0040131,5.0,1,False,False,weekly_stats_name_position_team,,crosswalk_fields_disagree,Info,crosswalk_fields_disagree
2025,17,SlayDa00,Darius Slayton,WR,NYG,00-0035535,5.6,1,False,False,weekly_stats_name_position_team,,crosswalk_fields_disagree,Info,crosswalk_fields_disagree
2025,17,McCaCh00,Christian McCaffrey,RB,SF,00-0033280,28.1,1,False,True,weekly_stats_name_position_team,,crosswalk_fields_disagree,Warning,crosswalk_fields_disagree
2025,17,JuszKy00,Kyle Juszczyk,RB,SF,00-0029892,0.0,0,True,False,weekly_roster_name_position_team,,no_actual_weekly_record;actual_score_created_from_missing_record,Info,gsis_id_not_in_master
2025,17,BeckAn00,Andrew Beck,RB,NYJ,00-0034959,0.0,0,True,False,manual_override,FBG position and team differ from the weekly roster record,no_actual_weekly_record;actual_score_created_from_missing_record,Info,manual_override_applied;gsis_id_not_in_master
2025,17,KineCo00,Corey Kiner,RB,NE,00-0040556,0.2,1,False,False,master_name_position,,crosswalk_fields_disagree,Info,crosswalk_fields_disagree
2025,17,IngoAl00,Alec Ingold,RB,LAC,00-0035125,0.0,0,True,False,manual_override,Top-player gate override because the historical FBG row uses a stale LAC team while the weekly roster identifies Alec Ingold as RB 00-0035125 for MIA,no_actual_weekly_record;actual_score_created_from_missing_record,Info,manual_override_applied;gsis_id_not_in_master
2025,17,PrenAd00,Adam Prentice,RB,DEN,00-0036727,0.0,0,True,False,weekly_roster_name_position_team,,no_actual_weekly_record;actual_score_created_from_missing_record,Info,gsis_id_not_in_master
2025,17,KincDa00,Dalton Kincaid,TE,BUF,00-0038933,0.0,0,True,False,weekly_roster_name_position_team,,no_actual_weekly_record;actual_score_created_from_missing_record,Info,
2025,17,BoweBr00,Brock Bowers,TE,LV,00-0039338,0.0,0,True,False,weekly_roster_name_position_team,,no_actual_weekly_record;actual_score_created_from_missing_record,Info,
2025,17,FarrLu00,Luke Farrell,TE,SF,00-0036887,0.0,0,True,False,weekly_roster_name_position_team,,no_actual_weekly_record;actual_score_created_from_missing_record,Info,
2025,17,HeywCo00,Connor Heyward,TE,LV,00-0037304,0.0,0,True,False,manual_override,Top-player gate override because the historical FBG row uses a stale LV team while the weekly roster identifies Connor Heyward as TE 00-0037304 for PIT,no_actual_weekly_record;actual_score_created_from_missing_record,Info,manual_override_applied;gsis_id_not_in_master
2025,17,BateJo00,John Bates,TE,WAS,00-0036628,0.0,0,True,False,weekly_roster_name_position_team,,no_actual_weekly_record;actual_score_created_from_missing_record,Info,
2025,17,MoreFo00,Foster Moreau,TE,HOU,00-0034981,0.0,0,True,False,master_name_position,,no_actual_weekly_record;actual_score_created_from_missing_record,Info,
2025,17,GrayNo00,Noah Gray,TE,KC,00-0036637,1.2,1,False,False,weekly_stats_name_position_team,,crosswalk_fields_disagree,Info,crosswalk_fields_disagree
2025,17,FantNo00,Noah Fant,TE,NO,00-0035644,0.0,1,False,False,master_name_position,,crosswalk_fields_disagree,Info,crosswalk_fields_disagree
2025,17,ManhCh00,Chris Manhertz,TE,NYG,00-0031484,0.0,0,True,False,weekly_roster_name_position_team,,no_actual_weekly_record;actual_score_created_from_missing_record,Info,
2025,17,AtweTu00,Tutu Atwell,WR,LA,00-0036849,0.0,1,False,False,weekly_stats_name_position_team,,crosswalk_fields_disagree,Info,crosswalk_fields_disagree
2025,17,SkowBe00,Ben Skowronek,WR,PIT,00-0036862,0.0,0,True,False,weekly_roster_name_position_team,,no_actual_weekly_record;actual_score_created_from_missing_record,Info,
2025,17,BechJa00,Jack Bech,WR,LV,00-0040729,0.0,0,True,False,weekly_roster_name_position_team,,no_actual_weekly_record;actual_score_created_from_missing_record,Info,
2025,17,RestXa00,Xavier Restrepo,WR,TEN,00-0040522,0.0,0,True,False,weekly_roster_name_position_team,,no_actual_weekly_record;actual_score_created_from_missing_record,Info,
2025,17,ZaccOl00,Olamide Zaccheaus,WR,ATL,00-0035208,0.0,0,True,False,master_name_position,,no_actual_weekly_record;actual_score_created_from_missing_record,Info,
2025,17,HollMa00,Mack Hollins,WR,NE,00-0033555,0.0,0,True,False,weekly_roster_name_position_team,,crosswalk_fields_disagree;no_actual_weekly_record;actual_score_created_from_missing_record,Info,crosswalk_fields_disagree
2025,17,BrowDy00,Dyami Brown,WR,WAS,00-0036626,0.0,0,True,False,master_name_position,,no_actual_weekly_record;actual_score_created_from_missing_record,Info,
2025,17,WhitCo01,Cody White,WR,LV,00-0035891,0.0,0,True,False,master_name_position,,crosswalk_fields_disagree;no_actual_weekly_record;actual_score_created_from_missing_record,Info,crosswalk_fields_disagree
2025,17,BrooJa02,Jalen Brooks,WR,ARI,00-0038640,0.0,0,True,False,weekly_roster_name_position_team,,no_actual_weekly_record;actual_score_created_from_missing_record,Info,
2025,17,WallTy00,Tylan Wallace,WR,CLE,00-0036630,0.0,0,True,False,master_name_position,,no_actual_weekly_record;actual_score_created_from_missing_record,Info,
2025,17,TinsMi00,Mitch Tinsley,WR,HOU,00-0038839,0.0,0,True,False,master_name_position,,crosswalk_fields_disagree;master_name_conflict;no_actual_weekly_record;actual_score_created_from_missing_record,Info,crosswalk_fields_disagree;master_name_conflict
2025,17,HyatJa00,Jalin Hyatt,WR,NYG,00-0038938,0.0,0,True,False,weekly_roster_name_position_team,,no_actual_weekly_record;actual_score_created_from_missing_record,Info,
2025,17,WestNi00,Nick Westbrook-Ikhine,WR,IND,00-0036182,0.0,0,True,False,master_name_position,,no_actual_weekly_record;actual_score_created_from_missing_record,Info,
2025,17,JohnTe01,Tez Johnson,WR,TB,00-0040237,3.9,1,False,False,weekly_stats_name_position_team,,crosswalk_fields_disagree,Info,crosswalk_fields_disagree
2025,17,OgunDa00,Dare Ogunbowale,RB,LV,00-0033854,0.0,0,True,False,master_name_position,,crosswalk_fields_disagree;no_actual_weekly_record;actual_score_created_from_missing_record,Info,crosswalk_fields_disagree
2025,17,GillRe00,Reggie Gilliam,RB,NE,00-0036187,0.0,1,False,False,master_name_position,,crosswalk_fields_disagree,Info,crosswalk_fields_disagree
2025,17,OkwuAl00,Albert Okwuegbunam Jr.,TE,LV,00-0036423,0.0,0,True,False,weekly_roster_name_position_team,,no_actual_weekly_record;actual_score_created_from_missing_record,Info,
2025,17,ThomIa00,Ian Thomas,TE,LV,00-0034365,0.0,0,True,False,weekly_roster_name_position_team,,no_actual_weekly_record;actual_score_created_from_missing_record,Info,
2025,17,HillJu01,Julian Hill,TE,NE,00-0038720,2.6,1,False,False,master_name_position,,crosswalk_fields_disagree,Info,crosswalk_fields_disagree
2025,17,RunyCa00,Carter Runyon,TE,LV,00-0040488,0.0,0,True,False,weekly_roster_name_position_team,,no_actual_weekly_record;actual_score_created_from_missing_record,Info,
2025,17,RussBr00,Brady Russell,RB,SEA,00-0038488,0.0,0,True,False,weekly_roster_name_position_team,,no_actual_weekly_record;actual_score_created_from_missing_record,Info,
2025,17,DurhPa00,Payne Durham,TE,TB,00-0039050,0.0,0,True,False,weekly_roster_name_position_team,,crosswalk_fields_disagree;no_actual_weekly_record;actual_score_created_from_missing_record,Info,crosswalk_fields_disagree
2025,17,MataMo00,Moliki Matavao,TE,NO,00-0040244,3.0,1,False,False,weekly_stats_name_position_team,,crosswalk_fields_disagree,Info,crosswalk_fields_disagree
2025,17,WelcTr00,Treyton Welch,TE,NO,00-0039518,0.0,0,True,False,weekly_roster_name_position_team,,no_actual_weekly_record;actual_score_created_from_missing_record,Info,
2025,17,YuroBe00,Ben Yurosek,TE,MIN,00-0040509,0.0,0,True,False,weekly_roster_name_position_team,,no_actual_weekly_record;actual_score_created_from_missing_record,Info,
2025,17,WillBr04,Brayden Willis,TE,SF,00-0038643,0.0,1,False,False,weekly_stats_name_position_team,,crosswalk_fields_disagree,Info,crosswalk_fields_disagree
2025,17,WilsRo02,Roman Wilson,WR,PIT,00-0039739,0.0,0,True,False,weekly_roster_name_position_team,,no_actual_weekly_record;actual_score_created_from_missing_record,Info,
2025,17,RemiNi00,Nikko Remigio,WR,KC,00-0038519,0.0,0,True,False,weekly_roster_name_position_team,,crosswalk_fields_disagree;no_actual_weekly_record;actual_score_created_from_missing_record,Info,crosswalk_fields_disagree
2025,17,ChisEf00,Efton Chism III,WR,NE,00-0040563,12.0,1,False,False,weekly_stats_name_position_team,,crosswalk_fields_disagree,Info,crosswalk_fields_disagree
2025,17,BachAl00,Alex Bachman,WR,LA,00-0035602,0.0,1,False,False,master_name_position,,crosswalk_fields_disagree,Info,crosswalk_fields_disagree
2025,17,RoyaJa00,Jalen Royals,WR,KC,00-0040646,0.0,0,True,False,weekly_roster_name_position_team,,crosswalk_fields_disagree;no_actual_weekly_record;actual_score_created_from_missing_record,Info,crosswalk_fields_disagree
2025,17,TramAu00,Austin Trammell,WR,JAX,00-0036841,0.0,0,True,False,weekly_roster_name_position_team,,no_actual_weekly_record;actual_score_created_from_missing_record,Info,
2025,17,WalkDe01,Devontez Walker,WR,BAL,00-0039792,0.0,0,True,False,weekly_roster_name_position_team,,no_actual_weekly_record;actual_score_created_from_missing_record,Info,
2025,17,MeltBo00,Bo Melton,WR,GB,00-0037091,4.4,1,False,False,weekly_stats_name_position_team,,crosswalk_fields_disagree,Info,crosswalk_fields_disagree
2025,17,OwenCo00,Coleman Owen,WR,IND,00-0040352,0.0,0,True,False,weekly_roster_name_position_team,,no_actual_weekly_record;actual_score_created_from_missing_record,Info,
2025,17,MoorSk00,Skyy Moore,WR,GB,00-0038090,1.0,1,False,False,master_name_position,,crosswalk_fields_disagree,Info,crosswalk_fields_disagree
2025,17,WillKe05,Ke'Shawn Williams,WR,CIN,00-0040534,1.5,1,False,False,weekly_stats_name_position_team,,crosswalk_fields_disagree,Info,crosswalk_fields_disagree
